t,C,M,R
0.0,0.8,1.6,0.8
0.025,0.7973450020891496,1.5980448422367226,0.8004430651117397
0.05,0.7947152392446405,1.5960993397291667,0.8008723869057289
0.07500000000000001,0.7921104821663599,1.5941634486286187,0.801288153879146
0.1,0.7895305032727402,1.5922371250605474,0.8016905529393047
0.125,0.7869750766981157,1.5903203251291569,0.8020797694004405
0.15000000000000002,0.7844439782898142,1.5884130049218725,0.8024559869810097
0.17500000000000002,0.7819369856049906,1.5865151205137589,0.8028193878014892
0.2,0.7794538779072092,1.5846266279718695,0.803170152382662
0.225,0.7769944361627796,1.5827474833595305,0.8035084596443772
0.25,0.7745584430368546,1.5808776427405566,0.803834486904771
0.275,0.7721456828892946,1.579017062183398,0.8041484098799346
0.30000000000000004,0.769755941770306,1.5771656977652229,0.8044504026840198
0.325,0.767389007415859,1.57532350557593,0.8047406378297661
0.35000000000000003,0.7650446692428909,1.5734904417220974,0.8050192862294411
0.375,0.7627227183443017,1.5716664623308614,0.8052865171961787
0.4,0.7604229474837467,1.5698515235537318,0.8055424984457069
0.42500000000000004,0.758145151090233,1.5680455815703398,0.8057873960984505
0.45,0.7558891252525253,1.56624859259212,0.8060213746820003
0.47500000000000003,0.7536546677133669,1.5644605128659268,0.806244597133935
0.5,0.7514415778635212,1.5626812986775873,0.8064572248049876
0.525,0.7492496567356395,1.5609109063553865,0.8066594174625431
0.55,0.747078706997961,1.5591492922734904,0.8068513332944587
0.5750000000000001,0.7449285329478493,1.5573964128553046,0.8070331289131956
0.6000000000000001,0.7427989405051726,1.555652224576768,0.8072049593602519
0.625,0.7406897372055303,1.5539166839695857,0.8073669781108876
0.65,0.7386007321933342,1.552189747624396,0.8075193370791307
0.675,0.7365317362147467,1.5504713721938783,0.8076621866230558
0.7000000000000001,0.7344825616104826,1.5487615143957971,0.8077956755503254
0.7250000000000001,0.7324530223084795,1.5470601310159853,0.8079199511239851
0.75,0.7304429338164404,1.5453671789112664,0.8080351590685027
0.775,0.7284521132142546,1.5436826150123175,0.8081414435760435
0.8,0.7264803791463014,1.542006396326471,0.8082389473129726
0.8250000000000001,0.7245275518136401,1.5403384799404576,0.8083278114265755
0.8500000000000001,0.722593452966093,1.5386788230230912,0.808408175551989
0.875,0.7206779058942233,1.5370273828278949,0.8084801778193341
0.9,0.7187807354212146,1.5353841166956697,0.8085439548610437
0.925,0.7169017678946547,1.533748982057006,0.8085996418193753
0.9500000000000001,0.7150408311782288,1.5321219364347394,0.8086473723541036
0.9750000000000001,0.7131977546433266,1.5305029374463492,0.8086872786503835
1.0,0.7113723691605652,1.5288919428063033,0.8087194914267779
1.0250000000000001,0.7095645070912354,1.5272889103283467,0.808744139943441
1.05,0.7077740022786717,1.5256937979277383,0.8087613520104524
1.075,0.7060006900395525,1.5241065636234312,0.8087712539962939
1.1,0.7042444071551324,1.522527165540203,0.8087739708364625
1.125,0.7025049918624121,1.520955561910732,0.808769626042213
1.1500000000000001,0.700782283845248,1.5193917110776225,0.8087583417094247
1.175,0.6990761242254052,1.5178355714953795,0.8087402385275845
1.2000000000000002,0.6973863555535587,1.5162871017323318,0.8087154357888814
1.225,0.6957128218002443,1.5147462604725066,0.8086840513974067
1.25,0.6940553683467644,1.5132130065174547,0.8086462018784535
1.2750000000000001,0.6924138419760503,1.5116872987880268,0.808602002387909
1.3,0.690788090863485,1.5101690963261016,0.8085515667217369
1.3250000000000002,0.6891779645676902,1.5086583582962685,0.8084950073255414
1.35,0.6875833140212785,1.5071550439874615,0.8084324353042094
1.375,0.6860039915215765,1.5056591128145478,0.8083639604316258
1.4000000000000001,0.6844398507213196,1.5041705243198724,0.8082896911604559
1.425,0.6828907466193219,1.502689238174756,0.8082097346319908
1.4500000000000002,0.6813565355511244,1.5012152141809503,0.8081241966860512
1.475,0.6798370751796239,1.4997484122720481,0.8080331818709452
1.5,0.6783322244856846,1.4982887925148538,0.8079367934534741
1.5250000000000001,0.6768418437587368,1.4968363151107074,0.8078351334289844
1.55,0.6753657945873625,1.49539094039677,0.8077283025314592
1.5750000000000002,0.6739039398498726,1.493952628847268,0.8076164002436471
1.6,0.6724561437048776,1.4925213410746954,0.8074995248072231
1.625,0.6710222715818529,1.4910970378309774,0.807377773232978
1.6500000000000001,0.6696021901717023,1.4896796800085952,0.8072512413110333
1.675,0.6681957674173217,1.4882692286416712,0.8071200236210769
1.7000000000000002,0.6668028725041641,1.4868656449070172,0.8069842135426164
1.725,0.6654233758508097,1.4854688901251447,0.8068439032652469
1.75,0.6640571490995412,1.4840789257612386,0.8066991837989295
1.7750000000000001,0.6627040651069276,1.482695713426095,0.8065501449842777
1.8,0.6613639979344185,1.4813192148770227,0.806396875502848
1.8250000000000002,0.6600368228389493,1.4799493920187108,0.8062394628874321
1.85,0.6587224162635609,1.4785862069040605,0.8060779935323475
1.875,0.6574206558280341,1.4772296217349847,0.8059125527037241
1.9000000000000001,0.6561314203195421,1.475879598863173,0.8057432245497825
1.925,0.6548545896833203,1.474536100790824,0.8055700921111044
1.9500000000000002,0.6535900450133579,1.4731990901713468,0.8053932373308884
1.975,0.6523376685431105,1.4718685298100291,0.8052127410651926
2.0,0.651097343636236,1.470544382664676,0.8050286830931587
2.025,0.649868954777356,1.4692266118462167,0.8048411421272169
2.0500000000000003,0.6486523875628429,1.4679151806192825,0.8046501958232688
2.075,0.6474475286916348,1.4666100524027545,0.8044559207908454
2.1,0.6462542659560789,1.465311190770283,0.8042583926032396
2.125,0.6450724882328057,1.4640185594507777,0.8040576858076104
2.15,0.6439020854736339,1.462732122328872,0.8038538739350557
2.1750000000000003,0.6427429486965084,1.461451843445357,0.8036470295106539
2.2,0.6415949699764717,1.4601776869975909,0.8034372240634712
2.225,0.6404580424366703,1.4589096173398817,0.8032245281365324
2.25,0.6393320602393965,1.457647598983843,0.8030090112967554
2.275,0.6382169185771678,1.4563915965987262,0.8027907421448452
2.3000000000000003,0.6371125136638435,1.4551415750117258,0.8025697883251485
2.325,0.6360187427257805,1.4538974992082623,0.8023462165354645
2.35,0.6349355039930287,1.4526593343322396,0.8021200925368135
2.375,0.6338626966905668,1.45142704568628,0.8018914811631598
2.4000000000000004,0.6328002210295799,1.450200598731935,0.8016604463310879
2.4250000000000003,0.6317479781987789,1.4489799590898766,0.8014270510494315
2.45,0.6307058703557634,1.4477650925400616,0.8011913574288534
2.475,0.6296738006184277,1.4465559650218784,0.8009534266913757
2.5,0.6286516730564117,1.445352542634272,0.8007133191798579
2.5250000000000004,0.6276393926825968,1.4441547916358455,0.8004710943674239
2.5500000000000003,0.6266368654446477,1.4429626784449452,0.800226810866835
2.575,0.6256439982166,1.4417761696397229,0.799980526439809
2.6,0.6246606987904952,1.4405952319581798,0.7997322980062841
2.625,0.6236868758680636,1.4394198322981917,0.7994821816536266
2.6500000000000004,0.6227224390524538,1.4382499377175142,0.7992302326457823
2.6750000000000003,0.6217672988400127,1.4370855154337714,0.7989765054323698
2.7,0.6208213666121126,1.435926532824425,0.7987210536577153
2.725,0.6198845546270293,1.434772957426728,0.7984639301698291
2.75,0.6189567760118685,1.433624756937659,0.7982051870293216
2.7750000000000004,0.618037944754544,1.4324818992138408,0.7979448755182595
2.8000000000000003,0.6171279756958056,1.431344352271444,0.7976830461489607
2.825,0.616226784521318,1.4302120842860717,0.7974197486727278
2.85,0.6153342877537914,1.4290850635926315,0.7971550320885201
2.875,0.6144504027451635,1.4279632586851907,0.7968889446515623
2.9000000000000004,0.6135750476688331,1.4268466382168166,0.7966215338818912
2.9250000000000003,0.6127081415119462,1.4257351709994028,0.796352846572838
2.95,0.6118496040677346,1.4246288260034812,0.7960829287994484
2.975,0.6109993559279064,1.4235275723580194,0.7958118259268372
3.0,0.6101573184750905,1.4224313793502057,0.7955395826184793
3.0250000000000004,0.6093234138753324,1.4213402164252202,0.7952662428444363
3.0500000000000003,0.6084975650706447,1.420254053185993,0.7949918498895173
3.075,0.6076796957716101,1.4191728593929498,0.7947164463613757
3.1,0.6068697304500378,1.4180966049637453,0.7944400741985398
3.125,0.6060675943316738,1.4170252599729856,0.7941627746783781
3.1500000000000004,0.6052732133889642,1.4159587946519363,0.7938845884249994
3.1750000000000003,0.6044865143338731,1.414897179388223,0.7936055554170863
3.2,0.6037074246107529,1.4138403847255168,0.7933257149956636
3.225,0.6029358723892697,1.4127883813632123,0.7930451058718003
3.25,0.602171786557382,1.4117411401560926,0.7927637661342456
3.2750000000000004,0.6014150967143728,1.410698632113986,0.7924817332569989
3.3000000000000003,0.600665733163936,1.4096608284014114,0.7921990441068136
3.325,0.599923626907317,1.4086277003372143,0.791915734950635
3.35,0.5991887096365062,1.4075992193941942,0.7916318414629722
3.375,0.5984609137274864,1.4065753571987216,0.791347398733203
3.4000000000000004,0.5977401722335351,1.4055560855303473,0.7910624412728148
3.4250000000000003,0.5970264188785785,1.4045413763214014,0.7907770030225773
3.45,0.5963195880506008,1.4035312016565857,0.7904911173596513
3.475,0.5956196147951058,1.402525533772557,0.7902048171046305
3.5,0.5949264348086329,1.4015243450575023,0.7899181345285187
3.5250000000000004,0.5942399844323255,1.4005276080507065,0.7896311013596405
3.5500000000000003,0.5935602006455527,1.3995352954421127,0.7893437487904883
3.575,0.5928870210595847,1.3985473800718757,0.7890561074845022
3.6,0.5922203839113204,1.3975638349299073,0.7887682075827864
3.625,0.5915602280570682,1.396584633155416,0.7884800787107611
3.6500000000000004,0.5909064929663791,1.3956097480364384,0.7881917499847481
3.6750000000000003,0.5902591187159324,1.3946391530093671,0.787903250018494
3.7,0.5896180459834736,1.3936728216584693,0.7876146069296288
3.725,0.5889832160418045,1.3927107277154012,0.7873258483460597
3.75,0.5883545707528253,1.391752845058716,0.7870370014123025
3.7750000000000004,0.5877320525616281,1.3907991477133668,0.7867480927957493
3.8000000000000003,0.5871156044906423,1.3898496098502031,0.7864591486928731
3.825,0.5865051701338307,1.3889042057854635,0.7861701948353697
3.85,0.585900693650938,1.3879629099802622,0.7858812564962367
3.875,0.5853021197617884,1.3870256970400705,0.7855923584957916
3.9000000000000004,0.5847093937406351,1.3860925417141954,0.7853035252076261
3.9250000000000003,0.5841224614105605,1.3851634188952509,0.785014780564501
3.95,0.5835412691379248,1.3842383036186277,0.7847261480641782
3.975,0.582965763826867,1.3833171710619567,0.7844376507751925
4.0,0.5823958929138536,1.38239999654457,0.784149311342563
4.025,0.5818316043622779,1.3814867555269563,0.7838611519934444
4.05,0.5812728466571078,1.3805774236102148,0.7835731945427173
4.075,0.5807195687995831,1.3796719765355034,0.7832854603985209
4.1000000000000005,0.5801717203019612,1.378770390183485,0.7829979705677247
4.125,0.5796292511823112,1.3778726405737698,0.7827107456613428
4.15,0.5790921119593563,1.376978703864355,0.7824238058998894
4.175,0.5785602536473637,1.3760885563510614,0.7821371711186755
4.2,0.5780336277510827,1.3752021744669662,0.7818508607730497
4.2250000000000005,0.5775121862607292,1.3743195347818347,0.7815648939435796
4.25,0.5769958816470183,1.3734406140015485,0.7812792893411786
4.275,0.5764846668562427,1.3725653889675318,0.7809940653121741
4.3,0.5759784953053979,1.3716938366561742,0.7807092398433213
4.325,0.5754773208773538,1.3708259341782534,0.7804248305667605
4.3500000000000005,0.5749810979160717,1.3699616587783536,0.7801408547649193
4.375,0.5744897812218669,1.3691009878342837,0.7798573293753601
4.4,0.5740033260467169,1.3682438988564924,0.7795742709955729
4.425,0.5735216880896143,1.3673903694874834,0.7792916958877142
4.45,0.5730448234919644,1.366540377501226,0.7790096199832925
4.4750000000000005,0.5725726888330268,1.3656939008025677,0.7787280588878002
4.5,0.5721052411254017,1.364850917426643,0.7784470278852927
4.525,0.5716424378105596,1.364011405538282,0.7781665419429159
4.55,0.5711842367544139,1.363175343431417,0.7778866157153804
4.575,0.5707305962429375,1.3623427095284897,0.7776072635493856
4.6000000000000005,0.5702814749778219,1.361513482379855,0.7773284994879915
4.625,0.569836832072178,1.3606876406631858,0.7770503372749409
4.65,0.5693966270462801,1.359865163182877,0.77677279035893
4.675,0.5689608198233518,1.359046028869448,0.7764958718978308
4.7,0.5685293707253921,1.3582302167789442,0.7762195947628623
4.7250000000000005,0.5681022404690443,1.3574177060923396,0.7759439715427146
4.75,0.5676793901615048,1.3566084761149377,0.7756690145476223
4.775,0.5672607812964731,1.3558025062757726,0.7753947358133919
4.800000000000001,0.5668463757501412,1.3549997761270094,0.77512114710538
4.825,0.5664361357772244,1.3542002653433451,0.7748482599224248
4.8500000000000005,0.5660300240070302,1.3534039537214089,0.7745760855007301
4.875,0.5656280034395674,1.352610821179162,0.7743046348177042
4.9,0.5652300374416943,1.3518208477552995,0.7740339185957513
4.925000000000001,0.5648360897433049,1.3510340136086492,0.7737639473060182
4.95,0.5644461244335542,1.3502502990175735,0.7734947311720952
4.9750000000000005,0.5640601059571212,1.3494696843793705,0.7732262801736729
5.0,0.5636779991105095,1.3486921502096747,0.772958604050154
5.025,0.5603569712949545,1.3500288065343309,0.7721090711040601
5.05,0.5570725132406622,1.3513632239491895,0.7712546248518736
5.075,0.5538241513119306,1.3526954506670588,0.7703954777945157
5.1,0.5506114182095598,1.3540255339317009,0.7695318384454666
5.125,0.54743385289741,1.3553535200327358,0.7686639113811224
5.15,0.5442910005292637,1.3566794543203884,0.7677918972910609
5.175,0.541182412376014,1.358003381220079,0.7669159930281928
5.2,0.5381076457531998,1.3593253442468551,0.7660363916587786
5.225,0.5350662639489089,1.3606453860196663,0.7651532825122878
5.25,0.532057836152069,1.3619635482754784,0.7642668512310833
5.275,0.5290819373811432,1.3632798718832304,0.7633772798199111
5.3,0.5261381484132481,1.3645943968576326,0.7624847466951773
5.325,0.5232260557137117,1.365907162372804,0.7615894267339963
5.35,0.5203452513660839,1.3672182067757526,0.7606914913229943
5.375,0.5174953330026166,1.3685275675996953,0.7597911084068513
5.4,0.5146759037352261,1.3698352815772208,0.7588884425365696
5.425,0.5118865720869488,1.371141384653292,0.7579836549174538
5.45,0.509126951923905,1.3724459119980925,0.7570769034567887
5.475,0.5063966623877793,1.3737488980197134,0.7561683428112056
5.5,0.5036953278288293,1.3750503763766846,0.7552581244337225
5.525,0.501022577739432,1.3763503799903485,0.7543463966204503
5.55,0.49837804668817604,1.377648941057078,0.7534333045569525
5.575,0.4957613742545087,1.378946091060339,0.7525189903642506
5.6,0.49317220496394554,1.3802418607825984,0.7516035931444663
5.625,0.4906101882238479,1.3815362803170772,0.7506872490260911
5.65,0.4880749782597768,1.3828293790793527,0.7497700912088766
5.675,0.4855662340524272,1.3841211858188052,0.7488522500083388
5.7,0.4830836192751486,1.3854117286299166,0.7479338528998682
5.725,0.4806268022320564,1.386701034963416,0.7470150245624421
5.75,0.47819545579673833,1.3879891316372766,0.7460958869219299
5.775,0.4757892573515593,1.389276044847565,0.7451765591939907
5.8,0.4734078887275677,1.390561800179141,0.7442571579265552
5.825,0.47105103614500665,1.391846422616214,0.7433377970418883
5.85,0.46871839015443106,1.3931299365527496,0.7424185878782302
5.875,0.46640964557843395,1.3944123658027372,0.7414996392310107
5.9,0.464124501453982,1.39569373361031,0.7405810573936344
5.925,0.4618626609753624,1.3969740626597262,0.7396629461978349
5.95,0.4596238314377414,1.398253375085208,0.7387454070535938
5.975,0.45740772418133446,1.399531692480641,0.737828538988625
6.0,0.4552140545361888,1.4008090359091359,0.7369124386874205
6.025,0.45304254176757736,1.4020854259124536,0.7359972005298576
6.05,0.4508929090220038,1.4033608825202932,0.7350829166293664
6.075,0.44876488327381786,1.4046354252594464,0.7341696768706562
6.1,0.4466581952724395,1.4059090731628188,0.7332575689470007
6.125,0.4445725794901907,1.4071818447783184,0.732346678397083
6.15,0.44250777407073294,1.4084537581776155,0.7314370886413977
6.175,0.4404635207781087,1.4097248309647705,0.7305288810182129
6.2,0.43843956494638464,1.4109950802847357,0.7296221348190922
6.225,0.4364356554298942,1.4122645228317308,0.728716927323976
6.25,0.4344515445540771,1.4135331748574913,0.7278133338358241
6.275,0.4324869880669124,1.4148010521793948,0.7269114277148221
6.3,0.4305417450909434,1.4160681701884636,0.726011280412149
6.325,0.4286155780758898,1.4173345438572467,0.7251129615033125
6.35,0.42670825275184493,1.4186001877475816,0.7242165387210493
6.375,0.4248195380830541,1.4198651160182374,0.723322077987795
6.4,0.42294920622227067,1.421129342432442,0.7224296434477246
6.425,0.42109703246568575,1.4223928803652917,0.7215392974983654
6.45,0.41926279520842863,1.4236557428110475,0.7206511008217852
6.475,0.41744627590063266,1.424917942390318,0.7197651124153579
6.5,0.41564725900406363,1.4261794913571308,0.718881389622109
6.525,0.41386553194930575,1.4274404016058935,0.7179999881606439
6.55,0.41210088509350146,1.4287006846782448,0.7171209621546609
6.575,0.41035311167864025,1.4299603517697999,0.7162443641620532
6.6,0.4086220077903925,1.4312194137367864,0.7153702452036009
6.625,0.4069073723174833,1.432477881102579,0.7144986547912583
6.65,0.4052090069116021,1.4337357640641266,0.7136296409560369
6.675,0.4035267159478432,1.4349930724982811,0.7127632502754901
6.7,0.4018603064856725,1.4362498159680213,0.7118995279008009
6.725,0.40020958823041614,1.4375060037285787,0.7110385175834761
6.75,0.39857437349526487,1.4387616447334661,0.7101802617016516
6.775,0.3969544771637912,1.4400167476404064,0.7093248012860105
6.8,0.39534971665297247,1.4412713208171675,0.7084721760453193
6.825,0.39375991187671666,1.4425253723473017,0.7076224243915841
6.85,0.3921848852098845,1.4437789100357923,0.7067755834648312
6.875,0.3906244614528035,1.4450319414146073,0.705931689157516
6.9,0.3890784677962694,1.4462844737481628,0.7050907761385634
6.925,0.38754673378702875,1.4475365140386969,0.7042528778770425
6.95,0.3860290912937386,1.4487880690315547,0.7034180266654816
6.975,0.38452537447339785,1.4500391452203865,0.7025862536428251
7.0,0.38303541973824506,1.4512897488522596,0.701757588817037
7.025,0.38155906572311776,1.4525398859326866,0.7009320610873543
7.050000000000001,0.3800961532532683,1.4537895622305677,0.7001096982661953
7.075,0.37864652531263066,1.4550387832830534,0.6992905271007248
7.1,0.3772100270125339,1.456287554400324,0.6984745732940815
7.125,0.3757865055608564,1.4575358806702892,0.6976618615262702
7.15,0.37437581023161604,1.45878376696321,0.6968524154747242
7.175000000000001,0.37297779233499173,1.4600312179362414,0.6960462578345403
7.2,0.37159230518777053,1.4612782380378988,0.6952434103383908
7.225,0.37021920408421577,1.4625248315124495,0.6944438937761159
7.25,0.3688583462673508,1.4637710024042287,0.693647728014002
7.275,0.36750959090065394,1.4650167545618826,0.6928549320137465
7.300000000000001,0.366172799040159,1.4662620916425393,0.6920655238511166
7.325,0.3648478336069566,1.4675070171159081,0.6912795207343037
7.35,0.3635345593600918,1.4687515342683088,0.6904969390219763
7.375,0.3622328428698525,1.469995646206632,0.6897177942410389
7.4,0.3609425524914439,1.4712393558622299,0.6889421011040963
7.425000000000001,0.35966355833904445,1.4724826659947428,0.68816987352663
7.45,0.3583957322602382,1.4737255791958563,0.6874011246438894
7.475,0.3571389478108188,1.4749680978929958,0.6866358668275011
7.5,0.3558930802299604,1.4762102243529551,0.6858741117018016
7.525,0.3546580064157507,1.4774519606854633,0.6851158701598943
7.550000000000001,0.3534336049010814,1.478693308846688,0.6843611523794381
7.575,0.35221975582989157,1.4799342706426788,0.6836099678381674
7.6,0.35101634093375916,1.481174847732749,0.6828623253291506
7.625,0.349823243508836,1.4824150416327992,0.6821182329757878
7.65,0.34864034839312197,1.4836548537185812,0.6813776982465531
7.675000000000001,0.3474675419440736,1.484894285228905,0.6806407279694848
7.7,0.3463047120165426,1.4861333372687893,0.6799073283464258
7.725,0.34515174794104025,1.4873720108125548,0.6791775049670189
7.75,0.3440085405023227,1.488610306706865,0.6784512628224609
7.775,0.3428749819182933,1.4898482256737104,0.6777286063190169
7.800000000000001,0.3417509658192173,1.491085768313341,0.6770095392912998
7.825,0.34063638722724504,1.4923229351071452,0.6762940650153187
7.85,0.3395311425362388,1.4935597264204787,0.6755821862212976
7.875,0.33843512949189974,1.494796142505441,0.67487390510627
7.9,0.3373482471721904,1.4960321835036026,0.6741692233464509
7.925000000000001,0.3362703959680488,1.497267849448683,0.6734681421093905
7.95,0.33520147756438984,1.498503140269181,0.6727706620659123
7.975,0.3341413949213904,1.4997380557909556,0.6720767834018387
8.0,0.3330900522560539,1.5009725957397613,0.6713865058295082
8.025,0.33204735502405025,1.5022067597437372,0.6706998285990856
8.05,0.3310132099018275,1.5034405473358505,0.6700167505096699
8.075,0.3299875247689912,1.504673957956295,0.6693372699202021
8.1,0.3289702086909481,1.5059069909548464,0.6686613847601764
8.125,0.32796117190180973,1.507139645593173,0.667989092540157
8.15,0.3269603257875523,1.5083719210471056,0.6673203903621043
8.175,0.32596758286942995,1.509603816408865,0.666655274929513
8.2,0.3249828567876367,1.5108353306892466,0.6659937425573653
8.225,0.3240060622852143,1.5120664628197673,0.6653357891819011
8.25,0.3230371151922017,1.5132972116547703,0.6646814103702094
8.275,0.3220759324100236,1.5145275759734915,0.6640306013296433
8.3,0.32112243189611345,1.515757554482088,0.6633833569170596
8.325,0.3201765326487686,1.5169871458156274,0.6627396716478888
8.35,0.3192381546922332,1.5182163485400408,0.6620995397050358
8.375,0.31830721906200626,1.5194451611540383,0.6614629549476144
8.4,0.31738364779037137,1.5206735820909891,0.6608299109195196
8.425,0.3164673638921446,1.5219016097207658,0.6602004008578377
8.45,0.31555829135063745,1.5231292423515534,0.6595744177011
8.475,0.314656355103832,1.5243564782316252,0.6589519540973795
8.5,0.31376148103076457,1.525583315551083,0.658333002412235
8.525,0.3128735959381153,1.5268097524435658,0.6577175547365046
8.55,0.3119926275470003,1.5280357869879255,0.6571056028939509
8.575,0.31111850447996336,1.5292614172098693,0.6564971384487603
8.6,0.31025115624816446,1.5304866410835722,0.6558921527128991
8.625,0.309390513238762,1.5317114565332575,0.6552906367533278
8.65,0.30853650670248556,1.5329358614347466,0.6546925813990772
8.675,0.3076890687413971,1.5341598536169796,0.6540979772481877
8.7,0.306848132296837,1.5353834308635055,0.6535068146745144
8.725,0.3060136311375523,1.536606590913944,0.6529190838343993
8.75,0.30518549984800514,1.5378293314654186,0.6523347746732148
8.775,0.30436367381685736,1.5390516501739617,0.651753876931778
8.8,0.30354808922563004,1.540273544655892,0.6511763801526409
8.825,0.3027386830375341,1.5414950124891642,0.6506022736862553
8.85,0.3019353929864702,1.5427160512146938,0.6500315466970175
8.875,0.30113815756619505,1.5439366583376535,0.6494641881691923
8.9,0.3003469160196515,1.545156831328746,0.6489001869127208
8.925,0.2995616083284603,1.5463765676254497,0.6483395315689116
8.95,0.2987821752025705,1.5475958646332406,0.6477822106160184
8.975,0.2980085580700667,1.548814719726789,0.647228212374707
9.0,0.2972406990671303,1.5500331302511328,0.6466775250134109
9.025,0.29803328918572897,1.5501355057823785,0.6466150875156482
9.05,0.29882006627197694,1.5502355700584118,0.6465557970950482
9.075,0.2996010838498041,1.5503333337636054,0.6464996041125517
9.1,0.3003763948775276,1.5504288075589987,0.6464464596235068
9.125,0.30114605175500314,1.5505220020820054,0.6463963153677742
9.15,0.30191010633066573,1.5506129279461245,0.6463491237599874
9.175,0.30266860990846184,1.5507015957406598,0.6463048378799651
9.2,0.3034216132546756,1.5507880160304435,0.6462634114632724
9.225,0.30416916660465,1.5508721993555665,0.6462247988919289
9.25,0.304911319669406,1.5509541562311138,0.6461889551852604
9.275,0.3056481216421608,1.5510338971469055,0.6461558359908927
9.3,0.3063796212047474,1.5511114325672446,0.6461253975758832
9.325,0.30710586653393684,1.551186772930668,0.6460975968179902
9.35,0.30782690530766593,1.5512599286497055,0.6460723911970756
9.375,0.30854278471117047,1.5513309101106412,0.6460497387866397
9.4,0.30925355144302763,1.551399727673283,0.6460295982454852
9.425,0.30995925172110733,1.5514663916707359,0.6460119288095089
9.45,0.3106599312884356,1.55153091240918,0.6459966902836175
9.475,0.31135563541897093,1.5515933001676554,0.6459838430337679
9.5,0.3120464089232949,1.5516535651978496,0.6459733479791264
9.525,0.31273229615421905,1.5517117177238915,0.645965166584348
9.55,0.3134133410123096,1.5517677679421504,0.6459592608519716
9.575,0.31408958695133105,1.5518217260210387,0.6459555933149305
9.6,0.31476107698360994,1.5518736021008206,0.6459541270291742
9.625,0.31542785368532117,1.5519234062934242,0.6459548255664032
9.65,0.31608995920169686,1.5519711486822594,0.6459576530069105
9.675,0.3167474352521604,1.5520168393220397,0.6459625739325322
9.7,0.3174003231353862,1.5520604882386089,0.645969553419701
9.725,0.3180486637342862,1.5521021054287714,0.6459785570326054
9.75,0.3186924975209257,1.5521417008601284,0.6459895508164498
9.775,0.3193318645613683,1.5521792844709168,0.646002501290814
9.8,0.3199668045204518,1.5522148661698538,0.6460173754431122
9.825,0.3205973566664963,1.5522484558359848,0.6460341407221477
9.85,0.32122355987594575,1.5522800633185356,0.6460527650317636
9.875,0.32184545263794345,1.5523096984367692,0.6460732167245864
9.9,0.32246307305884353,1.5523373709798463,0.646095464595862
9.925,0.32307645886665876,1.5523630907066892,0.6461194778773818
9.95,0.32368564741544625,1.5523868673458514,0.6461452262314981
9.975,0.3242906756896317,1.5524087105953892,0.646172679745227
10.0,0.3248915803082736,1.5524286301227381,0.646201808924437
10.025,0.325488397529268,1.552446635564593,0.6462325846881231
10.05,0.32608116325349557,1.5524627365267916,0.6462649783627626
10.075,0.3266699130289106,1.5524769425842027,0.6462989616767554
10.1,0.3272546820545744,1.5524892632806164,0.6463345067549418
10.125,0.3278355051846332,1.5524997081286396,0.6463715861132022
10.15,0.3284124169322414,1.5525082866095936,0.6464101726531337
10.175,0.32898545147343117,1.5525150081734165,0.6464502396568031
10.2,0.3295546426509301,1.552519882238568,0.6464917607815764
10.225,0.33012002397792617,1.5525229181919384,0.6465347100550216
10.25,0.3306816286417823,1.5525241253887603,0.6465790618698855
10.275,0.33123948950770066,1.552523513152524,0.6466247909791417
10.3,0.3317936391223376,1.552521090774896,0.6466718724911101
10.325,0.3323441097173703,1.5525168675156418,0.6467202818646455
10.35,0.33289093321301527,1.5525108526025486,0.6467699949043948
10.375,0.3334341412215005,1.552503055231356,0.6468209877561224
10.4,0.3339737650504909,1.5524934845656853,0.6468732369021011
10.425,0.3345098357064686,1.552482149736975,0.6469267191565685
10.45,0.33504238389806823,1.5524690598444173,0.6469814116612487
10.475,0.33557144003936856,1.5524542239548988,0.6470372918809358
10.5,0.3360970342531406,1.5524376511029432,0.6470943375991413
10.525,0.336619196374053,1.5524193502906576,0.6471525269138012
10.55,0.3371379559518359,1.5523993304876815,0.6472118382330454
10.575,0.3376533422544027,1.552377600631138,0.6472722502710248
10.6,0.3381653842709323,1.5523541696255885,0.6473337420437979
10.625,0.3386741107149103,1.55232904634299,0.6473962928652751
10.65,0.33917955002713157,1.5523022396226545,0.6474598823432192
10.675,0.3396817303786634,1.5522737582712118,0.6475244903753018
10.7,0.340180679673771,1.5522436110625744,0.6475900971452154
10.725,0.3406764255528055,1.5522118067379052,0.647656683118839
10.75,0.3411689953950542,1.5521783540055873,0.6477242290404568
10.775,0.3416584163215554,1.5521432615411974,0.6477927159290306
10.8,0.34214471519787676,1.55210653798748,0.6478621250745226
10.825,0.3426279186368584,1.5520681919543258,0.6479324380342695
10.85,0.3431080530013212,1.5520282320187502,0.6480036366294073
10.875,0.34358514440674137,1.5519866667248772,0.6480757029413448
10.9,0.3440592187238906,1.5519435045839227,0.648148619308286
10.925,0.3445303015814433,1.5518987540741822,0.6482223683218008
10.95,0.34499841836855133,1.5518524236410194,0.6482969328234417
10.975,0.34546359423738604,1.551804521696857,0.6483722959014083
11.0,0.34592585410564913,1.551755056621171,0.6484484408872572
11.025,0.34638522265905186,1.5517040367604862,0.6485253513526559
11.05,0.3468417243537636,1.551651470428373,0.648603011106183
11.075,0.34729538341883004,1.5515973659054483,0.6486814041901706
11.1,0.34774622385856163,1.5515417314393765,0.6487605148775905
11.125,0.34819426945489235,1.5514845752448738,0.6488403276689821
11.15,0.34863954376970957,1.551425905503714,0.6489208272894239
11.175,0.3490820701471556,1.551365730364736,0.6490019986855438
11.2,0.3495218717159006,1.551304057943853,0.6490838270225717
11.225,0.3499589713913882,1.5512408963240658,0.6491662976814319
11.25,0.3503933918780535,1.5511762535554743,0.6492493962558736
11.275,0.3508251556715142,1.5511101376552938,0.6493331085496423
11.3,0.3512542850607352,1.5510425566078716,0.6494174205736876
11.325,0.35168080213016717,1.5509735183647064,0.6495023185434097
11.35,0.352104728761859,1.5509030308444685,0.6495877888759428
11.375,0.35252608663754526,1.5508311019330219,0.6496738181874749
11.4,0.35294489724070816,1.5507577394834486,0.6497603932906042
11.425,0.35336118185861526,1.5506829513160747,0.6498475011917301
11.45,0.3537749615843325,1.5506067452184964,0.6499351290884802
11.475,0.35418625731871356,1.5505291289456102,0.6500232643671714
11.5,0.3545950897723651,1.5504501102196429,0.6501118946003049
11.525,0.35500147946758914,1.550369696730183,0.650201007544095
11.55,0.35540544674030244,1.5502878961342152,0.6502905911360306
11.575,0.3558070117419328,1.5502047160561552,0.6503806334924694
11.6,0.3562061944412934,1.5501201640878857,0.6504711229062646
11.625,0.3566030146264352,1.5500342477887952,0.6505620478444226
11.65,0.356997491906477,1.549946974685817,0.6506533969457924
11.675,0.3573896457134149,1.5498583522734697,0.650745159018785
11.7,0.3577794953039101,1.5497683880138997,0.6508373230391246
11.725,0.358167059761056,1.5496770893369252,0.6509298781476275
11.75,0.3585523579961248,1.5495844636400802,0.6510228136480125
11.775,0.3589354087502937,1.5494905182886614,0.6511161190047393
11.8,0.3593162305963517,1.549395260615775,0.6512097838408754
11.825,0.3596948419403857,1.5492986979223866,0.6513037979359915
11.85,0.360071261023448,1.5492008374773696,0.6513981512240851
11.875,0.3604455059232044,1.5491016865175575,0.6514928337915306
11.9,0.3608175945555632,1.5490012522477963,0.6515878358750574
11.925,0.36118754467628583,1.548899541840997,0.651683147859754
11.95,0.3615553738825788,1.5487965624381919,0.6517787602770985
11.975,0.3619210996146678,1.5486923211485888,0.6518746638030151
12.0,0.36228473915735365,1.548586825049629,0.6519708492559565
12.025,0.36264630964155087,1.5484800811870454,0.6520673075950107
12.05,0.3630058280458084,1.5483720965749208,0.6521640299180335
12.075,0.36336331119781345,1.5482628781957488,0.6522610074598044
12.1,0.36371877577587847,1.5481524330004945,0.6523582315902083
12.125,0.364072238310411,1.548040767908657,0.6524556938124394
12.15,0.36442371518536737,1.5479278898083324,0.6525533857612292
12.175,0.36477322263968986,1.547813805556278,0.6526512992010982
12.2,0.36512077676872795,1.5476985219779777,0.6527494260246295
12.225,0.36546639352564353,1.5475820458677074,0.6528477582507657
12.25,0.36581008872280074,1.5474643839886022,0.6529462880231276
12.275,0.3661518780331399,1.5473455430727248,0.6530450076083548
12.3,0.3664917769915367,1.547225529821133,0.6531439093944684
12.325,0.36682980099614576,1.5471043509039508,0.6532429858892542
12.35,0.36716596530973,1.5469820129604375,0.653342229718668
12.375,0.36750028506097476,1.5468585225990594,0.6534416336252602
12.4,0.3678327752457877,1.5467338863975622,0.6535411904666225
12.425,0.3681634507285845,1.5466081109030432,0.6536408932138535
12.45,0.3684923262435601,1.5464812026320254,0.653740734950045
12.475,0.36881941639594656,1.5463531680705318,0.6538407088687872
12.5,0.3691447356632566,1.54622401367416,0.6539408082726937
12.525,0.369468298396514,1.546093745868159,0.6540410265719462
12.55,0.3697901188214703,1.5459623710475043,0.6541413572828565
12.575,0.3701102110398084,1.5458298955769765,0.6542417940264488
12.6,0.3704285890303333,1.5456963257912386,0.654342330527059
12.625,0.37074526665014956,1.5455616679949145,0.6544429606109531
12.65,0.3710602576358263,1.5454259284626681,0.6545436782049624
12.675,0.37137357560454937,1.5452891134392837,0.6546444773351374
12.7,0.37168523405526166,1.5451512291397458,0.6547453521254185
12.725,0.37199524636979037,1.5450122817493206,0.6548462967963237
12.75,0.37230362581396276,1.5448722774236372,0.6549473056636533
12.775,0.37261038553870984,1.5447312222887704,0.6550483731372122
12.8,0.37291553858115806,1.5445891224413226,0.6551494937195469
12.825,0.37321909786570945,1.5444459839485083,0.6552506620047001
12.85,0.3735210762051103,1.5443018128482366,0.655351872676981
12.875,0.3738214863015085,1.5441566151491968,0.6554531205097515
12.9,0.37412034074749945,1.544010396830942,0.6555544003642271
12.925,0.37441765202716104,1.5438631638439757,0.6556557071882949
12.95,0.37471343251707767,1.5437149221098367,0.6557570360153454
12.975,0.3750076944873533,1.543565677521186,0.6558583819631195
13.0,0.3753004501026142,1.5434154359418928,0.6559597402325709
13.025,0.37559171142300046,1.5432642032071229,0.6560611061067422
13.05,0.3758814904051478,1.5431119851234247,0.6561624749496566
13.075,0.37616979890315855,1.5429587874688189,0.6562638422052227
13.100000000000001,0.3764566486695628,1.5428046159928854,0.6563652033961537
13.125,0.3767420513562692,1.5426494764168532,0.6564665541229004
13.15,0.377026018515506,1.542493374433689,0.6565678900625987
13.175,0.3773085616007522,1.542336315708187,0.656669206968029
13.2,0.3775896919676592,1.542178305877059,0.6567705006665898
13.225000000000001,0.37786942087496245,1.5420193505490243,0.656871767059285
13.25,0.37814775948538415,1.5418594553049,0.6569730021197226
13.275,0.37842471886652607,1.5416986256976932,0.6570742018931283
13.3,0.37870030999175364,1.5415368672526908,0.6571753624953691
13.325,0.3789745437410704,1.5413741854675516,0.6572764801119922
13.350000000000001,0.37924743090198393,1.5412105858123983,0.6573775509972739
13.375,0.3795189821703624,1.5410460737299096,0.6574785714732817
13.4,0.3797892081512826,1.5408806546354124,0.6575795379289484
13.425,0.38005811935986916,1.5407143339169738,0.6576804468191575
13.45,0.38032572622212524,1.5405471169354954,0.657781294663841
13.475000000000001,0.3805920390757545,1.5403790090248053,0.6578820780470881
13.5,0.3808570681709751,1.540210015491752,0.6579827936162652
13.525,0.38112082367132466,1.5400401416162974,0.6580834380811479
13.55,0.3813833156544579,1.5398693926516116,0.6581840082130633
13.575,0.38164455411293535,1.5396977738241657,0.6582845008440438
13.600000000000001,0.38190454895500475,1.5395252903338268,0.6583849128659907
13.625,0.3821633100053739,1.5393519473539519,0.65848524122985
13.65,0.38242084700597606,1.539177750031483,0.6585854829447972
13.675,0.38267716961672743,1.5390027034870413,0.6586856350774339
13.7,0.3829322874162771,1.5388268128150222,0.6587856947509931
13.725000000000001,0.3831862099027494,1.5386500830836907,0.6588856591445559
13.75,0.3834389464944784,1.5384725193352757,0.6589855254922774
13.775,0.38369050653073594,1.5382941265860663,0.6590852910826231
13.8,0.3839408992724511,1.5381149098265066,0.6591849532576148
13.825,0.3841901339029236,1.537934874021291,0.6592845094120853
13.850000000000001,0.38443821952852913,1.537754024109461,0.6593839569929439
13.875,0.3846851651794183,1.5375723650044995,0.6594832934984507
13.9,0.38493097981020824,1.5373899015944277,0.6595825164774995
13.925,0.3851756723006673,1.5372066387419006,0.6596816235289112
13.95,0.3854192514563931,1.5370225812843028,0.6597806123007349
13.975000000000001,0.3856617260094837,1.5368377340338455,0.6598794804895586
14.0,0.3859031046192021,1.5366521017776613,0.6599782258398282
14.025,0.3861433958726341,1.5364656892779014,0.6600768461431764
14.05,0.3863826082853398,1.5362785012718314,0.6601753392377581
14.075,0.38662075030199855,1.536090542471928,0.6602737030075961
14.100000000000001,0.3868578302970473,1.5359018175659749,0.6603719353819344
14.125,0.38709385657531303,1.5357123312171592,0.6604700343345994
14.15,0.38732883737263873,1.5355220880641682,0.6605679978833701
14.175,0.38756278085650314,1.5353310927212855,0.6606658240893553
14.2,0.38779569512663453,1.5351393497784873,0.66076351105638
14.225000000000001,0.3880275882156184,1.5349468638015387,0.6608610569303782
14.25,0.38825846808949915,1.5347536393320906,0.6609584598987945
14.275,0.38848834264837595,1.5345596808877762,0.6610557181899931
14.3,0.3887172197269927,1.5343649929623064,0.6611528300726737
14.325,0.38894510709532215,1.5341695800255675,0.6612497938552959
14.350000000000001,0.38917201245914457,1.5339734465237163,0.6613466078855103
14.375,0.38939794346062034,1.5337765968792771,0.6614432705495964
14.4,0.38962290767885754,1.5335790354912382,0.6615397802719091
14.425,0.38984691263047333,1.5333807667351473,0.6616361355143306
14.45,0.3900699657701504,1.5331817949632087,0.6617323347757309
14.475000000000001,0.3902920744911879,1.5329821245043787,0.6618283765914335
14.5,0.39051324612604676,1.5327817596644615,0.6619242595326893
14.525,0.39073348794689006,1.5325807047262061,0.6620199822061569
14.55,0.39095280716611797,1.5323789639494017,0.6621155432533887
14.575,0.39117121093689744,1.5321765415709734,0.662210941350325
14.600000000000001,0.39138870635368717,1.531973441805078,0.6623061752067931
14.625,0.39160530045275704,1.5317696688432008,0.662401243566014
14.65,0.3918210002127027,1.531565226854249,0.6624961452041147
14.675,0.3920358125549554,1.5313601199846494,0.6625908789296467
14.7,0.3922497443442865,1.5311543523584428,0.6626854435831115
14.725000000000001,0.3924628023893077,1.5309479280773792,0.6627798380364912
14.75,0.39267499344296586,1.5307408512210137,0.6628740611927854
14.775,0.3928863242030335,1.5305331258468007,0.6629681119855542
14.8,0.3930968013125945,1.5303247559901896,0.663061989378467
14.825,0.39330643136052496,1.5301157456647196,0.6631556923648576
14.850000000000001,0.3935152208819698,1.5299060988621143,0.6632492199672834
14.875,0.39372317635881443,1.5296958195523758,0.663342571237092
14.9,0.3939303042201523,1.52948491168388,0.6634357452539926
14.925,0.39413661084274776,1.529273379183471,0.6635287411256331
14.95,0.3943421025514945,1.5290612259565541,0.6636215579871821
14.975000000000001,0.39454678561986967,1.5288484558871915,0.6637141950009172
15.0,0.3947506662703839,1.5286350728381948,0.6638066513558177
15.025,0.39495375067502675,1.5284210806512197,0.6638989262671631
15.05,0.3951560449557079,1.5282064831468591,0.6639910189761363
15.075,0.39535755518469456,1.5279912841247372,0.6640829287494329
15.100000000000001,0.39555828738504434,1.5277754873636016,0.6641746548788737
15.125,0.3957582475310342,1.5275590966214174,0.6642661966810245
15.15,0.3959574415485854,1.5273421156354603,0.6643575534968188
15.175,0.3961558753156843,1.5271245481224087,0.6644487246911863
15.2,0.3963535546627992,1.5269063977784365,0.6645397096526866
15.225000000000001,0.39655048537329346,1.5266876682793056,0.6646305077931463
15.25,0.39674667318383455,1.5264683632804585,0.6647211185473021
15.275,0.39694212378479915,1.5262484864171098,0.6648115413724479
15.3,0.39713684282067485,1.5260280413043383,0.6649017757480867
15.325,0.39733083589045765,1.525807031537179,0.6649918211755865
15.350000000000001,0.3975241085480459,1.5255854606907142,0.6650816771778413
15.375,0.39771666630263064,1.5253633323201647,0.665171343298936
15.4,0.3979085146190822,1.5251406499609814,0.6652608191038162
15.425,0.39809965891833327,1.5249174171289357,0.6653501041779616
15.45,0.39829010457775804,1.5246936373202105,0.6654391981270641
15.475000000000001,0.39847985693154847,1.5244693140114907,0.66552810057671
15.5,0.3986689212710864,1.5242444506600534,0.6656168111720661
15.525,0.3988573028453125,1.5240190507038582,0.6657053295775701
15.55,0.39904500686109196,1.5237931175616364,0.6657936554766254
15.575,0.39923203848357625,1.5235666546329814,0.6658817885712989
15.600000000000001,0.3994184028365621,1.5233396652984375,0.6659697285820234
15.625,0.3996041050028468,1.5231121529195897,0.6660574752473042
15.65,0.39978915002458026,1.5228841208391524,0.6661450283234286
15.675,0.3999735429036139,1.522655572381058,0.6662323875841799
15.7,0.40015728860184635,1.5224265108505457,0.666319552820555
15.725000000000001,0.40034039204156563,1.5221969395342498,0.6664065238404855
15.75,0.4005228581057886,1.5219668617002875,0.6664933004685627
15.775,0.40070469163859707,1.5217362805983468,0.666579882545766
15.8,0.40088589744547076,1.5215051994597744,0.6666662699291946
15.825,0.40106648029361724,1.5212736214976628,0.6667524624918041
15.850000000000001,0.40124644491229894,1.5210415499069376,0.6668384601221441
15.875,0.4014257959931569,1.5208089878644444,0.6669242627241018
15.9,0.40160453819053193,1.520575938529035,0.667009870216647
15.925,0.4017826761217824,1.5203424050416543,0.6670952825335821
15.95,0.40196021436759943,1.5201083905254265,0.6671804996232936
15.975000000000001,0.40213715747231893,1.5198738980857405,0.6672655214485088
16.0,0.4023135099442311,1.5196389308103362,0.6673503479860542
16.025,0.40248927625588676,1.5194034917693893,0.6674349792266177
16.05,0.40266446084440116,1.5191675840155967,0.6675194151745139
16.075,0.40283906811175485,1.518931210584262,0.6676036558474526
16.1,0.40301310242509175,1.5186943744933792,0.6676877012763104
16.125,0.4031865681170147,1.5184570787437173,0.6677715515049047
16.15,0.40335946948587825,1.518219326318905,0.6678552065897718
16.175,0.40353181079607864,1.5179811201855142,0.6679386665999466
16.2,0.4037035962783413,1.5177424632931438,0.6680219316167466
16.225,0.40387483013000564,1.5175033585745026,0.6681050017335578
16.25,0.4040455165153073,1.5172638089454926,0.6681878770556238
16.275,0.40421565956565786,1.5170238173052926,0.6682705576998377
16.3,0.404385263379922,1.5167833865364395,0.668353043794537
16.325,0.40455433202469204,1.5165425195049116,0.6684353354793006
16.35,0.4047228695345602,1.51630121906021,0.6685174329047492
16.375,0.4048908799123882,1.5160594880354412,0.668599336232348
16.4,0.40505836712957444,1.5158173292473975,0.6686810456342122
16.425,0.405225335126319,1.5155747454966388,0.6687625612929146
16.45,0.40539178781188584,1.5153317395675738,0.668843883401297
16.475,0.4055577290648631,1.5150883142285405,0.6689250121622828
16.5,0.4057231627334207,1.5148444722318863,0.669005947788693
16.525,0.40588809263556563,1.5146002163140488,0.6690866905030639
16.55,0.4060525225593953,1.514355549195635,0.6691672405374681
16.575,0.40621645626334807,1.5141104735815014,0.6692475981333375
16.6,0.4063798974764521,1.513864992160833,0.6693277635412885
16.625,0.4065428498985714,1.5136191076072223,0.6694077370209504
16.65,0.4067053172006503,1.5133728225787488,0.6694875188407945
16.675,0.40686730302495483,1.5131261397180567,0.6695671092779675
16.7,0.4070288109853131,1.512879061652433,0.6696465086181256
16.725,0.40718984466735253,1.5126315909938863,0.6697257171552718
16.75,0.40735040762873537,1.512383730339224,0.669804735191595
16.775,0.4075105033993922,1.5121354822701292,0.6698835630373111
16.8,0.4076701354817531,1.5118868493532387,0.669962201010507
16.825,0.407829307350977,1.5116378341402195,0.6700406494369857
16.85,0.4079880224551787,1.511388439167845,0.6701189086501147
16.875,0.40814628421565413,1.5111386669580713,0.6701969789906755
16.9,0.4083040960271036,1.510888520018114,0.6702748608067156
16.925,0.40846146125785265,1.5106380008405225,0.6703525544534025
16.95,0.40861838325007155,1.5103871119032568,0.6704300602928795
16.975,0.4087748653199923,1.510135855669762,0.6705073786941241
17.0,0.4089309107581241,1.5098842345890429,0.6705845100328075
17.025,0.40908652282946667,1.5096322510957392,0.6706614546911567
17.05,0.4092417047737218,1.509379907610199,0.670738213057818
17.075000000000003,0.40939645980550293,1.509127206538554,0.6708147855277231
17.1,0.4095507911145429,1.5088741502727914,0.6708911725019563
17.125,0.40970470186589997,1.5086207411908295,0.6709673743876239
17.15,0.40985819520016176,1.508366981656589,0.6710433915977255
17.175,0.4100112742336477,1.5081128740200669,0.671119224551027
17.200000000000003,0.41016394205860945,1.5078584206174088,0.6711948736719352
17.225,0.4103162017434297,1.5076036237709811,0.6712703393903745
17.25,0.410468056332819,1.5073484857894432,0.6713456221416649
17.275,0.4106195088480113,1.5070930089678192,0.6714207223664025
17.3,0.41077056228695713,1.506837195587569,0.6714956405103403
17.325000000000003,0.4109212196245156,1.5065810479166601,0.6715703770242721
17.35,0.4110714838126446,1.506324568209638,0.6716449323639176
17.375,0.41122135778058894,1.5060677587076967,0.6717193069898084
17.4,0.4113708444350676,1.5058106216387492,0.6717935013671767
17.425,0.4115199466604585,1.505553159217498,0.6718675159658448
17.450000000000003,0.41166866731898216,1.505295373645504,0.6719413512601164
17.475,0.4118170092508837,1.505037267111256,0.6720150077286698
17.5,0.41196497527461307,1.5047788417902408,0.6720884858544521
17.525,0.4121125681870037,1.504520099845011,0.672161786124575
17.55,0.41225979076344993,1.5042610434252544,0.6722349090302124
17.575000000000003,0.4124066457580824,1.5040016746678615,0.6723078550664993
17.6,0.41255313590394216,1.5037419956969946,0.6723806247324319
17.625,0.4126992639131534,1.5034820086241545,0.6724532185307697
17.65,0.41284503247709436,1.5032217155482486,0.6725256369679383
17.675,0.4129904442665669,1.5029611185556577,0.6725978805539345
17.700000000000003,0.41313550193196463,1.5027002197203034,0.6726699498022318
17.725,0.4132802081034396,1.5024390211037142,0.6727418452296878
17.75,0.41342456539106714,1.5021775247550917,0.6728135673564531
17.775,0.41356857638501004,1.5019157327113777,0.672885116705881
17.8,0.4137122436556805,1.5016536469973187,0.6729564938044391
17.825000000000003,0.4138555697539012,1.5013912696255323,0.6730276991816218
17.85,0.4139985572110647,1.5011286025965715,0.6730987333698639
17.875,0.41414120853929165,1.5008656478989908,0.6731695969044565
17.9,0.4142835262315873,1.5006024075094098,0.6732402903234627
17.925,0.4144255127619972,1.500338883392578,0.6733108141676353
17.950000000000003,0.41456717058576076,1.5000750775014389,0.6733811689803361
17.975,0.4147085021394645,1.499810991777194,0.6734513553074555
18.0,0.41484950984119295,1.4995466281493657,0.6735213736973341
18.025,0.41499019609067894,1.499281988535861,0.6735912247006849
18.05,0.4151305632694523,1.4990170748430347,0.6736609088705168
18.075000000000003,0.4152706137409872,1.4987518889657514,0.6737304267620594
18.1,0.4154103498508487,1.4984864327874485,0.673799778932689
18.125,0.4155497739268372,1.4982207081801981,0.6738689659418555
18.15,0.4156888882791324,1.497954717004769,0.6739379883510102
18.175,0.41582769520043594,1.4976884611106875,0.6740068467235351
18.200000000000003,0.4159661969661121,1.4974219423363004,0.6740755416246732
18.225,0.4161043958343282,1.4971551625088344,0.6741440736214598
18.25,0.4162422940461932,1.4968881234444575,0.6742124432826545
18.275,0.4163798938258954,1.4966208269483396,0.674280651178675
18.3,0.4165171973808389,1.4963532748147124,0.6743486978815308
18.325000000000003,0.4166542069017786,1.4960854688269296,0.6744165839647596
18.35,0.4167909245629546,1.4958174107575264,0.6744843100033624
18.375,0.4169273525222247,1.4955491023682792,0.6745518765737419
18.4,0.4170634929211966,1.495280545410264,0.6746192842536404
18.425,0.41719934788535845,1.4950117416239161,0.6746865336220788
18.450000000000003,0.41733491952420826,1.4947426927390883,0.6747536252592972
18.475,0.4174702099313824,1.494473400475109,0.674820559746696
18.5,0.4176052211847829,1.4942038665408406,0.6748873376667779
18.525,0.4177399553467038,1.493934092634737,0.6749539596030907
18.55,0.41787441446395607,1.4936640804449017,0.6750204261401712
18.575000000000003,0.41800860056799205,1.4933938316491437,0.6750867378634904
18.6,0.4181425156750281,1.493123347915036,0.6751528953593984
18.625,0.41827616178616683,1.4928526308999717,0.6752188992150714
18.65,0.41840954088751797,1.49258168225122,0.6752847500184588
18.675,0.4185426549503183,1.4923105036059827,0.6753504483582315
18.700000000000003,0.41867550593105035,1.492039096591451,0.6754159948237309
18.725,0.41880809577156064,1.4917674628248594,0.6754813900049185
18.75,0.4189404263991762,1.4914956039135423,0.6755466344923267
18.775,0.41907249972682065,1.491223521454989,0.6756117288770102
18.8,0.4192043176531289,1.4909512170368981,0.6756766737504982
18.825000000000003,0.4193358820625612,1.4906786922372328,0.6757414697047476
18.85,0.4194671948255163,1.4904059486242744,0.6758061173320963
18.875,0.4195982577984429,1.4901329877566774,0.675870617225218
18.9,0.41972907282395117,1.489859811183522,0.6759349699770775
18.925,0.4198596417309226,1.489586420444369,0.6759991761808865
18.950000000000003,0.4199899663346192,1.489312817069312,0.6760632364300604
18.975,0.42012004843679185,1.4890390025790314,0.6761271513181759
19.0,0.4202498898257875,1.488764978484847,0.676190921438929
19.025,0.4203794922766556,1.4884907462887695,0.6762545473860937
19.05,0.42050885755125367,1.4882163074835544,0.6763180297534818
19.075000000000003,0.42063798739835184,1.4879416635527525,0.676381369134903
19.1,0.4207668835537367,1.487666815970763,0.6764445661241258
19.125,0.42089554774031407,1.487391766202884,0.6765076213148392
19.15,0.42102398166821103,1.4871165157053645,0.6765705353006146
19.175,0.4211521870348771,1.4868410659254554,0.6766333086748689
19.200000000000003,0.4212801655251844,1.4865654183014594,0.676695942030828
19.225,0.42140791881152717,1.4862895742627826,0.6767584359614907
19.25,0.42153544855392044,1.4860135352299841,0.6768207910595937
19.275,0.4216627564000977,1.4857373026148264,0.6768830079175769
19.3,0.4217898439856079,1.4854608778203249,0.6769450871275493
19.325000000000003,0.4219167129339116,1.4851842622407976,0.6770070292812556
19.35,0.4220433648564761,1.4849074572619145,0.6770688349700432
19.375,0.42216980135287024,1.4846304642607466,0.6771305047848304
19.4,0.42229602401085814,1.4843532846058147,0.6771920393160741
19.425,0.4224220344064919,1.4840759196571376,0.677253439153739
19.450000000000003,0.42254783410420393,1.4837983707662807,0.6773147048872673
19.475,0.4226734246568984,1.4835206392764047,0.6773758371055479
19.5,0.4227988076060417,1.483242726522312,0.6774368363968878
19.525,0.42292398448175256,1.482964633830496,0.6774977033489825
19.55,0.4230489568028909,1.482686362519187,0.6775584385488881
19.575000000000003,0.4231737260771464,1.4824079138984003,0.677619042582993
19.6,0.423298293801126,1.4821292892699824,0.6776795160369907
19.625,0.423422661460441,1.4818504899276586,0.6777398594958532
19.65,0.4235468305297931,1.481571517157078,0.6778000735438042
19.675,0.4236708024730599,1.481292372235861,0.6778601587642934
19.700000000000003,0.42379457874337956,1.4810130564336448,0.6779201157399711
19.725,0.423918160783235,1.4807335710121285,0.6779799450526637
19.75,0.4240415500245373,1.4804539172251199,0.6780396472833485
19.775,0.42416474788870806,1.4801740963185792,0.6780992230121307
19.8,0.4242877557867616,1.4798941095306655,0.6781586728182188
19.825000000000003,0.4244105751193862,1.4796139580917802,0.6782179972799027
19.85,0.42453320727702465,1.479333643224613,0.6782771969745305
19.875,0.4246556536399543,1.4790531661441848,0.6783362724784863
19.9,0.4247779155783662,1.478772528057893,0.6783952243671687
19.925,0.42489999445244386,1.4784917301655547,0.6784540532149697
19.950000000000003,0.42502189161244114,1.4782107736594503,0.6785127595952533
19.975,0.42514360839875953,1.4779296597243676,0.6785713440803358
20.0,0.4252651461420249,1.4776483895376442,0.6786298072414654
20.025,0.4253865061631634,1.477366964269211,0.6786881496488023
20.05,0.4255076897734773,1.4770853850816352,0.6787463718714003
20.075000000000003,0.4256286982747192,1.4768036531301616,0.6788044744771874
20.1,0.4257495329591666,1.4765217695627566,0.6788624580329473
20.125,0.42587019510969537,1.4762397355201489,0.6789203231043021
20.15,0.42599068599985257,1.4759575521358723,0.6789780702556937
20.175,0.426111006893929,1.475675220536307,0.6790357000503674
20.200000000000003,0.4262311590470309,1.475392741840721,0.6790932130503545
20.225,0.4263511437051511,1.475110117161311,0.679150609816456
20.25,0.42647096210523944,1.4748273476032447,0.6792078909082264
20.275,0.42659061547527305,1.4745444342647,0.6792650568839578
20.3,0.42671010503432566,1.4742613782369067,0.6793221083006644
20.325000000000003,0.4268294319926363,1.473978180604186,0.6793790457140678
20.35,0.4269485975516778,1.4736948424439917,0.6794358696785818
20.375,0.4270676029042244,1.4734113648269493,0.679492580747298
20.4,0.42718644923441895,1.4731277488168961,0.6795491794719719
20.425,0.42730513771783946,1.4728439954709205,0.6796056664030091
20.450000000000003,0.42742366952156535,1.4725601058394018,0.6796620420894517
20.475,0.4275420458042427,1.4722760809660487,0.6797183070789652
20.5,0.42766026771614957,1.4719919218879385,0.6797744619178259
20.525,0.42777833639926016,1.471707629635556,0.6798305071509081
20.55,0.4278962529873089,1.471423205232832,0.6798864433216721
20.575000000000003,0.42801401860585375,1.4711386496971808,0.6799422709721522
20.6,0.4281316343723393,1.4708539640395393,0.679997990642945
20.625,0.42824910139615896,1.4705691492644044,0.6800536028731983
20.65,0.4283664207787168,1.470284206369871,0.6801091082005999
20.675,0.42848359361348903,1.4699991363476685,0.6801645071613669
20.700000000000003,0.4286006209860849,1.4697139401831998,0.6802198002902353
20.725,0.42871750397430686,1.4694286188555767,0.6802749881204497
20.75,0.42883424364821054,1.4691431733376579,0.6803300711837535
20.775,0.42895084107016423,1.4688576045960848,0.6803850500103791
20.8,0.42906729729490767,1.468571913591319,0.6804399251290385
20.825000000000003,0.4291836133696104,1.4682861012776776,0.6804946970669143
20.85,0.42929979033392995,1.4680001686033701,0.680549366349651
20.875,0.42941582922006905,1.467714116510534,0.6806039335013458
20.9,0.42953173105283277,1.4674279459352704,0.6806583990445408
20.925,0.42964749684968506,1.4671416578076792,0.6807127635002146
20.950000000000003,0.4297631276208048,1.4668552530518957,0.6807670273877743
20.975,0.4298786243691415,1.466568732586124,0.6808211912250483
21.0,0.4299939880904703,1.4662820973226736,0.6808752555282782
21.025,0.4301092197734469,1.4659953481679926,0.6809292208121125
21.05,0.43022432039966185,1.4657084860227034,0.6809830875895987
21.075000000000003,0.4303392909436942,1.4654215117816372,0.6810368563721773
21.1,0.4304541323731651,1.4651344263338668,0.6810905276696747
21.125,0.4305688456487907,1.4648472305627422,0.6811441019902975
21.15,0.43068343172443474,1.4645599253459236,0.681197579840626
21.175,0.4307978915471606,1.4642725115554152,0.6812509617256085
21.200000000000003,0.430912226057283,1.4639849900575983,0.6813042481485554
21.225,0.43102643618841957,1.4636973617132656,0.681357439611134
21.25,0.43114052286754134,1.4634096273776531,0.6814105366133633
21.275,0.4312544870150234,1.4631217879004739,0.6814635396536086
21.3,0.43136832954469484,1.4628338441259503,0.681516449228577
21.325000000000003,0.4314820513638887,1.4625457968928466,0.6815692658333125
21.35,0.43159565337349076,1.4622576470345017,0.6816219899611915
21.375,0.4317091364679889,1.4619693953788608,0.6816746221039187
21.4,0.43182250153552115,1.461681042748508,0.6817271627515229
21.425,0.431935749457924,1.4613925899606979,0.681779612392353
21.450000000000003,0.43204888111078,1.4611040378273867,0.6818319715130742
21.475,0.4321618973634651,1.4608153871552647,0.6818842405986646
21.5,0.4322747990791956,1.460526638745787,0.6819364201324117
21.525,0.4323875871150746,1.4602377933952047,0.6819885105959093
21.55,0.43250026232213823,1.459948851894596,0.6820405124690541
21.575000000000003,0.4326128255454016,1.459659815029897,0.6820924262300431
21.6,0.432725277623904,1.4593706835819322,0.6821442523553707
21.625,0.4328376193907541,1.459081458326445,0.6821959913198263
21.65,0.4329498516731747,1.4587921400341284,0.6822476435964917
21.675,0.4330619752925469,1.4585027294706543,0.6822992096567388
21.700000000000003,0.4331739910644545,1.4582132273967043,0.6823506899702279
21.725,0.43328589979872706,1.457923634567999,0.6824020850049048
21.75,0.43339770229948377,1.4576339517353272,0.6824533952270003
21.775,0.43350939936517613,1.457344179644577,0.6825046211010274
21.8,0.4336209917886305,1.457054319036763,0.68255576308978
21.825000000000003,0.4337324803570906,1.4567643706480573,0.6826068216543322
21.85,0.4338438658522593,1.456474335209817,0.6826577972540361
21.875,0.43395514905034016,1.4561842134486138,0.6827086903465213
21.9,0.43406633072207884,1.4558940060862624,0.6827595013876936
21.925,0.43417741163280404,1.4556037138398492,0.6828102308317344
21.950000000000003,0.43428839254246804,1.4553133374217606,0.6828608791310999
21.975,0.43439927420568697,1.4550228775397107,0.6829114467365203
22.0,0.43451005737178094,1.45473233489677,0.6829619340969995
22.025,0.4346207427848135,1.454441710191393,0.6830123416598147
22.05,0.43473133118363105,1.4541510041174452,0.6830626698705164
22.075000000000003,0.4348418233019021,1.4538602173642323,0.6831129191729279
22.1,0.43495221986815547,1.4535693506165257,0.6831630900091455
22.125,0.4350625216058193,1.4532784045545908,0.6832131828195388
22.15,0.4351727292332588,1.4529873798542141,0.6832631980427505
22.175,0.43528284346381396,1.4526962771867298,0.6833131361156971
22.200000000000003,0.4353928650058375,1.4524050972190465,0.6833629974735694
22.225,0.43550279456273167,1.4521138406136744,0.6834127825498327
22.25,0.4356126328329853,1.4518225080287512,0.6834624917762279
22.275,0.43572238051021045,1.4515311001180684,0.6835121255827717
22.3,0.43583203828317874,1.451239617531098,0.6835616843977583
22.325000000000003,0.4359416068358574,1.450948060913018,0.6836111686477595
22.35,0.4360510868474451,1.4506564309047387,0.6836605787576264
22.375,0.4361604789924072,1.450364728142928,0.6837099151504903
22.4,0.43626978394051114,1.4500729532600374,0.683759178247764
22.425,0.43637900235686145,1.4497811068843272,0.6838083684691431
22.450000000000003,0.43648813490193417,1.4494891896398918,0.6838574862326074
22.475,0.43659718223161137,1.449197202146685,0.6839065319544231
22.5,0.4367061449972153,1.448905145020545,0.6839555060491431
22.525,0.43681502384554194,1.448613018873219,0.68400440892961
22.55,0.4369238194188951,1.4483208243123882,0.6840532410069572
22.575000000000003,0.43703253235511913,1.4480285619416924,0.6841020026906109
22.6,0.4371411632876325,1.4477362323607543,0.6841506943882923
22.625,0.43724971284546005,1.4474438361652038,0.6841993165060194
22.65,0.4373581816532661,1.4471513739467023,0.6842478694481091
22.675,0.4374665703313863,1.4468588462929668,0.6842963536171796
22.700000000000003,0.43757487949585977,1.4465662537877932,0.6843447694141523
22.725,0.4376831097584609,1.4462735970110812,0.6843931172382549
22.75,0.43779126172673094,1.4459808765388564,0.6844413974870229
22.775,0.4378993360040091,1.4456880929432954,0.6844896105563029
22.8,0.4380073331894637,1.445395246792748,0.6845377568402543
22.825000000000003,0.43811525387812306,1.4451023386517607,0.6845858367313529
22.85,0.43822309866090575,1.4448093690811001,0.6846338506203928
22.875,0.4383308681246512,1.4445163386377753,0.6846817988964898
22.9,0.43843856285214966,1.4442232478750612,0.6847296819470838
22.925,0.4385461834221719,1.443930097342521,0.6847775001579418
22.950000000000003,0.43865373040949907,1.443636887586029,0.6848252539131608
22.975,0.43876120438495186,1.4433436191477926,0.6848729435951713
23.0,0.4388686059154198,1.4430502925663746,0.6849205695847395
23.025,0.43897593556389014,1.442756908376716,0.6849681322609712
23.05,0.4390831938894764,1.442463467110157,0.6850156320013149
23.075000000000003,0.43919038144744715,1.4421699692944603,0.6850630691815645
23.1,0.43929749878925384,1.4418764154538315,0.6851104441758633
23.125,0.4394045464625592,1.4415828061089415,0.685157757356707
23.15,0.43951152501126495,1.441289141776948,0.6852050090949472
23.175,0.4396184349755392,1.4409954229715167,0.6852521997597947
23.200000000000003,0.43972527689184415,1.4407016502028431,0.6852993297188233
23.225,0.439832051292963,1.4404078239776728,0.6853463993379734
23.25,0.439938758708027,1.440113944799323,0.685393408981555
23.275,0.44004539966254225,1.4398200131677037,0.6854403590122523
23.3,0.4401519746784162,1.4395260295793382,0.6854872497911269
23.325000000000003,0.440258484273984,1.4392319945273835,0.6855340816776212
23.35,0.44036492896403456,1.4389379085016516,0.6855808550295629
23.375,0.4404713092598366,1.4386437719886291,0.6856275702031686
23.4,0.44057762566916425,1.4383495854714983,0.6856742275530474
23.425,0.44068387869632275,1.4380553494301567,0.6857208274322053
23.450000000000003,0.44079006884217364,1.4377610643412375,0.6857673701920488
23.475,0.4408961966041599,1.4374667306781297,0.6858138561823891
23.5,0.44100226247633106,1.4371723489109973,0.685860285751446
23.525,0.44110826694936767,1.4368779195067998,0.685906659245852
23.55,0.44121421051060616,1.4365834429293112,0.6859529770106569
23.575000000000003,0.4413200936440631,1.43628891963914,0.6859992393893312
23.6,0.44142591683045923,1.4359943500937482,0.6860454467237707
23.625,0.4415316805472437,1.4356997347474711,0.6860915993543008
23.65,0.4416373852686177,1.4354050740515358,0.6861376976196805
23.675,0.44174303146555827,1.4351103684540805,0.6861837418571068
23.700000000000003,0.4418486196058416,1.4348156184001737,0.6862297324022195
23.725,0.4419541501540663,1.4345208243318326,0.6862756695891046
23.75,0.44205962357167655,1.4342259866880425,0.6863215537502994
23.775,0.44216504031698506,1.4339311059047746,0.6863673852167966
23.8,0.44227040084519575,1.4336361824150048,0.6864131643180492
23.825000000000003,0.44237570560842626,1.4333412166487325,0.6864588913819744
23.85,0.4424809550557304,1.4330462090329985,0.6865045667349582
23.875,0.4425861496331203,1.432751159991903,0.6865501907018603
23.9,0.4426912897835887,1.432456069946624,0.6865957636060184
23.925,0.44279637594713045,1.4321609393154353,0.6866412857692527
23.950000000000003,0.44290140856076454,1.431865768513724,0.6866867575118706
23.975,0.44300638805855547,1.4315705579540086,0.6867321791526713
24.0,0.44311131487163474,1.4312753080459566,0.6867775510089504
24.025,0.443216189428222,1.430980019196402,0.6868228733965049
24.05,0.44332101215364605,1.4306846918093623,0.6868681466296374
24.075000000000003,0.44342578347036593,1.430389326286057,0.6869133710211608
24.1,0.4435305037979914,1.4300939230249232,0.6869585468824035
24.125,0.44363517355330384,1.4297984824216345,0.6870036745232141
24.15,0.4437397931502763,1.4295030048691169,0.6870487542519654
24.175,0.443844363000094,1.4292074907575656,0.6870937863755603
24.200000000000003,0.44394888351117445,1.4289119404744626,0.6871387711994356
24.225,0.4440533550891873,1.428616354404593,0.6871837090275675
24.25,0.4441577781370742,1.4283207329300616,0.6872286001624763
24.275,0.44426215305506844,1.42802507643031,0.6872734449052309
24.3,0.44436648024071457,1.4277293852821322,0.6873182435554539
24.325000000000003,0.4444707600888875,1.4274336598596913,0.6873629964113267
24.35,0.4445749929918119,1.427137900534536,0.687407703769594
24.375,0.44467917933908135,1.4268421076756161,0.6874523659255691
24.4,0.444783319517677,1.4265462816492998,0.6874969831731385
24.425,0.44488741391198666,1.426250422819388,0.6875415558047666
24.450000000000003,0.4449914629038231,1.4259545315471314,0.6875860841115015
24.475,0.4450954668724427,1.4256586081912457,0.6876305683829791
24.5,0.44519942619456404,1.4253626531079278,0.6876750089074286
24.525,0.44530334124438564,1.425066666650871,0.6877194059716771
24.55,0.4454072123936044,1.42477064917128,0.6877637598611548
24.575000000000003,0.44551104001143343,1.4244746010178873,0.6878080708598999
24.6,0.4456148244646198,1.4241785225369679,0.6878523392505639
24.625,0.4457185661174623,1.423882414072355,0.687896565314416
24.65,0.44582226533182895,1.423586275965454,0.6879407493313486
24.675,0.44592592246717433,1.4232901085552592,0.6879848915798823
24.700000000000003,0.446029537880557,1.4229939121783672,0.6880289923371707
24.725,0.4461331119266565,1.422697687168993,0.6880730518790057
24.75,0.4462366449577905,1.4224014338589834,0.6881170704798222
24.775,0.44634013732393146,1.4221051525778334,0.6881610484127035
24.8,0.4464435893727237,1.4218088436526992,0.6882049859493863
24.825000000000003,0.4465470014494998,1.4215125074084138,0.6882488833602654
24.85,0.44665037389729717,1.4212161441675006,0.6882927409143991
24.875,0.44675370705687445,1.4209197542501883,0.6883365588795143
24.9,0.4468570012667277,1.4206233379744253,0.6883803375220114
24.925,0.44696025686310675,1.420326895655893,0.6884240771069695
24.950000000000003,0.44706347418003095,1.4200304276080207,0.6884677778981513
24.975,0.4471666535493052,1.4197339341419992,0.6885114401580084
25.0,0.4472697953005357,1.419437415566795,0.688555064147686
25.025000000000002,0.4473728997611456,1.4191408721891638,0.6885986501270286
25.05,0.4474759672563906,1.4188443043136647,0.6886421983545844
25.075,0.4475789981093744,1.418547712242673,0.688685709087611
25.1,0.4476819926410638,1.418251096276395,0.6887291825820798
25.125,0.4477849511703041,1.4179544567128801,0.688772619092682
25.150000000000002,0.4478878740138342,1.4176577938480357,0.6888160188728326
25.175,0.4479907614863013,1.4173611079756394,0.6888593821746763
25.2,0.44809361390027613,1.4170643993873528,0.6889027092490924
25.225,0.4481964315662674,1.4167676683727344,0.6889460003456994
25.25,0.44829921479273654,1.416470915219253,0.688989255712861
25.275000000000002,0.44840196388611236,1.4161741402123003,0.6890324755976901
25.3,0.4485046791508052,1.4158773436352043,0.6890756602460548
25.325,0.44860736088922143,1.4155805257692422,0.689118809902583
25.35,0.4487100094017776,1.4152836868936525,0.6891619248106674
25.375,0.4488126249869145,1.4149868272856483,0.6892050052124707
25.400000000000002,0.4489152079411113,1.41468994722043,0.689248051348931
25.425,0.4490177585588992,1.4143930469711974,0.689291063459766
25.45,0.44912027713287545,1.4140961268091627,0.689334041783479
25.475,0.44922276395371685,1.4137991870035627,0.6893769865573635
25.5,0.4493252193101935,1.4135022278216705,0.689419898017508
25.525000000000002,0.44942764348918207,1.413205249528809,0.6894627763988016
25.55,0.4495300367756794,1.412908252388362,0.6895056219349386
25.575,0.4496323994528156,1.4126112366617871,0.6895484348584237
25.6,0.44973473180186735,1.412314202608627,0.689591215400577
25.625,0.449837034102271,1.4120171504865224,0.6896339637915391
25.650000000000002,0.4499393066316354,1.4117200805512227,0.6896766802602758
25.675,0.45004154966575494,1.4114229930565987,0.6897193650345836
25.7,0.4501437634786223,1.4111258882546545,0.6897620183410944
25.725,0.45024594834244114,1.4108287663955381,0.6898046404052803
25.75,0.4503481045276387,1.4105316277275541,0.6898472314514591
25.775000000000002,0.4504502323028783,1.410234472497175,0.6898897917027987
25.8,0.4505523319350719,1.4099373009490521,0.6899323213813227
25.825,0.4506544036893922,1.4096401133260277,0.6899748207079146
25.85,0.45075644782928503,1.409342909869146,0.6900172899023237
25.875,0.4508584646164815,1.4090456908176638,0.6900597291831692
25.900000000000002,0.4509604543110099,1.4087484564090633,0.6901021387679454
25.925,0.45106241717120793,1.4084512068790613,0.6901445188730269
25.95,0.45116435345373435,1.4081539424616218,0.6901868697136733
25.975,0.4512662634135809,1.4078566633889664,0.6902291915040341
26.0,0.4513681473040839,1.4075593698915847,0.6902714844571535
26.025000000000002,0.45147000537693605,1.407262062198246,0.6903137487849758
26.05,0.4515718378821977,1.4069647405360097,0.6903559846983495
26.075,0.4516736450683085,1.4066674051302364,0.6903981924070329
26.1,0.4517754271820988,1.4063700562045975,0.6904403721196988
26.125,0.4518771844688007,1.4060726939810875,0.6904825240439387
26.150000000000002,0.4519789171720595,1.4057753186800328,0.6905246483862687
26.175,0.4520806255339447,1.4054779305201035,0.6905667453521336
26.2,0.45218230979496093,1.4051805297183229,0.6906088151459119
26.225,0.45228397019405914,1.4048831164900784,0.6906508579709207
26.25,0.45238560696864727,1.4045856910491314,0.6906928740294208
26.275000000000002,0.45248722035460115,1.4042882536076282,0.6907348635226206
26.3,0.45258881058627515,1.4039908043761091,0.6907768266506819
26.325,0.4526903778965129,1.4036933435635193,0.690818763612724
26.35,0.45279192251665773,1.4033958713772188,0.6908606746068288
26.375,0.45289344467656323,1.4030983880229921,0.6909025598300453
26.400000000000002,0.45299494460460366,1.4028008937050584,0.6909444194783949
26.425,0.4530964225276843,1.4025033886260814,0.6909862537468753
26.45,0.4531978786712515,1.4022058729871787,0.6910280628294657
26.475,0.45329931325930317,1.4019083469879323,0.6910698469191316
26.5,0.45340072651439867,1.4016108108263974,0.6911116062078294
26.525000000000002,0.45350211865766893,1.4013132646991129,0.6911533408865107
26.55,0.45360348990882626,1.4010157088011101,0.6911950511451276
26.575,0.45370484048617443,1.4007181433259228,0.6912367371726369
26.6,0.45380617060661843,1.4004205684655966,0.691278399157005
26.625,0.45390748048567403,1.400122984410698,0.6913200372852123
26.650000000000002,0.4540087703374777,1.399825391350324,0.6913616517432581
26.675,0.4541100403747961,1.3995277894721116,0.6914032427161652
26.7,0.45421129080903544,1.3992301789622466,0.691444810387984
26.725,0.45431252185025134,1.3989325600054725,0.6914863549417977
26.75,0.4544137337071579,1.3986349327851004,0.6915278765597266
26.775000000000002,0.45451492658713694,1.3983372974830175,0.6915693754229326
26.8,0.45461610069624764,1.3980396542796962,0.691610851711624
26.825,0.45471725623923537,1.3977420033542032,0.6916523056050596
26.85,0.45481839341954095,1.397444344884208,0.6916937372815538
26.875,0.45491951243930967,1.397146679045992,0.6917351469184805
26.900000000000002,0.45502061349940043,1.3968490060144576,0.691776534692278
26.925,0.45512169679939435,1.3965513259631357,0.6918179007784534
26.95,0.45522276253760396,1.396253639064196,0.6918592453515869
26.975,0.4553238109110817,1.3959559454884545,0.6919005685853366
27.0,0.45542484211562895,1.3956582454053823,0.6919418706524424
27.025000000000002,0.4555258563458044,1.3953605389831145,0.691983151724731
27.05,0.45562685379493284,1.395062826388458,0.69202441197312
27.075,0.45572783465511363,1.3947651077869,0.6920656515676223
27.1,0.45582879911722923,1.3944673833426176,0.6921068706773507
27.125,0.45592974737095354,1.394169653218484,0.6921480694705217
27.150000000000002,0.4560306796047604,1.3938719175760783,0.6921892481144606
27.175,0.45613159600593167,1.3935741765756933,0.6922304067756055
27.2,0.45623249676056565,1.3932764303763434,0.6922715456195117
27.225,0.45633338205358515,1.392978679135773,0.6923126648108555
27.25,0.4564342520687457,1.3926809230104644,0.6923537645134394
27.275000000000002,0.4565351069886436,1.3923831621556457,0.6923948448901959
27.3,0.4566359469947237,1.392085396725299,0.6924359061031915
27.325,0.4567367722672877,1.3917876268721683,0.6924769483136316
27.35,0.4568375829855018,1.391489852747767,0.6925179716818642
27.375,0.4569383793274046,1.3911920745023862,0.6925589763673845
27.400000000000002,0.4570391614699148,1.3908942922851018,0.6925999625288387
27.425,0.4571399295888391,1.3905965062437828,0.6926409303240285
27.45,0.4572406838588796,1.390298716525099,0.6926818799099155
27.475,0.45734142445364173,1.3900009232745283,0.6927228114426247
27.5,0.4574421515456414,1.389703126636364,0.6927637250774494
27.525000000000002,0.4575428653063129,1.389405326753723,0.6928046209688549
27.55,0.457643565906016,1.3891075237685528,0.6928454992704824
27.575,0.4577442535140437,1.3888097178216392,0.692886360135154
27.6,0.4578449282986291,1.3885119090526135,0.6929272037148758
27.625,0.4579455904269532,1.3882140975999597,0.6929680301608426
27.650000000000002,0.45804624006515177,1.3879162836010224,0.6930088396234417
27.675,0.4581468773783226,1.3876184671920133,0.6930496322522571
27.7,0.45824750253053276,1.387320648508019,0.6930904081960735
27.725,0.45834811568482553,1.3870228276830074,0.6931311676028802
27.75,0.45844871700322753,1.386725004849836,0.6931719106198752
27.775000000000002,0.45854930664675564,1.386427180140258,0.6932126373934692
27.8,0.4586498847754239,1.3861293536849293,0.6932533480692897
27.825,0.45875045154825045,1.3858315256134164,0.6932940427921848
27.85,0.4588510071232643,1.3855336960542022,0.693334721706227
27.875,0.4589515516575122,1.3852358651346937,0.6933753849547176
27.900000000000002,0.4590520853070653,1.3849380329812286,0.6934160326801903
27.925,0.4591526082270258,1.3846401997190823,0.6934566650244149
27.95,0.45925312057153367,1.384342365472474,0.6934972821284018
27.975,0.45935362249377315,1.3840445303645743,0.6935378841324051
28.0,0.4594541141459794,1.3837466945175114,0.6935784711759273
28.025000000000002,0.4595545956794449,1.3834488580523778,0.6936190433977223
28.05,0.4596550672445259,1.383151021089237,0.6936596009358
28.075,0.45975552899064887,1.3828531837471303,0.6937001439274296
28.1,0.4598559810663168,1.3825553461440825,0.6937406725091436
28.125,0.45995642361911565,1.3822575083971094,0.6937811868167415
28.150000000000002,0.4600568567957204,1.3819596706222237,0.6938216869852937
28.175,0.46015728074190143,1.3816618329344412,0.693862173149145
28.200000000000003,0.4602576956025306,1.3813639954477879,0.6939026454419187
28.225,0.4603581015215875,1.3810661582753054,0.6939431039965201
28.25,0.4604584986421654,1.3807683215290583,0.6939835489451402
28.275000000000002,0.4605588871064774,1.380470485320139,0.6940239804192595
28.3,0.4606592670558624,1.3801726497586755,0.6940643985496515
28.325000000000003,0.460759638630791,1.3798748149538365,0.6941048034663867
28.35,0.46086000197087157,1.3795769810138376,0.6941451952988358
28.375,0.46096035721485595,1.3792791480459479,0.6941855741756737
28.400000000000002,0.4610607045006454,1.3789813161564957,0.694225940224883
28.425,0.4611610439652964,1.3786834854508747,0.6942662935737577
28.450000000000003,0.46126137574502624,1.37838565603355,0.6943066343489064
28.475,0.4613616999752189,1.3780878280080635,0.6943469626762564
28.5,0.46146201679043075,1.3777900014770408,0.6943872786810571
28.525000000000002,0.46156232632439603,1.3774921765421961,0.6944275824878833
28.55,0.46166262871003244,1.3771943533043387,0.6944678742206388
28.575000000000003,0.4617629240794469,1.3768965318633783,0.6945081540025604
28.6,0.46186321256394086,1.3765987123183312,0.6945484219562208
28.625,0.4619634942940158,1.376300894767326,0.6945886782035322
28.650000000000002,0.4620637693993787,1.376003079307609,0.6946289228657502
28.675,0.4621640380089475,1.37570526603555,0.6946691560634766
28.700000000000003,0.46226430025085635,1.3754074550466477,0.6947093779166634
28.725,0.462364556252461,1.3751096464355361,0.6947495885446161
28.75,0.46246480614034396,1.374811840295989,0.6947897880659968
28.775000000000002,0.46256505004031995,1.374514036720926,0.694829976598828
28.8,0.4626652880774409,1.3742162358024184,0.6948701542604956
28.825000000000003,0.46276552037600127,1.3739184376316935,0.6949103211677528
28.85,0.46286574705954314,1.3736206422991415,0.6949504774367228
28.875,0.4629659682508612,1.3733228498943195,0.6949906231829027
28.900000000000002,0.4630661840720081,1.3730250605059582,0.6950307585211666
28.925,0.4631663946442991,1.3727272742219658,0.6950708835657688
28.950000000000003,0.46326660008831727,1.3724294911294344,0.6951109984303474
28.975,0.46336680052391854,1.3721317113146445,0.6951511032279272
29.0,0.4634669960702364,1.371833934863071,0.6951911980709232
29.025000000000002,0.46356718684568693,1.3715361618593875,0.695231283071144
29.05,0.4636673729679736,1.3712383923874722,0.6952713583397946
29.075000000000003,0.46376755455409213,1.3709406265304127,0.69531142398748
29.1,0.4638677317203352,1.3706428643705109,0.6953514801242083
29.125,0.4639679045822972,1.3703451059892882,0.695391526859394
29.150000000000002,0.46406807325487914,1.370047351467491,0.6954315643018607
29.175,0.4641682378522931,1.369749600885095,0.6954715925598451
29.200000000000003,0.46426839848806695,1.3694518543213103,0.6955116117409995
29.225,0.464368555275049,1.3691541118545871,0.695551621952395
29.25,0.4644687083254126,1.3688563735626196,0.6955916233005248
29.275000000000002,0.46456885775066065,1.368558639522351,0.6956316158913074
29.3,0.46466900366163016,1.3682609098099792,0.6956715998300895
29.325000000000003,0.4647691461684967,1.3679631845009605,0.6957115752216492
29.35,0.4648692853807788,1.3676654636700152,0.6957515421701989
29.375,0.4649694214073426,1.3673677473911319,0.6957915007793884
29.400000000000002,0.465069554356406,1.3670700357375727,0.6958314511523084
29.425,0.46516968433554323,1.3667723287818772,0.6958713933914926
29.450000000000003,0.46526981145168894,1.3664746265958676,0.6959113275989217
29.475,0.4653699358111428,1.3661769292506536,0.6959512538760257
29.5,0.46547005751957343,1.3658792368166364,0.6959911723236873
29.525000000000002,0.4655701766820231,1.3655815493635135,0.6960310830422445
29.55,0.4656702934029115,1.3652838669602836,0.6960709861314939
29.575000000000003,0.4657704077860402,1.3649861896752509,0.6961108816906934
29.6,0.46587051993459655,1.364688517576029,0.6961507698185653
29.625,0.46597062995115823,1.3643908507295466,0.6961906506132993
29.650000000000002,0.46607073793769693,1.3640931892020505,0.696230524172555
29.675,0.4661708439955826,1.3637955330591114,0.6962703905934653
29.700000000000003,0.46627094822558757,1.3634978823656272,0.6963102499726387
29.725,0.4663710507278903,1.3632002371858283,0.6963501024061627
29.75,0.46647115160207975,1.3629025975832807,0.6963899479896065
29.775000000000002,0.46657125094715896,1.3626049636208917,0.6964297868180236
29.8,0.4666713488615492,1.362307335360913,0.6964696189859548
29.825000000000003,0.46677144544309385,1.3620097128649458,0.6965094445874311
29.85,0.46687154078906223,1.3617120961939442,0.6965492637159764
29.875,0.4669716349961534,1.3614144854082204,0.69658907646461
29.900000000000002,0.46707172816050013,1.3611168805674483,0.6966288829258499
29.925,0.4671718203776726,1.3608192817306672,0.6966686831917154
29.950000000000003,0.4672719117426821,1.3605216889562868,0.6967084773537294
29.975,0.46737200234998505,1.3602241023020907,0.6967482655029218
30.0,0.46747209229348624,1.3599265218252405,0.6967880477298316
30.025000000000002,0.4675721816665431,1.3596289475822807,0.69682782412451
30.05,0.46767227056196875,1.359331379629141,0.6968675947765232
30.075000000000003,0.4677723590720363,1.359033818021142,0.6969073597749544
30.1,0.4678724472884819,1.3587362628129984,0.6969471192084074
30.125,0.46797253530250854,1.3584387140588228,0.6969868731650083
30.150000000000002,0.4680726232047898,1.3581411718121297,0.6970266217324089
30.175,0.4681727110854731,1.35784363612584,0.6970663649977891
30.200000000000003,0.46827279903418334,1.3575461070522838,0.6971061030478591
30.225,0.4683728871400264,1.3572485846432054,0.6971458359688628
30.25,0.4684729754915926,1.3569510689497661,0.6971855638465795
30.275000000000002,0.4685730641769602,1.3566535600225489,0.6972252867663271
30.3,0.46867315328369863,1.3563560579115612,0.6972650048129646
30.325000000000003,0.46877324289887207,1.3560585626662396,0.6973047180708942
30.35,0.46887333310904283,1.3557610743354531,0.6973444266240645
30.375,0.46897342400027453,1.3554635929675067,0.6973841305559724
30.400000000000002,0.4690735156581356,1.3551661186101458,0.697423829949666
30.425,0.4691736081677024,1.3548686513105588,0.6974635248877471
30.450000000000003,0.46927370161356285,1.3545711911153813,0.6975032154523733
30.475,0.4693737960798192,1.3542737380707,0.697542901725261
30.5,0.4694738916500916,1.3539762922220555,0.6975825837876876
30.525000000000002,0.46957398840752135,1.3536788536144468,0.6976222617204937
30.55,0.46967408643477376,1.3533814222923342,0.6976619356040862
30.575000000000003,0.4697741858140416,1.3530839982996428,0.69770160551844
30.6,0.4698742866270483,1.3527865816797664,0.6977412715431008
30.625,0.4699743889550507,1.3524891724755708,0.6977809337571877
30.650000000000002,0.47007449287884273,1.352191770729397,0.6978205922393952
30.675,0.47017459847875787,1.3518943764830647,0.6978602470679954
30.700000000000003,0.47027470583467257,1.3515969897778766,0.6978998983208412
30.725,0.4703748150260093,1.3512996106546202,0.6979395460753677
30.75,0.47047492613173947,1.3510022391535728,0.6979791904085951
30.775000000000002,0.4705750392303864,1.3507048753145035,0.6980188313971312
30.8,0.4706751544000284,1.3504075191766773,0.698058469117173
30.825000000000003,0.4707752717183016,1.3501101707788583,0.6980981036445096
30.85,0.470875391262403,1.3498128301593129,0.6981377350545245
30.875,0.4709755131090934,1.3495154973558128,0.6981773634221974
30.900000000000002,0.47107563733470015,1.3492181724056387,0.698216988822107
30.925,0.4711757640151201,1.3489208553455834,0.6982566113284331
30.950000000000003,0.47127589322582264,1.3486235462119547,0.6982962310149585
30.975,0.47137602504185216,1.3483262450405793,0.6983358479550718
31.0,0.47147615953783123,1.348028951866805,0.6983754622217692
31.025000000000002,0.47157629678796315,1.3477316667255044,0.6984150738876569
31.05,0.4716764368660349,1.3474343896510783,0.6984546830249535
31.075000000000003,0.4717765798454197,1.3471371206774583,0.6984942897054917
31.1,0.4718767257990801,1.3468398598381097,0.6985338940007207
31.125,0.4719768747995702,1.3465426071660356,0.6985734959817088
31.150000000000002,0.4720770269190388,1.3462453626937785,0.6986130957191448
31.175,0.47217718222923194,1.3459481264534248,0.6986526932833407
31.200000000000003,0.4722773408014954,1.3456508984766065,0.6986922887442336
31.225,0.47237750270677764,1.3453536787945053,0.6987318821713879
31.25,0.4724776680156321,1.345056467437855,0.6987714736339976
31.275000000000002,0.4725778367982202,1.344759264436944,0.6988110632008879
31.3,0.4726780091243135,1.3444620698216194,0.6988506509405178
31.325000000000003,0.4727781850632968,1.3441648836212892,0.6988902369209818
31.35,0.47287836468417,1.3438677058649247,0.6989298212100125
31.375,0.4729785480555514,1.3435705365810646,0.6989694038749819
31.400000000000002,0.47307873524567967,1.343273375797817,0.6990089849829042
31.425,0.47317892632241665,1.3429762235428624,0.6990485646004374
31.450000000000003,0.4732791213532497,1.3426790798434567,0.6990881427938854
31.475,0.4733793204052941,1.3423819447264338,0.6991277196292001
31.5,0.4734795235452959,1.3420848182182084,0.6991672951719832
31.525000000000002,0.47357973083963373,1.3417877003447791,0.6992068694874886
31.55,0.4736799423543218,1.3414905911317307,0.6992464426406241
31.575000000000003,0.47378015815501207,1.3411934906042375,0.6992860146959533
31.6,0.47388037830699653,1.3408963987870652,0.6993255857176978
31.625,0.47398060287520977,1.3405993157045744,0.6993651557697389
31.650000000000002,0.4740808319242312,1.3403022413807228,0.69940472491562
31.675,0.47418106551828754,1.3400051758390685,0.6994442932185478
31.700000000000003,0.4742813037212549,1.3397081191027715,0.6994838607413951
31.725,0.47438154659666126,1.3394110711945977,0.6995234275467019
31.75,0.47448179420768893,1.3391140321369202,0.6995629936966778
31.775000000000002,0.4745820466171764,1.3388170019517232,0.6996025592532039
31.8,0.474682303887621,1.3385199806606034,0.6996421242778345
31.825000000000003,0.4747825660811809,1.3382229682847737,0.6996816888317987
31.85,0.47488283325967745,1.3379259648450648,0.6997212529760031
31.875,0.4749831054845974,1.337628970361928,0.6997608167710329
31.900000000000002,0.475083382817095,1.3373319848554381,0.6998003802771539
31.925,0.47518366531799433,1.3370350083452958,0.6998399435543146
31.950000000000003,0.47528395304779136,1.3367380408508294,0.6998795066621477
31.975,0.4753842460666562,1.3364410823909987,0.6999190696599723
32.0,0.4754845444344351,1.3361441329843962,0.6999586326067953
32.025000000000006,0.4755848482106527,1.3358471926492503,0.6999981955613133
32.05,0.47568515745451423,1.3355502614034271,0.7000377585819146
32.075,0.47578547222490725,1.3352533392644337,0.700077321726681
32.1,0.4758857925804042,1.3349564262494196,0.7001168850533892
32.125,0.4759861185792641,1.3346595223751798,0.7001564486195128
32.150000000000006,0.47608645027943475,1.3343626276581568,0.7001960124822239
32.175,0.47618678773855483,1.3340657421144433,0.7002355766983951
32.2,0.4762871310139558,1.333768865759784,0.7002751413246012
32.225,0.4763874801626641,1.3334719986095782,0.7003147064171207
32.25,0.4764878352414028,1.333175140678883,0.7003542720319375
32.275000000000006,0.4765881963065941,1.3328782919824136,0.7003938382247428
32.3,0.47668856341436083,1.3325814525345476,0.7004334050509369
32.325,0.4767889366205286,1.332284622349326,0.7004729725656305
32.35,0.4768893159806279,1.331987801440456,0.7005125408236466
32.375,0.47698970154989573,1.3316909898213132,0.7005521098795222
32.400000000000006,0.4770900933832777,1.3313941875049433,0.70059167978751
32.425,0.4771904915354299,1.3310973945040652,0.7006312506015798
32.45,0.47729089606072095,1.3308006108310724,0.7006708223754204
32.475,0.4773913070132335,1.330503836498036,0.7007103951624412
32.5,0.4774917244467665,1.3302070715167058,0.7007499690157734
32.525000000000006,0.4775921484148369,1.3299103158985135,0.7007895439882723
32.55,0.4776925789706813,1.3296135696545741,0.7008291201325185
32.575,0.47779301616725817,1.3293168327956886,0.7008686975008196
32.6,0.4778934600572494,1.3290201053323454,0.7009082761452116
32.625,0.47799391069306213,1.3287233872747233,0.7009478561174608
32.650000000000006,0.4780943681268306,1.3284266786326928,0.7009874374690651
32.675,0.47819483241041794,1.3281299794158188,0.7010270202512557
32.7,0.47829530359541794,1.327833289633362,0.7010666045149987
32.725,0.4783957817331567,1.3275366092942815,0.7011061903109963
32.75,0.4784962668746946,1.3272399384072369,0.7011457776896889
32.775000000000006,0.47859675907082777,1.3269432769805898,0.7011853667012562
32.8,0.47869725837209,1.326646625022406,0.7012249573956189
32.825,0.4787977648287543,1.3263499825404579,0.70126454982244
32.85,0.47889827849083483,1.3260533495422258,0.7013041440311267
32.875,0.4789987994080884,1.3257567260349004,0.7013437400708314
32.900000000000006,0.4790993276300162,1.3254601120253848,0.7013833379904537
32.925,0.47919986320586544,1.3251635075202963,0.7014229378386415
32.95,0.479300406184631,1.324866912525968,0.7014625396637926
32.975,0.4794009566150571,1.324570327048451,0.701502143514056
33.0,0.479501514545639,1.3242737510935165,0.7015417494373339
33.025000000000006,0.4796020800246245,1.3239771846666577,0.7015813574812825
33.05,0.4797026531000157,1.3236806277730913,0.7016209676933136
33.075,0.47980323381957035,1.3233840804177595,0.7016605801205964
33.1,0.47990382223080363,1.3230875426053321,0.7017001948100584
33.125,0.4800044183809898,1.3227910143402084,0.7017398118083872
33.150000000000006,0.4801050223171635,1.3224944956265186,0.7017794311620317
33.175,0.4802056340861216,1.322197986468126,0.7018190529172036
33.2,0.4803062537344245,1.3219014868686287,0.7018586771198788
33.225,0.4804068813083978,1.3216049968313617,0.7018983038157989
33.25,0.4805075168541339,1.3213085163593978,0.701937933050472
33.275000000000006,0.48060816041749327,1.3210120454555505,0.701977564869175
33.3,0.48070881204410615,1.320715584122375,0.7020171993169539
33.325,0.480809471779374,1.3204191323621703,0.7020568364386263
33.35,0.480910139668471,1.3201226901769811,0.7020964762787817
33.375,0.4810108157563455,1.319826257568599,0.7021361188817835
33.400000000000006,0.48111150008772147,1.3195298345385649,0.7021757642917701
33.425,0.4812121927071,1.31923342108817,0.7022154125526562
33.45,0.4813128936587606,1.3189370172184582,0.7022550637081343
33.475,0.481413602986763,1.3186406229302274,0.7022947178016756
33.5,0.48151432073494804,1.3183442382240311,0.7023343748765319
33.525000000000006,0.4816150469469396,1.3180478631001804,0.7023740349757365
33.55,0.48171578166614565,1.3177514975587454,0.7024136981421053
33.575,0.4818165249357599,1.3174551415995572,0.7024533644182386
33.6,0.4819172767987629,1.317158795222209,0.7024930338465221
33.625,0.48201803729792375,1.3168624584260582,0.702532706469128
33.650000000000006,0.48211880647580124,1.3165661312102277,0.7025723823280167
33.675,0.48221958437474527,1.316269813573608,0.7026120614649375
33.7,0.48232037103689823,1.315973505514858,0.7026517439214304
33.725,0.4824211665041963,1.3156772070324074,0.7026914297388269
33.75,0.4825219708183708,1.315380918124458,0.7027311189582516
33.775000000000006,0.4826227840209495,1.315084638788985,0.7027708116206229
33.8,0.482723606153258,1.314788369023739,0.7028105077666549
33.825,0.482824437256421,1.3144921088262471,0.702850207436858
33.85,0.4829252773713635,1.314195858193815,0.7028899106715406
33.875,0.4830261265388122,1.3138996171235278,0.7029296175108098
33.900000000000006,0.4831269847992969,1.3136033856122524,0.7029693279945731
33.925,0.4832278521931514,1.3133071636566382,0.7030090421625391
33.95,0.48332872876051514,1.3130109512531192,0.7030487600542191
33.975,0.4834296145413342,1.3127147483979151,0.703088481708928
34.0,0.4835305095753628,1.312418555087033,0.7031282071657856
34.025000000000006,0.4836314139021643,1.3121223713162689,0.7031679364637177
34.05,0.48373232756111245,1.3118261970812086,0.703207669641457
34.075,0.48383325059139276,1.3115300323772305,0.7032474067375448
34.1,0.48393418303200364,1.3112338771995056,0.703287147790332
34.125,0.4840351249217576,1.3109377315429995,0.7033268928379794
34.150000000000006,0.4841360762992824,1.3106415954024744,0.7033666419184603
34.175,0.48423703720302236,1.3103454687724891,0.7034063950695603
34.2,0.48433800767123936,1.3100493516474023,0.7034461523288789
34.225,0.48443898774201416,1.3097532440213722,0.7034859137338308
34.25,0.4845399774532476,1.309457145888359,0.7035256793216471
34.275000000000006,0.4846409768426616,1.3091610572421264,0.7035654491293756
34.3,0.4847419859478004,1.3088649780762418,0.7036052231938827
34.325,0.4848430048060317,1.3085689083840788,0.7036450015518543
34.35,0.4849440334545478,1.3082728481588182,0.7036847842397964
34.375,0.4850450719303667,1.3079767973934493,0.7037245712940369
34.400000000000006,0.48514612027033327,1.3076807560807713,0.703764362750726
34.425,0.48524717851112026,1.3073847242133945,0.7038041586458378
34.45,0.48534824668922955,1.307088701783742,0.7038439590151712
34.475,0.4854493248409931,1.3067926887840506,0.7038837638943505
34.5,0.4855504130025742,1.3064966852063724,0.703923573318827
34.525000000000006,0.4856515112099683,1.3062006910425756,0.70396338732388
34.55,0.4857526194990044,1.3059047062843467,0.7040032059446172
34.575,0.48585373790534586,1.3056087309231907,0.7040430292159766
34.6,0.48595486646449165,1.3053127649504335,0.704082857172727
34.625,0.4860560052117773,1.305016808357222,0.7041226898494689
34.650000000000006,0.4861571541823759,1.3047208611345265,0.704162527280636
34.675,0.4862583134112992,1.304424923273141,0.7042023695004956
34.7,0.4863594829333988,1.3041289947636852,0.7042422165431503
34.725,0.48646066278336686,1.303833075596605,0.7042820684425382
34.75,0.48656185299573734,1.3035371657621746,0.7043219252324343
34.775000000000006,0.486663053604887,1.3032412652504968,0.7043617869464518
34.8,0.48676426464503625,1.302945374051505,0.7044016536180424
34.825,0.4868654861502504,1.3026494921549636,0.7044415252804976
34.85,0.48696671815444037,1.3023536195504701,0.7044814019669499
34.875,0.487067960691364,1.3020577562274558,0.704521283710373
34.900000000000006,0.48716921379462663,1.301761902175187,0.7045611705435838
34.925,0.48727047749768243,1.301466057382766,0.7046010624992425
34.95,0.48737175183383524,1.301170221839133,0.7046409596098537
34.975,0.4874730368362394,1.300874395533066,0.7046808619077678
35.0,0.4875743325379009,1.3005785784531831,0.7047207694251812
35.025000000000006,0.48767563897167826,1.3002827705879434,0.7047606821941379
35.05,0.48777695617028344,1.2999869719256478,0.70480060024653
35.075,0.4878782841662827,1.2996911824544404,0.7048405236140988
35.1,0.4879796229920978,1.2993954021623093,0.7048804523284354
35.125,0.48808097268000655,1.2990996310370881,0.7049203864209822
35.150000000000006,0.48818233326214405,1.2988038690664572,0.7049603259230331
35.175,0.48828370477050337,1.298508116237944,0.7050002708657351
35.2,0.48838508723693663,1.2982123725389247,0.7050402212800885
35.225,0.48848648069315576,1.2979166379566258,0.705080177196948
35.25,0.4885878851707335,1.2976209124781242,0.7051201386470242
35.275000000000006,0.48868930070110417,1.2973251960903485,0.7051601056608833
35.3,0.4887907273155647,1.2970294887800806,0.705200078268949
35.325,0.4888921650452754,1.2967337905339567,0.7052400565015029
35.35,0.4889936139212607,1.2964381013384676,0.7052800403886852
35.375,0.48909507397441027,1.2961424211799606,0.705320029960496
35.400000000000006,0.48919654523547984,1.29584675004464,0.705360025246796
35.425,0.4892980277350919,1.2955510879185685,0.7054000262773068
35.45,0.48939952150373656,1.2952554347876681,0.7054400330816126
35.475,0.4895010265717726,1.2949597906377208,0.7054800456891606
35.5,0.48960254296942796,1.29466415545437,0.7055200641292616
35.525000000000006,0.48970407072680094,1.294368529223122,0.7055600884310913
35.55,0.48980560987386074,1.2940729119293455,0.7056001186236907
35.575,0.4899071604404484,1.293777303558274,0.7056401547359672
35.6,0.4900087224562777,1.2934817040950064,0.7056801967966954
35.625,0.4901102959509357,1.2931861135245077,0.7057202448345175
35.650000000000006,0.49021188095388374,1.2928905318316104,0.7057602988779447
35.675,0.4903134774944583,1.292594959001015,0.7058003589553575
35.7,0.49041508560187164,1.2922993950172914,0.7058404250950069
35.725,0.4905167053052126,1.2920038398648794,0.7058804973250147
35.75,0.49061833663344734,1.2917082935280904,0.7059205756733746
35.775000000000006,0.4907199796154204,1.2914127559911075,0.7059606601679532
35.8,0.49082163427985515,1.291117227237987,0.7060007508364903
35.825,0.49092330065535456,1.290821707252659,0.7060408477065996
35.85,0.49102497877040224,1.290526196018929,0.7060809508057702
35.875,0.4911266686533629,1.2902306935204773,0.7061210601613664
35.900000000000006,0.4912283703324833,1.289935199740862,0.7061611758006294
35.925,0.49133008383589283,1.2896397146635181,0.7062012977506773
35.95,0.4914318091916044,1.2893442382717597,0.7062414260385061
35.975,0.4915335464275151,1.28904877054878,0.7062815606909906
36.0,0.49163529557140695,1.2887533114776528,0.7063217017348848
36.025000000000006,0.49173705665094747,1.2884578610413329,0.7063618491968231
36.05,0.49183882969369075,1.2881624192226573,0.7064020031033205
36.075,0.4919406147270778,1.2878669860043461,0.7064421634807737
36.1,0.4920424117784375,1.2875715613690033,0.7064823303554617
36.125,0.4921442208749872,1.2872761452991177,0.7065225037535465
36.150000000000006,0.4922460420438335,1.2869807377770635,0.7065626837010738
36.175,0.49234787531197277,1.2866853387851014,0.7066028702239737
36.2,0.4924497207062921,1.2863899483053796,0.7066430633480615
36.225,0.49255157825356977,1.2860945663199344,0.7066832630990383
36.25,0.492653447980476,1.285799192810691,0.7067234695024917
36.275000000000006,0.4927553299135737,1.285503827759465,0.7067636825838963
36.3,0.492857224079319,1.2852084711479617,0.7068039023686151
36.325,0.4929591305040621,1.2849131229577786,0.7068441288818993
36.35,0.4930610492140478,1.2846177831704053,0.7068843621488894
36.375,0.4931629802354162,1.2843224517672247,0.7069246021946158
36.400000000000006,0.4932649235942034,1.2840271287295135,0.7069648490439997
36.425,0.493366879316342,1.2837318140384433,0.7070051027218532
36.45,0.49346884742766195,1.2834365076750809,0.7070453632528808
36.475,0.49357082795389107,1.28314120962039,0.7070856306616792
36.5,0.4936728209206557,1.282845919855231,0.7071259049727384
36.525000000000006,0.49377482635348136,1.2825506383603626,0.7071661862104425
36.55,0.49387684427779344,1.2822553651164417,0.7072064743990698
36.575,0.49397887471891766,1.281960100104025,0.7072467695627941
36.6,0.4940809177020808,1.2816648433035696,0.7072870717256848
36.625,0.49418297325241134,1.281369594695433,0.707327380911708
36.650000000000006,0.49428504139494006,1.2810743542598755,0.7073676971447265
36.675,0.4943871221546006,1.2807791219770588,0.707408020448501
36.7,0.49448921555623016,1.2804838978270487,0.7074483508466908
36.725,0.49459132162456987,1.2801886817898147,0.7074886883628536
36.75,0.4946934403842657,1.2798934738452312,0.7075290330204471
36.775000000000006,0.49479557185986894,1.279598273973078,0.7075693848428292
36.8,0.49489771607583666,1.279303082153041,0.7076097438532583
36.825,0.49499987305653237,1.2790078983647133,0.7076501100748943
36.85,0.4951020428262267,1.2787127225875956,0.7076904835307992
36.875,0.495204225409098,1.2784175548010972,0.7077308642439377
36.900000000000006,0.49530642082923254,1.2781223949845362,0.7077712522371774
36.925,0.49540862911062566,1.2778272431171407,0.7078116475332898
36.95,0.4955108502771819,1.2775320991780492,0.707852050154951
36.975,0.4956130843527156,1.2772369631463119,0.7078924601247418
37.0,0.49571533136095175,1.27694183500089,0.7079328774651487
37.025000000000006,0.4958175913255262,1.2766467147206586,0.707973302198564
37.05,0.49591986426998647,1.276351602284405,0.7080137343472872
37.075,0.4960221502177921,1.276056497670831,0.7080541739335247
37.1,0.49612444919231535,1.2757614008585532,0.7080946209793908
37.125,0.49622676121684167,1.275466311826103,0.7081350755069084
37.150000000000006,0.49632908631457023,1.2751712305519283,0.7081755375380091
37.175,0.49643142450861444,1.2748761570143936,0.7082160070945341
37.2,0.4965337758220026,1.2745810911917805,0.7082564841982348
37.225,0.4966361402776782,1.2742860330622892,0.7082969688707732
37.25,0.4967385178985007,1.2739909826040376,0.7083374611337223
37.275000000000006,0.4968409087072459,1.273695939795064,0.7083779610085669
37.3,0.4969433127266064,1.273400904613326,0.7084184685167041
37.325,0.4970457299791923,1.2731058770367016,0.7084589836794438
37.35,0.4971481604875315,1.2728108570429906,0.7084995065180092
37.375,0.4972506042740705,1.2725158446099143,0.7085400370535374
37.400000000000006,0.4973530613611744,1.2722208397151167,0.70858057530708
37.425,0.49745553177112806,1.2719258423361648,0.7086211212996032
37.45,0.497558015526136,1.2716308524505493,0.708661675051989
37.475,0.49766051264832323,1.2713358700356856,0.7087022365850351
37.5,0.4977630231597357,1.2710408950689134,0.7087428059194557
37.525000000000006,0.4978655470823406,1.2707459275274986,0.7087833830758823
37.55,0.4979680844380271,1.270450967388633,0.7088239680748636
37.575,0.4980706352486067,1.2701560146294353,0.7088645609368665
37.6,0.4981731995358136,1.2698610692269516,0.7089051616822761
37.625,0.49827577732130546,1.2695661311581559,0.7089457703313969
37.650000000000006,0.49837836862666357,1.2692712003999507,0.7089863869044528
37.675,0.4984809734733935,1.2689762769291677,0.7090270114215875
37.7,0.49858359188292545,1.2686813607225687,0.7090676439028656
37.725,0.4986862238766148,1.2683864517568453,0.7091082843682722
37.75,0.49878886947574264,1.2680915500086203,0.7091489328377143
37.775000000000006,0.49889152870151593,1.2677966554544478,0.7091895893310207
37.8,0.4989942015750683,1.267501768070814,0.7092302538679427
37.825,0.4990968881174602,1.267206887834138,0.7092709264681544
37.85,0.4991995883496797,1.2669120147207718,0.7093116071512534
37.875,0.4993023022926425,1.266617148707001,0.7093522959367612
37.900000000000006,0.4994050299671927,1.2663222897690458,0.7093929928441235
37.925,0.49950777139410313,1.266027437883061,0.709433697892711
37.95,0.49961052659407573,1.2657325930251366,0.7094744111018196
37.975,0.4997132955877421,1.2654377551712992,0.7095151324906709
38.0,0.4998160783956638,1.2651429242975112,0.7095558620784127
38.025000000000006,0.4999188750383328,1.264848100379672,0.7095965998841194
38.05,0.5000216855361721,1.2645532833936193,0.7096373459267926
38.075,0.5001245099095357,1.264258473315128,0.7096781002253615
38.1,0.5002273481787097,1.2639636701199122,0.7097188627986831
38.125,0.500330200363912,1.2636688737836246,0.7097596336655431
38.150000000000006,0.5004330664852931,1.263374084281858,0.7098004128446557
38.175,0.5005359465629364,1.2630793015901451,0.7098412003546648
38.2,0.5006388406168589,1.2627845256839596,0.709881996214144
38.225,0.500741748667011,1.2624897565387159,0.7099228004415972
38.25,0.5008446707332774,1.2621949941297703,0.7099636130554584
38.275000000000006,0.5009476068354775,1.2619002384324214,0.7100044340740933
38.3,0.5010505569933653,1.2616054894219104,0.7100452635157988
38.325,0.5011535212266305,1.2613107470734217,0.7100861013988037
38.35,0.5012564995548981,1.2610160113620836,0.7101269477412692
38.375,0.5013594919977297,1.2607212822629683,0.7101678025612892
38.400000000000006,0.501462498574623,1.2604265597510926,0.7102086658768908
38.425,0.5015655193050127,1.260131843801419,0.7102495377060347
38.45,0.5016685542082708,1.2598371343888553,0.7102904180666156
38.475,0.5017716033037071,1.259542431488255,0.7103313069764626
38.5,0.5018746666105689,1.259247735074419,0.7103722044533396
38.525000000000006,0.5019777441480424,1.2589530451220947,0.7104131105149457
38.55,0.5020808359352523,1.2586583616059774,0.7104540251789156
38.575,0.5021839419912625,1.2583636845007102,0.7104949484628202
38.6,0.5022870623350761,1.2580690137808848,0.7105358803841667
38.625,0.5023901969856366,1.2577743494210416,0.710576820960399
38.650000000000006,0.5024933459618272,1.2574796913956707,0.7106177702088983
38.675,0.5025965092824719,1.2571850396792121,0.7106587281469834
38.7,0.5026996869663356,1.2568903942460559,0.7106996947919111
38.725,0.5028028790321243,1.2565957550705429,0.7107406701608765
38.75,0.5029060854984858,1.2563011221269653,0.7107816542710136
38.775000000000006,0.5030093063840099,1.2560064953895669,0.7108226471393954
38.8,0.5031125417072285,1.2557118748325435,0.7108636487830343
38.825,0.5032157914866163,1.2554172604300438,0.7109046592188829
38.85,0.503319055740591,1.2551226521561691,0.7109456784638338
38.875,0.5034223344875136,1.2548280499849742,0.7109867065347205
38.900000000000006,0.5035256277456888,1.2545334538904678,0.7110277434483172
38.925,0.5036289355333651,1.2542388638466129,0.7110687892213396
38.95,0.5037322578687357,1.253944279827327,0.7111098438704453
38.975,0.5038355947699381,1.253649701806483,0.7111509074122336
39.0,0.5039389462550552,1.253355129757909,0.7111919798632467
39.025000000000006,0.5040423123421148,1.2530605636553898,0.7112330612399692
39.05,0.5041456930490906,1.2527660034726653,0.7112741515588293
39.075,0.5042490883939023,1.2524714491834334,0.7113152508361985
39.1,0.5043524983944155,1.2521769007613488,0.7113563590883922
39.125,0.504455923068443,1.2518823581800234,0.71139747633167
39.150000000000006,0.5045593624337439,1.2515878214130276,0.7114386025822362
39.175,0.5046628165080249,1.2512932904338903,0.71147973785624
39.2,0.5047662853089402,1.2509987652160985,0.7115208821697757
39.225,0.5048697688540917,1.2507042457330992,0.7115620355388834
39.25,0.5049732671610297,1.2504097319582987,0.7116031979795491
39.275000000000006,0.5050767802472527,1.2501152238650635,0.711644369507705
39.3,0.505180308130208,1.2498207214267198,0.7116855501392302
39.325,0.505283850827292,1.2495262246165555,0.7117267398899504
39.35,0.5053874083558505,1.2492317334078191,0.7117679387756387
39.375,0.5054909807331789,1.2489372477737208,0.711809146812016
39.400000000000006,0.5055945679765226,1.2486427676874328,0.7118503640147511
39.425,0.505698170103077,1.2483482931220895,0.7118915903994608
39.45,0.5058017871299885,1.2480538240507881,0.7119328259817109
39.475,0.5059054190743537,1.2477593604465886,0.7119740707770158
39.5,0.5060090659532209,1.2474649022825148,0.7120153248008393
39.525000000000006,0.5061127277835894,1.2471704495315539,0.7120565880685947
39.55,0.5062164045824102,1.2468760021666576,0.7120978605956453
39.575,0.5063200963665865,1.246581560160742,0.7121391423973044
39.6,0.5064238031529734,1.246287123486688,0.7121804334888359
39.625,0.5065275249583787,1.2459926921173419,0.7122217338854544
39.650000000000006,0.506631261799563,1.2456982660255156,0.7122630436023258
39.675,0.5067350136932397,1.2454038451839868,0.7123043626545674
39.7,0.5068387806560759,1.2451094295654999,0.7123456910572481
39.725,0.506942562704692,1.2448150191427656,0.712387028825389
39.75,0.5070463598556624,1.2445206138884617,0.7124283759739632
39.775000000000006,0.5071501721255155,1.2442262137752333,0.712469732517897
39.8,0.5072539995307342,1.2439318187756936,0.7125110984720691
39.825,0.507357842087756,1.2436374288624232,0.7125524738513116
39.85,0.5074616998129734,1.2433430440079716,0.7125938586704103
39.875,0.507565572722734,1.2430486641848568,0.7126352529441045
39.900000000000006,0.5076694608333406,1.2427542893655663,0.7126766566870879
39.925,0.5077733641610521,1.2424599195225563,0.7127180699140084
39.95,0.5078772827220831,1.2421655546282533,0.7127594926394687
39.975,0.5079812165326044,1.2418711946550536,0.7128009248780264
40.0,0.5080851656087433,1.2415768395753237,0.7128423666441943
40.025000000000006,0.5081891299665836,1.2412824893614014,0.7128838179524408
40.05,0.5082931096221662,1.240988143985595,0.7129252788171901
40.075,0.5083971045914893,1.2406938034201844,0.7129667492528226
40.1,0.5085011148905083,1.2403994676374215,0.7130082292736747
40.125,0.5086051405351362,1.2401051366095295,0.7130497188940398
40.150000000000006,0.5087091815412441,1.2398108103087042,0.7130912181281681
40.175,0.5088132379246612,1.2395164887071144,0.713132726990267
40.2,0.5089173097011749,1.2392221717769012,0.7131742454945013
40.225,0.5090213968865315,1.2389278594901796,0.7132157736549934
40.25,0.5091254994964359,1.2386335518190377,0.7132573114858242
40.275000000000006,0.5092296175465523,1.2383392487355376,0.7132988590010321
40.3,0.5093337510525039,1.2380449502117157,0.7133404162146146
40.325,0.5094379000298737,1.2377506562195828,0.7133819831405278
40.35,0.5095420644942042,1.2374563667311245,0.7134235597926868
40.375,0.5096462444609983,1.2371620817183013,0.713465146184966
40.400000000000006,0.5097504399457187,1.2368678011530492,0.7135067423311995
40.425,0.5098546509637887,1.23657352500728,0.7135483482451809
40.45,0.5099588775305923,1.2362792532528812,0.7135899639406641
40.475,0.5100631196614743,1.2359849858617167,0.7136315894313634
40.5,0.5101673773717407,1.2356907228056269,0.7136732247309534
40.525000000000006,0.5102716506766586,1.235396464056429,0.7137148698530698
40.55,0.5103759395914569,1.2351022095859174,0.713756524811309
40.575,0.510480244131326,1.2348079593658638,0.7137981896192291
40.6,0.5105845643114183,1.2345137133680177,0.7138398642903496
40.625,0.5106889001468484,1.2342194715641066,0.7138815488381517
40.650000000000006,0.5107932516526934,1.233925233925836,0.7139232432760787
40.675,0.5108976188439928,1.23363100042489,0.7139649476175364
40.7,0.5110020017357488,1.233336771032932,0.7140066618758927
40.725,0.5111064003429269,1.2330425457216034,0.7140483860644786
40.75,0.5112108146804555,1.2327483244625261,0.714090120196588
40.775000000000006,0.5113152447632265,1.2324541072273008,0.7141318642854779
40.8,0.5114196906060956,1.2321598939875082,0.714173618344369
40.825,0.5115241522238819,1.2318656847147098,0.7142153823864454
40.85,0.5116286296313688,1.2315714793804466,0.7142571564248554
40.875,0.5117331228433036,1.2312772779562409,0.7142989404727114
40.900000000000006,0.5118376318743983,1.2309830804135957,0.71434073454309
40.925,0.5119421567393294,1.2306888867239951,0.7143825386490326
40.95,0.5120466974527381,1.230394696858905,0.7144243528035452
40.975,0.5121512540292306,1.230100510789773,0.7144661770195992
41.0,0.5122558264833781,1.2298063284880278,0.7145080113101311
41.025,0.5123604148297174,1.2295121499250818,0.7145498556880427
41.050000000000004,0.5124650190827507,1.2292179750723289,0.7145917101662019
41.075,0.5125696392569458,1.2289238039011456,0.7146335747574423
41.1,0.5126742753667366,1.2286296363828921,0.7146754494745636
41.125,0.5127789274265231,1.2283354724889113,0.714717334330332
41.15,0.5128835954506714,1.2280413121905298,0.7147592293374803
41.175000000000004,0.5129882794535141,1.2277471554590578,0.7148011345087079
41.2,0.5130929794493505,1.2274530022657897,0.7148430498566813
41.225,0.5131976954524466,1.2271588525820036,0.7148849753940345
41.25,0.5133024274770356,1.2268647063789628,0.7149269111333685
41.275,0.5134071755373174,1.2265705636279147,0.7149688570872521
41.300000000000004,0.5135119396474598,1.2262764243000916,0.7150108132682219
41.325,0.5136167198215976,1.2259822883667115,0.7150527796887827
41.35,0.5137215160738338,1.2256881557989774,0.7150947563614073
41.375,0.5138263284182387,1.2253940265680778,0.7151367432985372
41.4,0.513931156868851,1.2250999006451877,0.7151787405125822
41.425000000000004,0.5140360014396775,1.2248057780014674,0.7152207480159215
41.45,0.5141408621446933,1.224511658608064,0.7152627658209028
41.475,0.5142457389978421,1.224217542436111,0.7153047939398433
41.5,0.5143506320130361,1.223923429456729,0.7153468323850296
41.525,0.5144555412041567,1.223629319641025,0.715388881168718
41.550000000000004,0.514560466585054,1.2233352129600938,0.7154309403031346
41.575,0.5146654081695474,1.2230411093850175,0.7154730098004755
41.6,0.5147703659714257,1.2227470088868655,0.7155150896729069
41.625,0.514875340004447,1.2224529114366955,0.7155571799325656
41.65,0.5149803302823394,1.2221588170055535,0.715599280591559
41.675000000000004,0.5150853368188004,1.2218647255644732,0.715641391661965
41.7,0.5151903596274978,1.2215706370844772,0.715683513155833
41.725,0.5152953987220694,1.2212765515365769,0.715725645085183
41.75,0.5154004541161232,1.2209824688917728,0.7157677874620065
41.775,0.5155055258232378,1.220688389121054,0.7158099402982668
41.800000000000004,0.5156106138569623,1.2203943121953997,0.7158521036058987
41.825,0.5157157182308164,1.2201002380857784,0.7158942773968087
41.85,0.515820838958291,1.2198061667631483,0.7159364616828756
41.875,0.5159259760528478,1.2195120981984577,0.7159786564759505
41.9,0.5160311295279197,1.2192180323626454,0.7160208617878568
41.925000000000004,0.5161362993969111,1.21892396922664,0.7160630776303906
41.95,0.5162414856731976,1.2186299087613615,0.7161053040153206
41.975,0.5163466883701266,1.21833585093772,0.7161475409543885
42.0,0.5164519075010173,1.2180417957266172,0.7161897884593094
42.025,0.5165571430791607,1.2177477430989458,0.7162320465417712
42.050000000000004,0.5166623951178199,1.2174536930255901,0.7162743152134358
42.075,0.5167676636302301,1.2171596454774258,0.7163165944859383
42.1,0.516872948629599,1.2168656004253204,0.716358884370888
42.125,0.5169782501291066,1.2165715578401337,0.7164011848798679
42.15,0.5170835681419055,1.2162775176927174,0.7164434960244352
42.175000000000004,0.5171889026811212,1.2159834799539158,0.7164858178161214
42.2,0.5172942537598519,1.2156894445945658,0.7165281502664326
42.225,0.5173996213911691,1.215395411585497,0.7165704933868493
42.25,0.5175050055881171,1.2151013808975322,0.7166128471888271
42.275,0.5176104063637136,1.214807352501487,0.7166552116837963
42.300000000000004,0.5177158237309497,1.2145133263681707,0.7166975868831625
42.325,0.5178212577027902,1.2142193024683858,0.7167399727983066
42.35,0.5179267082921734,1.213925280772929,0.7167823694405847
42.375,0.5180321755120113,1.2136312612525904,0.7168247768213288
42.4,0.5181376593751901,1.2133372438781544,0.7168671949518466
42.425000000000004,0.5182431598945698,1.2130432286203998,0.7169096238434215
42.45,0.5183486770829848,1.2127492154500996,0.7169520635073132
42.475,0.5184542109532437,1.2124552043380217,0.7169945139547576
42.5,0.5185597615181295,1.2121611952549285,0.7170369751969667
42.525,0.5186653287903998,1.2118671881715777,0.7170794472451296
42.550000000000004,0.518770912782787,1.211573183058722,0.7171219301104116
42.575,0.5188765135079979,1.2112791798871092,0.7171644238039548
42.6,0.5189821309787146,1.2109851786274832,0.7172069283368788
42.625,0.5190877652075941,1.210691179250583,0.7172494437202798
42.65,0.5191934162072687,1.210397181727144,0.7172919699652314
42.675000000000004,0.5192990839903456,1.2101031860278968,0.7173345070827848
42.7,0.519404768569408,1.2098091921235692,0.7173770550839687
42.725,0.519510469957014,1.2095151999848845,0.7174196139797894
42.75,0.5196161881656977,1.2092212095825632,0.7174621837812313
42.775,0.5197219232079687,1.208927220887322,0.7175047644992565
42.800000000000004,0.5198276750963127,1.2086332338698749,0.7175473561448055
42.825,0.5199334438431912,1.2083392485009323,0.7175899587287968
42.85,0.5200392294610419,1.2080452647512026,0.7176325722621278
42.875,0.5201450319622785,1.2077512825913908,0.717675196755674
42.9,0.5202508513592912,1.2074573019922,0.7177178322202898
42.925000000000004,0.5203566876644465,1.2071633229243306,0.7177604786668085
42.95,0.5204625408900876,1.2068693453584811,0.7178031361060422
42.975,0.520568411048534,1.2065753692653478,0.7178458045487823
43.0,0.5206742981520823,1.2062813946156252,0.7178884840057994
43.025,0.5207802022130058,1.2059874213800061,0.7179311744878435
43.050000000000004,0.5208861232435545,1.2056934495291818,0.717973876005644
43.075,0.520992061255956,1.2053994790338423,0.71801658856991
43.1,0.5210980162624145,1.2051055098646761,0.7180593121913306
43.125,0.5212039882751117,1.204811541992371,0.7181020468805746
43.15,0.5213099773062069,1.2045175753876138,0.7181447926482907
43.175000000000004,0.5214159833678363,1.2042236100210906,0.7181875495051081
43.2,0.5215220064721144,1.2039296458634863,0.7182303174616362
43.225,0.5216280466311328,1.2036356828854862,0.7182730965284648
43.25,0.5217341038569611,1.2033417210577746,0.7183158867161643
43.275,0.5218401781616466,1.2030477603510359,0.7183586880352857
43.300000000000004,0.5219462695572149,1.2027538007359546,0.7184015004963608
43.325,0.5220523780556693,1.2024598421832153,0.7184443241099024
43.35,0.5221585036689914,1.2021658846635026,0.7184871588864045
43.375,0.5222646464091413,1.2018719281475017,0.7185300048363419
43.4,0.5223708062880571,1.2015779726058984,0.7185728619701711
43.425000000000004,0.5224769833176555,1.2012840180093793,0.7186157302983299
43.45,0.5225831775098317,1.2009900643286318,0.7186586098312375
43.475,0.5226893888764597,1.200696111534344,0.718701500579295
43.5,0.522795617429392,1.2004021595972054,0.7187444025528852
43.525,0.52290186318046,1.2001082084879067,0.7187873157623725
43.550000000000004,0.5230081261414741,1.19981425817714,0.7188302402181039
43.575,0.5231144063242236,1.199520308635599,0.7188731759304081
43.6,0.5232207037404769,1.1992263598339792,0.7189161229095962
43.625,0.5233270184019817,1.1989324117429776,0.7189590811659616
43.65,0.5234333503204648,1.1986384643332935,0.7190020507097805
43.675000000000004,0.5235396995076325,1.198344517575628,0.7190450315513113
43.7,0.5236460659751705,1.1980505714406846,0.7190880237007952
43.725,0.523752449734744,1.1977566258991692,0.7191310271684563
43.75,0.5238588507979978,1.19746268092179,0.7191740419645017
43.775,0.5239652691765565,1.197168736479258,0.7192170680991216
43.800000000000004,0.5240717048820244,1.196874792542287,0.719260105582489
43.825,0.5241781579259857,1.1965808490815932,0.7193031544247606
43.85,0.5242846283200046,1.1962869060678967,0.7193462146360762
43.875,0.5243911160756252,1.19599296347192,0.7193892862265593
43.9,0.5244976212043719,1.1956990212643892,0.7194323692063168
43.925000000000004,0.5246041437177492,1.1954050794160338,0.7194754635854393
43.95,0.5247106836272419,1.1951111378975867,0.7195185693740015
43.975,0.5248172409443151,1.1948171966797845,0.7195616865820617
44.0,0.5249238156804146,1.1945232557333676,0.7196048152196622
44.025,0.5250304078469662,1.1942293150290804,0.7196479552968298
44.050000000000004,0.5251370174553768,1.193935374537671,0.7196911068235751
44.075,0.5252436445170338,1.1936414342298922,0.7197342698098933
44.1,0.5253502890433053,1.1933474940765008,0.719777444265764
44.125,0.5254569510455402,1.1930535540482576,0.7198206302011511
44.15,0.5255636305350686,1.1927596141159287,0.7198638276260034
44.175000000000004,0.5256703275232012,1.1924656742502842,0.7199070365502545
44.2,0.5257770420212299,1.192171734422099,0.7199502569838225
44.225,0.5258837740404277,1.1918777946021535,0.7199934889366107
44.25,0.525990523592049,1.1915838547612323,0.7200367324185075
44.275,0.5260972906873292,1.1912899148701257,0.7200799874393862
44.300000000000004,0.5262040753374853,1.190995974899629,0.7201232540091054
44.325,0.5263108775537154,1.1907020348205428,0.720166532137509
44.35,0.5264176973471995,1.1904080946036733,0.7202098218344265
44.375,0.5265245347290987,1.1901141542198321,0.7202531231096727
44.4,0.526631389710556,1.1898202136398368,0.7202964359730483
44.425000000000004,0.5267382623026963,1.1895262728345104,0.7203397604343392
44.45,0.5268451525166258,1.1892323317746822,0.7203830965033178
44.475,0.5269520603634328,1.1889383904311874,0.7204264441897418
44.5,0.5270589858541875,1.1886444487748673,0.7204698035033551
44.525,0.5271659289999421,1.1883505067765694,0.7205131744538877
44.550000000000004,0.5272728898117307,1.1880565644071477,0.7205565570510558
44.575,0.5273798683005697,1.1877626216374626,0.7205999513045618
44.6,0.5274868644774575,1.1874686784383812,0.7206433572240944
44.625,0.5275938783533748,1.1871747347807773,0.720686774819329
44.65,0.5277009099392845,1.1868807906355312,0.720730204099927
44.675000000000004,0.5278079592461322,1.1865868459735305,0.7207736450755371
44.7,0.5279150262848455,1.1862929007656697,0.7208170977557941
44.725,0.5280221110663348,1.1859989549828505,0.7208605621503199
44.75,0.5281292136014928,1.1857050085959815,0.7209040382687233
44.775,0.5282363339011951,1.185411061575979,0.7209475261206
44.800000000000004,0.5283434719762997,1.1851171138937666,0.7209910257155326
44.825,0.5284506278376475,1.1848231655202757,0.7210345370630912
44.85,0.5285578014960622,1.184529216426445,0.7210780601728327
44.875,0.5286649929623504,1.184235266583221,0.7211215950543017
44.9,0.5287722022473013,1.1839413159615582,0.72116514171703
44.925000000000004,0.5288794293616874,1.183647364532419,0.7212087001705366
44.95,0.5289866743162643,1.1833534122667742,0.7212522704243285
44.975,0.5290939371217704,1.183059459135602,0.7212958524879001
45.0,0.5292012177889275,1.1827655051098898,0.7213394463707336
45.025,0.5293085163284403,1.1824715501606324,0.7213830520822989
45.050000000000004,0.5294158327509972,1.1821775942588337,0.721426669632054
45.075,0.5295231670672697,1.1818836373755062,0.7214702990294446
45.1,0.5296305192879124,1.1815896794816707,0.7215139402839045
45.125,0.5297378894235637,1.181295720548357,0.7215575934048557
45.15,0.5298452774848454,1.1810017605466037,0.7216012584017083
45.175000000000004,0.5299526834823628,1.1807077994474584,0.7216449352838608
45.2,0.5300601074267047,1.1804138372219777,0.7216886240606998
45.225,0.5301675493284439,1.1801198738412273,0.7217323247416005
45.25,0.5302750091981364,1.1798259092762822,0.7217760373359268
45.275,0.5303824870463223,1.1795319434982268,0.7218197618530307
45.300000000000004,0.5304899828835253,1.1792379764781546,0.7218634983022532
45.325,0.5305974967202532,1.1789440081871694,0.7219072466929239
45.35,0.5307050285669975,1.1786500385963836,0.7219510070343613
45.375,0.5308125784342337,1.1783560676769202,0.7219947793358727
45.4,0.5309201463324212,1.1780620953999115,0.7220385636067543
45.425000000000004,0.5310277322720038,1.1777681217364997,0.7220823598562914
45.45,0.5311353362634091,1.1774741466578373,0.7221261680937584
45.475,0.5312429583170489,1.1771801701350866,0.7221699883284187
45.5,0.5313505984433192,1.17688619213942,0.7222138205695252
45.525,0.5314582566526003,1.1765922126420205,0.7222576648263198
45.550000000000004,0.5315659329552567,1.1762982316140813,0.722301521108034
45.575,0.5316736273616374,1.176004249026806,0.7223453894238888
45.6,0.5317813398820758,1.1757102648514084,0.7223892697830945
45.625,0.5318890705268895,1.1754162790591136,0.722433162194851
45.65,0.5319968193063808,1.1751222916211568,0.722477066668348
45.675000000000004,0.5321045862308363,1.1748283025087844,0.7225209832127648
45.7,0.5322123713105276,1.1745343116932534,0.7225649118372707
45.725,0.5323201745557103,1.174240319145832,0.7226088525510245
45.75,0.5324279959766253,1.173946324837799,0.7226528053631751
45.775,0.5325358355834977,1.173652328740445,0.7226967702828616
45.800000000000004,0.5326436933865377,1.1733583308250712,0.7227407473192128
45.825,0.5327515693959401,1.1730643310629905,0.7227847364813478
45.85,0.5328594636218846,1.172770329425527,0.7228287377783759
45.875,0.5329673760745357,1.172476325884016,0.7228727512193965
45.9,0.5330753067640428,1.1721823204098052,0.7229167768134995
45.925000000000004,0.5331832557005405,1.171888312974253,0.7229608145697651
45.95,0.5332912228941481,1.1715943035487302,0.723004864497264
45.975,0.53339920835497,1.171300292104619,0.7230489266050572
46.0,0.5335072120930959,1.1710062786133135,0.7230930009021963
46.025,0.5336152341186005,1.17071226304622,0.7231370873977239
46.050000000000004,0.5337232744415433,1.1704182453747565,0.7231811861006727
46.075,0.5338313330719697,1.1701242255703534,0.7232252970200668
46.1,0.5339394100199097,1.1698302036044534,0.7232694201649205
46.125,0.534047505295379,1.1695361794485113,0.7233135555442393
46.15,0.5341556189083784,1.1692421530739943,0.7233577031670196
46.175000000000004,0.534263750868894,1.1689481244523818,0.7234018630422488
46.2,0.5343719011868975,1.1686540935551661,0.7234460351789053
46.225,0.5344800698723458,1.168360060353852,0.7234902195859585
46.25,0.5345882569351814,1.1680660248199566,0.7235344162723691
46.275,0.5346964623853323,1.1677719869250103,0.7235786252470892
46.300000000000004,0.5348046862327119,1.167477946640556,0.7236228465190617
46.325,0.5349129284872195,1.1671839039381497,0.7236670800972214
46.35,0.5350211891587395,1.1668898587893604,0.723711325990494
46.375,0.5351294682571424,1.1665958111657697,0.7237555842077971
46.4,0.535237765792284,1.166301761038973,0.7237998547580393
46.425000000000004,0.535346081774006,1.1660077083805782,0.7238441376501212
46.45,0.535454416212136,1.1657136531622072,0.7238884328929349
46.475,0.5355627691164869,1.1654195953554947,0.723932740495364
46.5,0.5356711404968579,1.1651255349320893,0.7239770604662841
46.525,0.5357795303630339,1.1648314718636525,0.7240213928145623
46.550000000000004,0.5358879387247855,1.16453740612186,0.7240657375490578
46.575,0.5359963655918693,1.164243337678401,0.7241100946786215
46.6,0.5361048109740277,1.1639492665049778,0.7241544642120964
46.625,0.5362132748809895,1.1636551925733074,0.7241988461583172
46.65,0.536321757322469,1.1633611158551203,0.724243240526111
46.675000000000004,0.5364302583081668,1.1630670363221607,0.7242876473242968
46.7,0.5365387778477695,1.162772953946187,0.7243320665616859
46.725,0.5366473159509497,1.1624788686989718,0.7243764982470816
46.75,0.5367558726273662,1.1621847805523018,0.7244209423892796
46.775,0.536864447886664,1.1618906894779777,0.7244653989970677
46.800000000000004,0.5369730417384742,1.1615965954478147,0.7245098680792265
46.825,0.5370816541924139,1.1613024984336424,0.7245543496445285
46.85,0.537190285258087,1.1610083984073047,0.7245988437017389
46.875,0.537298934945083,1.1607142953406602,0.7246433502596155
46.9,0.5374076032629781,1.1604201892055817,0.7246878693269083
46.925000000000004,0.5375162902213347,1.1601260799739568,0.7247324009123604
46.95,0.5376249958297016,1.159831967617688,0.7247769450247069
46.975,0.5377337200976138,1.1595378521086923,0.7248215016726762
47.0,0.5378424630345928,1.1592437334189019,0.7248660708649892
47.025,0.5379512246501467,1.1589496115202633,0.7249106526103596
47.050000000000004,0.5380600049537697,1.1586554863847387,0.7249552469174938
47.075,0.5381688039549427,1.1583613579843048,0.7249998537950914
47.1,0.5382776216631331,1.1580672262909537,0.7250444732518446
47.125,0.5383864580877947,1.1577730912766924,0.7250891052964388
47.15,0.538495313238368,1.1574789529135432,0.7251337499375523
47.175000000000004,0.5386041871242798,1.1571848111735439,0.7251784071838565
47.2,0.5387130797549439,1.1568906660287477,0.7252230770440159
47.225,0.5388219911397604,1.156596517451223,0.7252677595266882
47.25,0.538930921288116,1.1563023654130535,0.7253124546405243
47.275,0.5390398702093845,1.1560082098863391,0.7253571623941683
47.300000000000004,0.5391488379129259,1.155714050843195,0.7254018827962575
47.325,0.5392578244080872,1.1554198882557516,0.7254466158554227
47.35,0.539366829704202,1.155125722096156,0.725491361580288
47.375,0.5394758538105908,1.1548315523365702,0.725536119979471
47.400000000000006,0.5395848967365607,1.1545373789491726,0.7255808910615826
47.425000000000004,0.5396939584914057,1.1542432019061575,0.7256256748352273
47.45,0.5398030390844065,1.153949021179735,0.7256704713090031
47.475,0.539912138524831,1.1536548367421315,0.7257152804915016
47.5,0.5400212568219335,1.1533606485655894,0.7257601023913081
47.525000000000006,0.5401303939849554,1.1530664566223672,0.7258049370170013
47.550000000000004,0.5402395500231251,1.1527722608847397,0.7258497843771541
47.575,0.5403487249456577,1.1524780613249983,0.7258946444803327
47.6,0.5404579187617554,1.1521838579154502,0.7259395173350972
47.625,0.5405671314806074,1.1518896506284195,0.7259844029500017
47.650000000000006,0.5406763631113898,1.1515954394362464,0.7260293013335939
47.675000000000004,0.5407856136632656,1.1513012243112881,0.7260742124944155
47.7,0.540894883145385,1.151007005225918,0.7261191364410023
47.725,0.5410041715668852,1.1507127821525265,0.726164073181884
47.75,0.5411134789368903,1.1504185550635204,0.7262090227255842
47.775000000000006,0.5412228052645117,1.1501243239313237,0.7262539850806206
47.800000000000004,0.5413321505588478,1.1498300887283768,0.7262989602555051
47.825,0.541441514828984,1.149535849427137,0.7263439482587437
47.85,0.5415508980839928,1.149241606000079,0.7263889490988366
47.875,0.5416603003329342,1.148947358419694,0.726433962784278
47.900000000000006,0.541769721584855,1.148653106658491,0.7264789893235566
47.925000000000004,0.5418791618487894,1.1483588506889955,0.7265240287251553
47.95,0.5419886211337586,1.1480645904837499,0.7265690809975512
47.975,0.5420980994487711,1.1477703260153147,0.726614146149216
48.0,0.5422075968028226,1.1474760572562672,0.7266592241886157
48.025000000000006,0.5423171132048961,1.1471817841792022,0.7267043151242105
48.050000000000004,0.5424266486639616,1.146887506756732,0.7267494189644553
48.075,0.5425362031889769,1.1465932249614859,0.7267945357177995
48.1,0.5426457767888865,1.1462989387661113,0.7268396653926869
48.125,0.5427553694726226,1.1460046481432729,0.7268848079975558
48.150000000000006,0.5428649812491045,1.145710353065653,0.7269299635408394
48.175000000000004,0.542974612127239,1.1454160535059517,0.7269751320309653
48.2,0.5430842621159199,1.1451217494368868,0.7270203134763559
48.225,0.5431939312240287,1.1448274408311943,0.727065507885428
48.25,0.5433036194604342,1.144533127661627,0.7271107152665935
48.275000000000006,0.5434133268339923,1.144238809900957,0.727155935628259
48.300000000000004,0.5435230533535468,1.1439444875219733,0.7272011689788256
48.325,0.5436327990279285,1.1436501604974831,0.7272464153266895
48.35,0.5437425638659557,1.1433558288003123,0.7272916746802419
48.375,0.5438523478764341,1.143061492403304,0.7273369470478686
48.400000000000006,0.543962151068157,1.1427671512793203,0.7273822324379502
48.425000000000004,0.5440719734499051,1.142472805401241,0.7274275308588627
48.45,0.5441818150304464,1.1421784547419644,0.7274728423189768
48.475,0.5442916758185365,1.1418840992744073,0.7275181668266584
48.5,0.5444015558229186,1.1415897389715042,0.7275635043902682
48.525000000000006,0.5445114550523231,1.141295373806209,0.7276088550181622
48.550000000000004,0.5446213735154681,1.1410010037514935,0.7276542187186913
48.575,0.5447313112210593,1.140706628780348,0.7276995955002018
48.6,0.5448412681777898,1.1404122488657817,0.7277449853710349
48.625,0.5449512443943402,1.1401178639808225,0.7277903883395274
48.650000000000006,0.5450612398793786,1.1398234740985167,0.7278358044140107
48.675000000000004,0.5451712546415609,1.1395290791919293,0.7278812336028121
48.7,0.5452812886895304,1.1392346792341443,0.7279266759142538
48.725,0.545391342031918,1.1389402741982648,0.7279721313566533
48.75,0.5455014146773421,1.1386458640574124,0.7280175999383236
48.775000000000006,0.5456115066344089,1.1383514487847277,0.7280630816675732
48.800000000000004,0.545721617911712,1.1380570283533706,0.7281085765527057
48.825,0.5458317485178328,1.1377626027365197,0.7281540846020202
48.85,0.54594189846134,1.137468171907373,0.7281996058238115
48.875,0.5460520677507902,1.1371737358391472,0.7282451402263695
48.900000000000006,0.5461622563947275,1.1368792945050785,0.72829068781798
48.925000000000004,0.5462724644016838,1.1365848478784226,0.7283362486069239
48.95,0.5463826917801784,1.1362903959324542,0.7283818226014781
48.975,0.5464929385387185,1.1359959386404674,0.7284274098099148
49.0,0.5466032046857988,1.1357014759757758,0.7284730102405019
49.025000000000006,0.5467134902299018,1.1354070079117122,0.728518623901503
49.050000000000004,0.5468237951794975,1.1351125344216293,0.7285642508011773
49.075,0.5469341195430438,1.134818055478899,0.7286098909477795
49.1,0.547044463328986,1.1345235710569126,0.7286555443495605
49.125,0.5471548265457573,1.1342290811290818,0.7287012110147665
49.150000000000006,0.5472652092017786,1.1339345856688374,0.7287468909516396
49.175000000000004,0.5473756113054583,1.13364008464963,0.7287925841684177
49.2,0.5474860328651928,1.13334557804493,0.7288382906733347
49.225,0.547596473889366,1.1330510658282278,0.72888401047462
49.25,0.5477069343863498,1.1327565479730335,0.7289297435804992
49.275000000000006,0.5478174143645033,1.1324620244528774,0.7289754899991936
49.300000000000004,0.5479279138321738,1.1321674952413092,0.7290212497389204
49.325,0.5480384327976962,1.1318729603118993,0.7290670228078926
49.35,0.548148971269393,1.1315784196382377,0.7291128092143195
49.375,0.5482595292555746,1.1312838731939348,0.7291586089664064
49.400000000000006,0.5483701067645391,1.130989320952621,0.7292044220723541
49.425000000000004,0.5484807038045724,1.130694762887947,0.72925024854036
49.45,0.5485913203839479,1.1304001989735835,0.7292960883786171
49.475,0.548701956510927,1.1301056291832217,0.7293419415953148
49.5,0.548812612193759,1.1298110534905732,0.7293878081986386
49.525000000000006,0.5489232874406805,1.1295164718693702,0.7294336881967697
49.550000000000004,0.5490339822599164,1.1292218842933648,0.729479581597886
49.575,0.5491446966596789,1.12892729073633,0.7295254884101611
49.6,0.5492554306481682,1.1286326911720588,0.7295714086417651
49.625,0.5493661842335722,1.1283380855743654,0.7296173423008641
49.650000000000006,0.5494769574240665,1.1280434739170846,0.7296632893956204
49.675000000000004,0.5495877502278148,1.1277488561740712,0.7297092499341928
49.7,0.5496985626529682,1.1274542323192014,0.7297552239247362
49.725,0.5498093947076659,1.127159602326372,0.7298012113754019
49.75,0.5499202464000345,1.1268649661695,0.7298472122943372
49.775000000000006,0.5500311177381886,1.1265703238225242,0.7298932266896861
49.800000000000004,0.5501420087302307,1.1262756752594036,0.7299392545695887
49.825,0.5502529193842509,1.1259810204541183,0.7299852959421815
49.85,0.5503638497083272,1.1256863593806694,0.7300313508155976
49.875,0.5504747997105252,1.125391692013079,0.7300774191979661
49.900000000000006,0.5505857693988984,1.1250970183253906,0.730123501097413
49.925000000000004,0.550696758781488,1.124802338291668,0.7301695965220604
49.95,0.5508077678663234,1.124507651885997,0.730215705480027
49.975,0.5509187966614211,1.124212959082484,0.7302618279794281
50.0,0.5510298451747859,1.123918259855257,0.7303079640283752
50.025000000000006,0.5511409134144103,1.1236235541784652,0.7303541136349765
50.050000000000004,0.5512520013882743,1.1233288420262788,0.7304002768073368
50.075,0.551363109104346,1.1230341233728898,0.7304464535535572
50.1,0.5514742365705813,1.1227393981925113,0.7304926438817357
50.125,0.5515853837949234,1.1224446664593781,0.7305388477999668
50.150000000000006,0.5516965507853039,1.1221499281477463,0.7305850653163414
50.175000000000004,0.5518077375496419,1.1218551832318937,0.7306312964389472
50.2,0.5519189440958441,1.1215604316861194,0.7306775411758686
50.225,0.5520301704318052,1.1212656734847444,0.7307237995351865
50.25,0.5521414165654078,1.1209709086021111,0.7307700715249786
50.275000000000006,0.552252682504522,1.120676137012584,0.7308163571533194
50.300000000000004,0.5523639682570056,1.120381358690549,0.7308626564282797
50.325,0.5524752738307045,1.1200865736104137,0.7309089693579276
50.35,0.5525865992334521,1.119791781746608,0.7309552959503274
50.375,0.5526979444730697,1.1194969830735833,0.7310016362135404
50.400000000000006,0.5528093095573664,1.1192021775658128,0.7310479901556248
50.425000000000004,0.5529206944941388,1.118907365197792,0.7310943577846355
50.45,0.5530320992911716,1.1186125459440384,0.7311407391086241
50.475,0.5531435239562369,1.118317719779091,0.7311871341356391
50.5,0.5532549684970948,1.1180228866775115,0.7312335428737259
50.525000000000006,0.553366432921493,1.1177280466138835,0.7312799653309267
50.550000000000004,0.553477917237167,1.1174331995628126,0.7313264015152805
50.575,0.5535894214518401,1.117138345498927,0.7313728514348233
50.6,0.5537009455732232,1.1168434843968766,0.731419315097588
50.625,0.5538124896090151,1.1165486162313338,0.7314657925116042
50.650000000000006,0.553924053566902,1.1162537409769937,0.7315122836848986
50.675000000000004,0.5540356374545582,1.1159588586085731,0.7315587886254951
50.7,0.5541472412796455,1.1156639691008117,0.731605307341414
50.725,0.5542588650498136,1.1153690724284715,0.7316518398406732
50.75,0.5543705087726996,1.1150741685663368,0.7316983861312869
50.775000000000006,0.5544821724559283,1.1147792574892148,0.7317449462212668
50.800000000000004,0.5545938561071126,1.1144843391719348,0.7317915201186216
50.825,0.5547055597338528,1.114189413589349,0.7318381078313566
50.85,0.5548172833437369,1.1138944807163325,0.7318847093674746
50.875,0.5549290269443407,1.1135995405277825,0.7319313247349752
50.900000000000006,0.5550407905432274,1.1133045929986194,0.7319779539418553
50.925000000000004,0.5551525741479483,1.113009638103786,0.7320245969961086
50.95,0.5552643777660419,1.112714675818248,0.732071253905726
50.975,0.5553762014050346,1.1124197061169943,0.7321179246786956
51.0,0.5554880450724405,1.112124728975036,0.7321646093230025
51.025000000000006,0.5555999087757613,1.111829744367408,0.7322113078466289
51.050000000000004,0.5557117925224861,1.111534752269167,0.7322580202575543
51.075,0.5558236963200921,1.1112397526553939,0.7323047465637552
51.1,0.5559356201760437,1.110944745501192,0.7323514867732054
51.125,0.5560475640977931,1.1106497307816878,0.7323982408938756
51.150000000000006,0.5561595280927801,1.1103547084720307,0.7324450089337341
51.175000000000004,0.5562715121684321,1.1100596785473935,0.7324917909007461
51.2,0.556383516332164,1.1097646409829725,0.7325385868028742
51.225,0.5564955405913785,1.1094695957539864,0.732585396648078
51.25,0.5566075849534657,1.1091745428356778,0.7326322204443144
51.275000000000006,0.5567196494258034,1.1088794822033128,0.7326790581995378
51.300000000000004,0.5568317340157568,1.10858441383218,0.7327259099216996
51.325,0.5569438387306788,1.1082893376975922,0.7327727756187484
51.35,0.5570559635779098,1.1079942537748853,0.7328196552986304
51.375,0.5571681085647777,1.1076991620394185,0.7328665489692886
51.400000000000006,0.5572802736985981,1.1074040624665749,0.7329134566386638
51.425000000000004,0.557392458986674,1.1071089550317608,0.732960378314694
51.45,0.557504664436296,1.1068138397104061,0.7330073140053142
51.475,0.557616890054742,1.1065187164779646,0.7330542637184569
51.5,0.5577291358492776,1.1062235853099136,0.7331012274620522
51.525000000000006,0.5578414018271559,1.105928446181754,0.7331482052440272
51.550000000000004,0.5579536879956174,1.1056332990690105,0.7331951970723066
51.575,0.55806599436189,1.1053381439472314,0.7332422029548122
51.6,0.5581783209331892,1.1050429807919893,0.7332892228994634
51.625,0.5582906677167181,1.1047478095788799,0.7333362569141769
51.650000000000006,0.5584030347196669,1.1044526302835234,0.7333833050068669
51.675000000000004,0.5585154219492134,1.1041574428815637,0.7334303671854449
51.7,0.558627829412523,1.1038622473486688,0.7334774434578197
51.725,0.5587402571167481,1.1035670436605303,0.7335245338318979
51.75,0.5588527050690291,1.1032718317928643,0.733571638315583
51.775000000000006,0.5589651732764931,1.1029766117214106,0.7336187569167764
51.800000000000004,0.5590776617462552,1.1026813834219333,0.7336658896433766
51.825,0.5591901704854175,1.1023861468702207,0.73371303650328
51.85,0.5593026995010697,1.1020909020420853,0.73376019750438
51.875,0.5594152488002887,1.1017956489133633,0.7338073726545677
51.900000000000006,0.5595278183901389,1.1015003874599159,0.7338545619617317
51.925000000000004,0.5596404082776718,1.101205117657628,0.733901765433758
51.95,0.5597530184699264,1.1009098394824093,0.7339489830785301
51.975,0.5598656489739291,1.1006145529101934,0.733996214903929
52.0,0.5599782997966933,1.1003192579169387,0.7340434609178333
52.025000000000006,0.5600909709452201,1.1000239544786279,0.7340907211281191
52.050000000000004,0.5602036624264976,1.0997286425712682,0.73413799554266
52.075,0.560316374247501,1.0994333221708912,0.734185284169327
52.1,0.5604291064151934,1.099137993253553,0.7342325870159889
52.125,0.5605418589365244,1.0988426557953346,0.7342799040905118
52.150000000000006,0.5606546318184314,1.0985473097723413,0.7343272354007595
52.175000000000004,0.5607674250678387,1.0982519551607033,0.7343745809545933
52.2,0.5608802386916579,1.0979565919365752,0.7344219407598721
52.225,0.560993072696788,1.0976612200761366,0.7344693148244524
52.25,0.5611059270901148,1.0973658395555919,0.7345167031561882
52.275000000000006,0.5612188018785115,1.0970704503511701,0.7345641057629312
52.300000000000004,0.5613316970688386,1.096775052439125,0.7346115226525305
52.325,0.5614446126679434,1.0964796457957358,0.7346589538328331
52.35,0.5615575486826608,1.0961842303973057,0.7347063993116832
52.375,0.5616705051198124,1.0958888062201637,0.7347538590969231
52.400000000000006,0.5617834819862072,1.0955933732406633,0.7348013331963923
52.425000000000004,0.5618964792886411,1.0952979314351834,0.7348488216179281
52.45,0.5620094970338971,1.0950024807801275,0.7348963243693654
52.475,0.5621225352287456,1.0947070212519245,0.7349438414585366
52.5,0.5622355938799436,1.0944115528270284,0.7349913728932721
52.525000000000006,0.5623486729942355,1.0941160754819184,0.7350389186813997
52.550000000000004,0.5624617725783526,1.0938205891930988,0.7350864788307447
52.575,0.5625748926390132,1.093525093937099,0.7351340533491304
52.6,0.5626880331829225,1.093229589690474,0.7351816422443775
52.625,0.562801194216773,1.092934076429804,0.7352292455243045
52.650000000000006,0.562914375747244,1.0926385541316943,0.7352768631967274
52.675000000000004,0.5630275777810018,1.092343022772776,0.73532449526946
52.7,0.5631408003246996,1.0920474823297053,0.7353721417503138
52.725,0.5632540433849775,1.091751932779164,0.7354198026470982
52.75,0.5633673069684628,1.0914563740978593,0.7354674779676197
52.775000000000006,0.5634805910817694,1.091160806262524,0.735515167719683
52.800000000000004,0.5635938957314983,1.0908652292499164,0.7355628719110902
52.825,0.5637072209242373,1.0905696430368206,0.7356105905496412
52.85,0.563820566666561,1.0902740476000459,0.7356583236431338
52.875,0.5639339329650309,1.0899784429164276,0.7357060711993632
52.900000000000006,0.5640473198261955,1.0896828289628269,0.7357538332261224
52.925000000000004,0.5641607272565899,1.08938720571613,0.7358016097312023
52.95,0.5642741552627363,1.0890915731532498,0.7358494007223914
52.975,0.5643876038511433,1.0887959312511242,0.7358972062074757
53.0,0.5645010730283065,1.0885002799867174,0.7359450261942393
53.025000000000006,0.5646145628007084,1.0882046193370196,0.7359928606904638
53.050000000000004,0.564728073174818,1.0879089492790466,0.7360407097039285
53.075,0.5648416041570912,1.08761326978984,0.7360885732424106
53.1,0.5649551557539705,1.087317580846468,0.736136451313685
53.125,0.5650687279718851,1.087021882426024,0.7361843439255241
53.150000000000006,0.5651823208172511,1.0867261745056283,0.7362322510856985
53.175000000000004,0.565295934296471,1.0864304570624268,0.7362801728019761
53.2,0.5654095684159341,1.0861347300735915,0.7363281090821229
53.225,0.5655232231820165,1.0858389935163208,0.7363760599339023
53.25,0.5656368986010807,1.0855432473678395,0.7364240253650758
53.275000000000006,0.5657505946794756,1.0852474916053978,0.7364720053834024
53.300000000000004,0.5658643114235373,1.084951726206273,0.736519999996639
53.325,0.5659780488395879,1.0846559511477682,0.7365680092125402
53.35,0.5660918069339363,1.0843601664072133,0.7366160330388584
53.375,0.5662055857128782,1.0840643719619643,0.7366640714833437
53.400000000000006,0.5663193851826952,1.0837685677894033,0.736712124553744
53.425000000000004,0.566433205349656,1.0834727538669395,0.7367601922578051
53.45,0.5665470462200156,1.083176930172008,0.7368082746032704
53.475,0.5666609078000153,1.0828810966820708,0.736856371597881
53.5,0.5667747900958832,1.0825852533746163,0.7369044832493761
53.525000000000006,0.5668886931138334,1.0822894002271595,0.7369526095654924
53.550000000000004,0.5670026168600668,1.0819935372172418,0.7370007505539644
53.575,0.5671165613407707,1.0816976643224316,0.7370489062225245
53.6,0.5672305265621186,1.081401781520324,0.7370970765789028
53.625,0.5673445125302704,1.0811058887885407,0.7371452616308272
53.650000000000006,0.5674585192513726,1.08080998610473,0.7371934613860234
53.675000000000004,0.5675725467315577,1.080514073446567,0.7372416758522148
53.7,0.5676865949769446,1.0802181507917539,0.7372899050371227
53.725,0.5678006639936388,1.0799222181180197,0.737338148948466
53.75,0.5679147537877318,1.07962627540312,0.7373864075939618
53.775000000000006,0.5680288643653015,1.0793303226248379,0.7374346809813245
53.800000000000004,0.5681429957324119,1.0790343597609828,0.7374829691182665
53.825,0.5682571478951134,1.0787383867893916,0.737531272012498
53.85,0.5683713208594425,1.078442403687928,0.737579589671727
53.875,0.5684855146314219,1.078146410434483,0.7376279221036592
53.900000000000006,0.5685997292170607,1.077850407006974,0.7376762693159982
53.925000000000004,0.5687139646223538,1.077554393383347,0.7377246313164453
53.95,0.5688282208532826,1.0772583695415734,0.7377730081126995
53.975,0.5689424979158143,1.0769623354596531,0.737821399712458
54.0,0.5690567958159024,1.0766662911156129,0.7378698061234152
54.025000000000006,0.5691711145594865,1.0763702364875065,0.7379182273532638
54.050000000000004,0.5692854541524923,1.0760741715534154,0.7379666634096941
54.075,0.5693998146008313,1.0757780962914485,0.7380151143003939
54.1,0.5695141959104013,1.0754820106797416,0.7380635800330493
54.125,0.569628598087086,1.0751859146964582,0.7381120606153438
54.150000000000006,0.569743021136755,1.0748898083197893,0.738160556054959
54.175000000000004,0.5698574650652641,1.0745936915279533,0.738209066359574
54.2,0.5699719298784549,1.074297564299196,0.7382575915368658
54.225,0.5700864155821549,1.0740014266117912,0.7383061315945092
54.25,0.5702009221821777,1.07370527844404,0.7383546865401769
54.275000000000006,0.5703154496843226,1.0734091197742708,0.738403256381539
54.300000000000004,0.5704299980943749,1.0731129505808403,0.7384518411262639
54.325,0.5705445674181057,1.0728167708421326,0.7385004407820175
54.35,0.5706591576612718,1.0725205805365594,0.7385490553564633
54.375,0.5707737688296163,1.0722243796425603,0.738597684857263
54.400000000000006,0.5708884009288675,1.0719281681386028,0.7386463292920756
54.425000000000004,0.5710030539647399,1.0716319460031822,0.7386949886685584
54.45,0.5711177279429336,1.0713357132148216,0.7387436629943662
54.475,0.5712324228691343,1.0710394697520718,0.7387923522771515
54.5,0.5713471387490137,1.070743215593512,0.7388410565245647
54.525000000000006,0.5714618755882289,1.070446950717749,0.7388897757442539
54.550000000000004,0.571576633392423,1.0701506751034178,0.738938509943865
54.575,0.5716914121672246,1.0698543887291814,0.7389872591310417
54.6,0.5718062119182479,1.069558091573731,0.7390360233134254
54.625,0.5719210326510927,1.0692617836157858,0.7390848024986554
54.650000000000006,0.5720358743713445,1.068965464834093,0.7391335966943685
54.675000000000004,0.5721507370845743,1.068669135207428,0.7391824059081996
54.7,0.5722656207963387,1.068372794714595,0.739231230147781
54.725,0.5723805255121797,1.0680764433344256,0.7392800694207431
54.75,0.572495451237625,1.0677800810457803,0.7393289237347138
54.775000000000006,0.5726103979781877,1.0674837078275476,0.7393777930973189
54.800000000000004,0.5727253657393664,1.0671873236586447,0.7394266775161817
54.825,0.5728403545266452,1.0668909285180168,0.7394755769989237
54.85,0.5729553643454934,1.0665945223846378,0.7395244915531638
54.875,0.573070395201366,1.0662981052375098,0.7395734211865186
54.900000000000006,0.5731854470997032,1.0660016770556637,0.7396223659066027
54.925000000000004,0.5733005200459306,1.0657052378181588,0.7396713257210282
54.95,0.5734156140454592,1.065408787504083,0.7397203006374051
54.975,0.5735307291036852,1.0651123260925526,0.739769290663341
55.0,0.5736458652259903,1.0648158535627128,0.7398182958064412
55.025000000000006,0.5737610224177412,1.0645193698937374,0.739867316074309
55.050000000000004,0.5738762006842901,1.064222875064829,0.7399163514745452
55.075,0.5739914000309745,1.0639263690552188,0.7399654020147481
55.1,0.5741066204631168,1.0636298518441665,0.7400144677025142
55.125,0.5742218619860248,1.0633333234109612,0.7400635485454374
55.150000000000006,0.5743371246049913,1.0630367837349206,0.7401126445511095
55.175000000000004,0.5744524083252945,1.062740232795391,0.7401617557271196
55.2,0.5745677131521977,1.062443670571748,0.7402108820810551
55.225,0.574683039090949,1.062147097043396,0.7402600236205006
55.25,0.5747983861467818,1.0618505121897683,0.7403091803530386
55.275000000000006,0.5749137543249145,1.0615539159903276,0.7403583522862492
55.300000000000004,0.5750291436305507,1.0612573084245651,0.7404075394277104
55.325,0.5751445540688788,1.0609606894720014,0.7404567417849977
55.35,0.5752599856450722,1.0606640591121863,0.7405059593656842
55.375,0.5753754383642894,1.0603674173246986,0.7405551921773409
55.400000000000006,0.5754909122316738,1.0600707640891462,0.7406044402275364
55.425000000000004,0.5756064072523537,1.0597740993851665,0.7406537035238367
55.45,0.5757219234314422,1.0594774231924262,0.7407029820738059
55.475,0.5758374607740375,1.0591807354906209,0.7407522758850055
55.5,0.5759530192852225,1.0588840362594758,0.7408015849649947
55.525000000000006,0.5760685989700648,1.0585873254787455,0.7408509093213304
55.550000000000004,0.5761841998336171,1.0582906031282138,0.7409002489615669
55.575,0.5762998218809168,1.0579938691876942,0.7409496038932566
55.6,0.5764154651169858,1.0576971236370296,0.7409989741239491
55.625,0.5765311295468311,1.0574003664560925,0.7410483596611919
55.650000000000006,0.5766468151754441,1.0571035976247847,0.7410977605125298
55.675000000000004,0.5767625220078012,1.0568068171230376,0.7411471766855058
55.7,0.5768782500488633,1.0565100249308124,0.7411966081876599
55.725,0.5769939993035758,1.0562132210280997,0.7412460550265301
55.75,0.5771097697768689,1.0559164053949202,0.7412955172096519
55.775000000000006,0.5772255614736574,1.055619578011324,0.7413449947445584
55.800000000000004,0.5773413743988407,1.055322738857391,0.7413944876387802
55.825,0.5774572085573026,1.0550258879132308,0.7414439958998458
55.85,0.5775730639539116,1.0547290251589834,0.7414935195352809
55.875,0.5776889405935205,1.0544321505748178,0.7415430585526089
55.900000000000006,0.5778048384809666,1.0541352641409334,0.7415926129593511
55.925000000000004,0.5779207576210719,1.0538383658375594,0.7416421827630258
55.95,0.5780366980186424,1.053541455644955,0.7416917679711494
55.975,0.5781526596784691,1.0532445335434095,0.7417413685912356
56.0,0.5782686426053267,1.0529475995132422,0.7417909846307956
56.025000000000006,0.5783846468039747,1.0526506535348024,0.7418406160973384
56.050000000000004,0.5785006722791569,1.0523536955884694,0.7418902629983702
56.075,0.5786167190356012,1.0520567256546527,0.7419399253413951
56.1,0.5787327870780199,1.0517597437137922,0.7419896031339145
56.125,0.5788488764111096,1.051462749746358,0.7420392963834274
56.150000000000006,0.5789649870395511,1.05116574373285,0.7420890050974301
56.175000000000004,0.5790811189680094,1.0508687256537992,0.742138729283417
56.2,0.5791972722011336,1.050571695489766,0.7421884689488794
56.225,0.579313446743557,1.0502746532213416,0.7422382241013064
56.25,0.579429642599897,1.0499775988291478,0.7422879947481845
56.275000000000006,0.5795458597747554,1.0496805322938365,0.7423377808969979
56.300000000000004,0.5796620982727175,1.0493834535960902,0.7423875825552279
56.325,0.5797783580983533,1.0490863627166218,0.7424373997303535
56.35,0.5798946392562164,1.0487892596361748,0.7424872324298514
56.375,0.5800109417508446,1.0484921443355233,0.7425370806611953
56.400000000000006,0.5801272655867594,1.0481950167954721,0.7425869444318567
56.425000000000004,0.5802436107684666,1.0478978769968563,0.7426368237493045
56.45,0.5803599773004559,1.0476007249205421,0.7426867186210049
56.475,0.5804763651872005,1.0473035605474261,0.7427366290544217
56.5,0.5805927744331579,1.0470063838584358,0.7427865550570161
56.525000000000006,0.5807092050427695,1.0467091948345295,0.7428364966362466
56.550000000000004,0.5808256570204602,1.0464119934566962,0.7428864537995693
56.575,0.5809421303706388,1.0461147797059558,0.7429364265544376
56.6,0.581058625097698,1.0458175535633591,0.7429864149083024
56.625,0.5811751412060141,1.0455203150099879,0.7430364188686119
56.650000000000006,0.5812916786999472,1.0452230640269549,0.7430864384428119
56.675000000000004,0.5814082375838412,1.0449258005954036,0.7431364736383451
56.7,0.5815248178620235,1.044628524696509,0.7431865244626522
56.725,0.5816414195388051,1.044331236311477,0.7432365909231708
56.75,0.5817580426184809,1.0440339354215442,0.7432866730273362
56.775000000000006,0.581874687105329,1.043736622007979,0.7433367707825808
56.800000000000004,0.5819913530036114,1.0434392960520802,0.7433868841963344
56.825,0.5821080403175735,1.0431419575351786,0.7434370132760242
56.85,0.5822247490514442,1.0428446064386359,0.7434871580290747
56.875,0.5823414792094359,1.042547242743845,0.7435373184629079
56.900000000000006,0.5824582307957445,1.04224986643223,0.743587494584943
56.925000000000004,0.5825750038145494,1.0419524774852469,0.7436376864025963
56.95,0.5826917982700132,1.0416550758843826,0.7436878939232817
56.975,0.5828086141662819,1.0413576616111557,0.7437381171544103
57.0,0.5829254515074851,1.0410602346471163,0.7437883561033904
57.025000000000006,0.5830423102977355,1.0407627949738456,0.7438386107776278
57.050000000000004,0.5831591905411291,1.0404653425729566,0.7438888811845255
57.075,0.5832760922417454,1.040167877426094,0.7439391673314835
57.1,0.5833930154036467,1.039870399514934,0.7439894692258993
57.125,0.5835099600308792,1.0395729088211847,0.7440397868751677
57.150000000000006,0.5836269261274716,1.0392754053265854,0.7440901202866806
57.175000000000004,0.5837439136974361,1.0389778890129073,0.7441404694678273
57.2,0.583860922744768,1.0386803598619534,0.7441908344259941
57.225,0.5839779532734456,1.0383828178555587,0.7442412151685647
57.25,0.5840950052874305,1.03808526297559,0.7442916117029199
57.275000000000006,0.5842120787906673,1.0377876952039453,0.7443420240364379
57.300000000000004,0.5843291737870834,1.0374901145225552,0.7443924521764939
57.325,0.5844462902805894,1.0371925209133823,0.7444428961304601
57.35,0.5845634282750788,1.0368949143584207,0.7444933559057064
57.375,0.584680587774428,1.0365972948396969,0.7445438315095995
57.400000000000006,0.5847977687824966,1.0362996623392693,0.7445943229495032
57.425000000000004,0.5849149713031266,1.0360020168392283,0.7446448302327787
57.45,0.5850321953401434,1.0357043583216965,0.7446953533667843
57.475,0.5851494408973548,1.0354066867688287,0.7447458923588751
57.5,0.5852667079785515,1.035109002162812,0.7447964472164038
57.525000000000006,0.5853839965875072,1.0348113044858656,0.74484701794672
57.550000000000004,0.5855013067279781,1.0345135937202408,0.7448976045571704
57.575,0.5856186384037031,1.0342158698482216,0.7449482070550987
57.6,0.5857359916184041,1.0339181328521239,0.7449988254478459
57.625,0.5858533663757853,1.0336203827142965,0.74504945974275
57.650000000000006,0.5859707626795339,1.0333226194171201,0.745100109947146
57.675000000000004,0.5860881805333192,1.0330248429430082,0.7451507760683661
57.7,0.5862056199407937,1.0327270532744068,0.7452014581137394
57.725,0.5863230809055919,1.0324292503937942,0.745252156090592
57.75,0.5864405634313312,1.0321314342836814,0.7453028700062473
57.775000000000006,0.5865580675216112,1.031833604926612,0.7453535998680255
57.800000000000004,0.5866755931800143,1.031535762305162,0.745404345683244
57.825,0.5867931404101049,1.0312379064019406,0.745455107459217
57.85,0.5869107092154302,1.0309400371995894,0.7455058852032557
57.875,0.5870282995995196,1.0306421546807827,0.7455566789226684
57.900000000000006,0.5871459115658849,1.0303442588282277,0.7456074886247606
57.925000000000004,0.5872635451180201,1.0300463496246643,0.7456583143168343
57.95,0.5873812002594018,1.0297484270528654,0.7457091560061887
57.975,0.5874988769934884,1.0294504910956368,0.74576001370012
58.0,0.5876165753237208,1.0291525417358172,0.7458108874059213
58.025000000000006,0.5877342952535223,1.0288545789562784,0.7458617771308824
58.050000000000004,0.5878520367862979,1.0285566027399249,0.7459126828822904
58.075,0.5879697999254353,1.0282586130696947,0.7459636046674292
58.1,0.5880875846743038,1.0279606099285583,0.7460145424935793
58.125,0.588205391036255,1.02766259329952,0.7460654963680186
58.150000000000006,0.5883232190146227,1.0273645631656168,0.7461164662980213
58.175000000000004,0.5884410686127225,1.027066519509919,0.746167452290859
58.2,0.5885589398338521,1.02676846231553,0.7462184543537999
58.225,0.5886768326812911,1.026470391565587,0.7462694724941089
58.25,0.5887947471583013,1.02617230724326,0.7463205067190481
58.275000000000006,0.588912683268126,1.0258742093317526,0.7463715570358763
58.300000000000004,0.5890306410139906,1.0255760978143016,0.746422623451849
58.325,0.5891486203991024,1.0252779726741774,0.7464737059742185
58.35,0.5892666214266505,1.0249798338946838,0.7465248046102341
58.375,0.5893846440998058,1.0246816814591582,0.7465759193671416
58.400000000000006,0.5895026884217208,1.0243835153509713,0.7466270502521839
58.425000000000004,0.5896207543955299,1.0240853355535278,0.7466781972726004
58.45,0.589738842024349,1.0237871420502656,0.7467293604356275
58.475,0.589856951311276,1.0234889348246563,0.7467805397484981
58.5,0.5899750822593902,1.0231907138602054,0.746831735218442
58.525000000000006,0.5900932348717526,1.0228924791404521,0.7468829468526856
58.550000000000004,0.5902114091514056,1.0225942306489693,0.7469341746584522
58.575,0.5903296051013734,1.0222959683693638,0.7469854186429616
58.6,0.5904478227246617,1.021997692285276,0.7470366788134304
58.625,0.5905660620242574,1.0216994023803805,0.7470879551770718
58.650000000000006,0.5906843230031292,1.0214010986383857,0.7471392477410959
58.675000000000004,0.590802605664227,1.0211027810430338,0.747190556512709
58.7,0.5909209100104823,1.0208044495781012,0.7472418814991145
58.725,0.5910392360448078,1.0205061042273984,0.7472932227075123
58.75,0.5911575837700975,1.0202077449747697,0.7473445801450989
58.775000000000006,0.591275953189227,1.019909371804094,0.7473959538190672
58.800000000000004,0.5913943443050528,1.0196109846992836,0.7474473437366072
58.825,0.5915127571204128,1.0193125836442858,0.7474987499049051
58.85,0.5916311916381264,1.0190141686230816,0.7475501723311436
58.875,0.5917496478609936,1.0187157396196864,0.7476016110225024
58.900000000000006,0.591868125791796,1.01841729661815,0.7476530659861576
58.925000000000004,0.5919866254332962,1.0181188396025564,0.7477045372292814
58.95,0.5921051467882378,1.0178203685570244,0.7477560247590431
58.975,0.5922236898593456,1.0175218834657065,0.7478075285826083
59.0,0.5923422546493253,1.0172233843127902,0.7478590487071392
59.025000000000006,0.5924608411608637,1.0169248710824976,0.7479105851397941
59.050000000000004,0.5925794493966285,1.016626343759085,0.7479621378877285
59.075,0.5926980793592684,1.0163278023268434,0.7480137069580938
59.1,0.592816731051413,1.0160292467700982,0.7480652923580381
59.125,0.5929354044756726,1.01573067707321,0.7481168940947059
59.150000000000006,0.5930540996346386,1.0154320932205736,0.7481685121752382
59.175000000000004,0.5931728165308829,1.0151334951966187,0.7482201466067723
59.2,0.5932915551669585,1.0148348829858098,0.748271797396442
59.225,0.593410315545399,1.0145362565726463,0.7483234645513775
59.25,0.5935290976687188,1.0142376159416624,0.7483751480787055
59.275000000000006,0.5936479015394126,1.013938961077427,0.7484268479855489
59.300000000000004,0.5937667271599563,1.0136402919645442,0.748478564279027
59.325,0.593885574532806,1.0133416085876528,0.7485302969662555
59.35,0.5940044436603986,1.013042910931427,0.7485820460543465
59.375,0.5941233345451516,1.0127441989805757,0.7486338115504083
59.400000000000006,0.5942422471894628,1.012445472719843,0.7486855934615456
59.425000000000004,0.5943611815957107,1.0121467321340083,0.7487373917948595
59.45,0.5944801377662542,1.0118479772078859,0.7487892065574473
59.475,0.5945991157034325,1.0115492079263255,0.7488410377564024
59.5,0.5947181154095653,1.011250424274212,0.7488928853988148
59.525000000000006,0.5948371368869527,1.0109516262364655,0.7489447494917706
59.550000000000004,0.5949561801378751,1.0106528137980415,0.7489966300423521
59.575,0.5950752451645932,1.0103539869439309,0.7490485270576379
59.6,0.5951943319693479,1.01005514565916,0.7491004405447028
59.625,0.5953134405543604,1.0097562899287904,0.7491523705106179
59.650000000000006,0.5954325709218322,1.0094574197379196,0.7492043169624503
59.675000000000004,0.5955517230739447,1.00915853507168,0.7492562799072634
59.7,0.5956708970128596,1.0088596359152402,0.7493082593521169
59.725,0.5957900927407187,1.0085607222538038,0.7493602553040662
59.75,0.595909310259644,1.0082617940726106,0.7494122677701635
59.775000000000006,0.5960285495717372,1.0079628513569359,0.7494642967574565
59.800000000000004,0.5961478106790804,1.0076638940920903,0.7495163422729896
59.825,0.5962670935837354,1.0073649222634211,0.7495684043238027
59.85,0.596386398287744,1.0070659358563105,0.7496204829169323
59.875,0.5965057247931279,1.006766934856177,0.7496725780594107
59.900000000000006,0.5966250731018887,1.006467919248475,0.7497246897582663
59.925000000000004,0.596744443216008,1.0061688890186944,0.7497768180205236
59.95,0.5968638351374468,1.0058698441523617,0.7498289628532033
59.975,0.5969832488681462,1.005570784635039,0.7498811242633218
60.0,0.5971026844100271,1.0052717104523246,0.7499333022578916
