t,C,M,R
0.0,0.8,1.6,0.8
0.025,0.7973450020891496,1.5980448422367226,0.8004430651117397
0.05,0.7947152392446405,1.5960993397291667,0.8008723869057289
0.07500000000000001,0.7921104821663599,1.5941634486286187,0.801288153879146
0.1,0.7895305032727402,1.5922371250605474,0.8016905529393047
0.125,0.7869750766981157,1.5903203251291569,0.8020797694004405
0.15000000000000002,0.7844439782898142,1.5884130049218725,0.8024559869810097
0.17500000000000002,0.7819369856049906,1.5865151205137589,0.8028193878014892
0.2,0.7794538779072092,1.5846266279718695,0.803170152382662
0.225,0.7769944361627796,1.5827474833595305,0.8035084596443772
0.25,0.7745584430368546,1.5808776427405566,0.803834486904771
0.275,0.7721456828892946,1.579017062183398,0.8041484098799346
0.30000000000000004,0.769755941770306,1.5771656977652229,0.8044504026840198
0.325,0.767389007415859,1.57532350557593,0.8047406378297661
0.35000000000000003,0.7650446692428909,1.5734904417220974,0.8050192862294411
0.375,0.7627227183443017,1.5716664623308614,0.8052865171961787
0.4,0.7604229474837467,1.5698515235537318,0.8055424984457069
0.42500000000000004,0.758145151090233,1.5680455815703398,0.8057873960984505
0.45,0.7558891252525253,1.56624859259212,0.8060213746820003
0.47500000000000003,0.7536546677133669,1.5644605128659268,0.806244597133935
0.5,0.7514415778635212,1.5626812986775873,0.8064572248049876
0.525,0.7492496567356395,1.5609109063553865,0.8066594174625431
0.55,0.747078706997961,1.5591492922734904,0.8068513332944587
0.5750000000000001,0.7449285329478493,1.5573964128553046,0.8070331289131956
0.6000000000000001,0.7427989405051726,1.555652224576768,0.8072049593602519
0.625,0.7406897372055303,1.5539166839695857,0.8073669781108876
0.65,0.7386007321933342,1.552189747624396,0.8075193370791307
0.675,0.7365317362147467,1.5504713721938783,0.8076621866230558
0.7000000000000001,0.7344825616104826,1.5487615143957971,0.8077956755503254
0.7250000000000001,0.7324530223084795,1.5470601310159853,0.8079199511239851
0.75,0.7304429338164404,1.5453671789112664,0.8080351590685027
0.775,0.7284521132142546,1.5436826150123175,0.8081414435760435
0.8,0.7264803791463014,1.542006396326471,0.8082389473129726
0.8250000000000001,0.7245275518136401,1.5403384799404576,0.8083278114265755
0.8500000000000001,0.722593452966093,1.5386788230230912,0.808408175551989
0.875,0.7206779058942233,1.5370273828278949,0.8084801778193341
0.9,0.7187807354212146,1.5353841166956697,0.8085439548610437
0.925,0.7169017678946547,1.533748982057006,0.8085996418193753
0.9500000000000001,0.7150408311782288,1.5321219364347394,0.8086473723541036
0.9750000000000001,0.7131977546433266,1.5305029374463492,0.8086872786503835
1.0,0.7113723691605652,1.5288919428063033,0.8087194914267779
1.0250000000000001,0.7095645070912354,1.5272889103283467,0.808744139943441
1.05,0.7077740022786717,1.5256937979277383,0.8087613520104524
1.075,0.7060006900395525,1.5241065636234312,0.8087712539962939
1.1,0.7042444071551324,1.522527165540203,0.8087739708364625
1.125,0.7025049918624121,1.520955561910732,0.808769626042213
1.1500000000000001,0.700782283845248,1.5193917110776225,0.8087583417094247
1.175,0.6990761242254052,1.5178355714953795,0.8087402385275845
1.2000000000000002,0.6973863555535587,1.5162871017323318,0.8087154357888814
1.225,0.6957128218002443,1.5147462604725066,0.8086840513974067
1.25,0.6940553683467644,1.5132130065174547,0.8086462018784535
1.2750000000000001,0.6924138419760503,1.5116872987880268,0.808602002387909
1.3,0.690788090863485,1.5101690963261016,0.8085515667217369
1.3250000000000002,0.6891779645676902,1.5086583582962685,0.8084950073255414
1.35,0.6875833140212785,1.5071550439874615,0.8084324353042094
1.375,0.6860039915215765,1.5056591128145478,0.8083639604316258
1.4000000000000001,0.6844398507213196,1.5041705243198724,0.8082896911604559
1.425,0.6828907466193219,1.502689238174756,0.8082097346319908
1.4500000000000002,0.6813565355511244,1.5012152141809503,0.8081241966860512
1.475,0.6798370751796239,1.4997484122720481,0.8080331818709452
1.5,0.6783322244856846,1.4982887925148538,0.8079367934534741
1.5250000000000001,0.6768418437587368,1.4968363151107074,0.8078351334289844
1.55,0.6753657945873625,1.49539094039677,0.8077283025314592
1.5750000000000002,0.6739039398498726,1.493952628847268,0.8076164002436471
1.6,0.6724561437048776,1.4925213410746954,0.8074995248072231
1.625,0.6710222715818529,1.4910970378309774,0.807377773232978
1.6500000000000001,0.6696021901717023,1.4896796800085952,0.8072512413110333
1.675,0.6681957674173217,1.4882692286416712,0.8071200236210769
1.7000000000000002,0.6668028725041641,1.4868656449070172,0.8069842135426164
1.725,0.6654233758508097,1.4854688901251447,0.8068439032652469
1.75,0.6640571490995412,1.4840789257612386,0.8066991837989295
1.7750000000000001,0.6627040651069276,1.482695713426095,0.8065501449842777
1.8,0.6613639979344185,1.4813192148770227,0.806396875502848
1.8250000000000002,0.6600368228389493,1.4799493920187108,0.8062394628874321
1.85,0.6587224162635609,1.4785862069040605,0.8060779935323475
1.875,0.6574206558280341,1.4772296217349847,0.8059125527037241
1.9000000000000001,0.6561314203195421,1.475879598863173,0.8057432245497825
1.925,0.6548545896833203,1.474536100790824,0.8055700921111044
1.9500000000000002,0.6535900450133579,1.4731990901713468,0.8053932373308884
1.975,0.6523376685431105,1.4718685298100291,0.8052127410651926
2.0,0.651097343636236,1.470544382664676,0.8050286830931587
2.025,0.649868954777356,1.4692266118462167,0.8048411421272169
2.0500000000000003,0.6486523875628429,1.4679151806192825,0.8046501958232688
2.075,0.6474475286916348,1.4666100524027545,0.8044559207908454
2.1,0.6462542659560789,1.465311190770283,0.8042583926032396
2.125,0.6450724882328057,1.4640185594507777,0.8040576858076104
2.15,0.6439020854736339,1.462732122328872,0.8038538739350557
2.1750000000000003,0.6427429486965084,1.461451843445357,0.8036470295106539
2.2,0.6415949699764717,1.4601776869975909,0.8034372240634712
2.225,0.6404580424366703,1.4589096173398817,0.8032245281365324
2.25,0.6393320602393965,1.457647598983843,0.8030090112967554
2.275,0.6382169185771678,1.4563915965987262,0.8027907421448452
2.3000000000000003,0.6371125136638435,1.4551415750117258,0.8025697883251485
2.325,0.6360187427257805,1.4538974992082623,0.8023462165354645
2.35,0.6349355039930287,1.4526593343322396,0.8021200925368135
2.375,0.6338626966905668,1.45142704568628,0.8018914811631598
2.4000000000000004,0.6328002210295799,1.450200598731935,0.8016604463310879
2.4250000000000003,0.6317479781987789,1.4489799590898766,0.8014270510494315
2.45,0.6307058703557634,1.4477650925400616,0.8011913574288534
2.475,0.6296738006184277,1.4465559650218784,0.8009534266913757
2.5,0.6286516730564117,1.445352542634272,0.8007133191798579
2.5250000000000004,0.6276393926825968,1.4441547916358455,0.8004710943674239
2.5500000000000003,0.6266368654446477,1.4429626784449452,0.800226810866835
2.575,0.6256439982166,1.4417761696397229,0.799980526439809
2.6,0.6246606987904952,1.4405952319581798,0.7997322980062841
2.625,0.6236868758680636,1.4394198322981917,0.7994821816536266
2.6500000000000004,0.6227224390524538,1.4382499377175142,0.7992302326457823
2.6750000000000003,0.6217672988400127,1.4370855154337714,0.7989765054323698
2.7,0.6208213666121126,1.435926532824425,0.7987210536577153
2.725,0.6198845546270293,1.434772957426728,0.7984639301698291
2.75,0.6189567760118685,1.433624756937659,0.7982051870293216
2.7750000000000004,0.618037944754544,1.4324818992138408,0.7979448755182595
2.8000000000000003,0.6171279756958056,1.431344352271444,0.7976830461489607
2.825,0.616226784521318,1.4302120842860717,0.7974197486727278
2.85,0.6153342877537914,1.4290850635926315,0.7971550320885201
2.875,0.6144504027451635,1.4279632586851907,0.7968889446515623
2.9000000000000004,0.6135750476688331,1.4268466382168166,0.7966215338818912
2.9250000000000003,0.6127081415119462,1.4257351709994028,0.796352846572838
2.95,0.6118496040677346,1.4246288260034812,0.7960829287994484
2.975,0.6109993559279064,1.4235275723580194,0.7958118259268372
3.0,0.6101573184750905,1.4224313793502057,0.7955395826184793
3.0250000000000004,0.6093234138753324,1.4213402164252202,0.7952662428444363
3.0500000000000003,0.6084975650706447,1.420254053185993,0.7949918498895173
3.075,0.6076796957716101,1.4191728593929498,0.7947164463613757
3.1,0.6068697304500378,1.4180966049637453,0.7944400741985398
3.125,0.6060675943316738,1.4170252599729856,0.7941627746783781
3.1500000000000004,0.6052732133889642,1.4159587946519363,0.7938845884249994
3.1750000000000003,0.6044865143338731,1.414897179388223,0.7936055554170863
3.2,0.6037074246107529,1.4138403847255168,0.7933257149956636
3.225,0.6029358723892697,1.4127883813632123,0.7930451058718003
3.25,0.602171786557382,1.4117411401560926,0.7927637661342456
3.2750000000000004,0.6014150967143728,1.410698632113986,0.7924817332569989
3.3000000000000003,0.600665733163936,1.4096608284014114,0.7921990441068136
3.325,0.599923626907317,1.4086277003372143,0.791915734950635
3.35,0.5991887096365062,1.4075992193941942,0.7916318414629722
3.375,0.5984609137274864,1.4065753571987216,0.791347398733203
3.4000000000000004,0.5977401722335351,1.4055560855303473,0.7910624412728148
3.4250000000000003,0.5970264188785785,1.4045413763214014,0.7907770030225773
3.45,0.5963195880506008,1.4035312016565857,0.7904911173596513
3.475,0.5956196147951058,1.402525533772557,0.7902048171046305
3.5,0.5949264348086329,1.4015243450575023,0.7899181345285187
3.5250000000000004,0.5942399844323255,1.4005276080507065,0.7896311013596405
3.5500000000000003,0.5935602006455527,1.3995352954421127,0.7893437487904883
3.575,0.5928870210595847,1.3985473800718757,0.7890561074845022
3.6,0.5922203839113204,1.3975638349299073,0.7887682075827864
3.625,0.5915602280570682,1.396584633155416,0.7884800787107611
3.6500000000000004,0.5909064929663791,1.3956097480364384,0.7881917499847481
3.6750000000000003,0.5902591187159324,1.3946391530093671,0.787903250018494
3.7,0.5896180459834736,1.3936728216584693,0.7876146069296288
3.725,0.5889832160418045,1.3927107277154012,0.7873258483460597
3.75,0.5883545707528253,1.391752845058716,0.7870370014123025
3.7750000000000004,0.5877320525616281,1.3907991477133668,0.7867480927957493
3.8000000000000003,0.5871156044906423,1.3898496098502031,0.7864591486928731
3.825,0.5865051701338307,1.3889042057854635,0.7861701948353697
3.85,0.585900693650938,1.3879629099802622,0.7858812564962367
3.875,0.5853021197617884,1.3870256970400705,0.7855923584957916
3.9000000000000004,0.5847093937406351,1.3860925417141954,0.7853035252076261
3.9250000000000003,0.5841224614105605,1.3851634188952509,0.785014780564501
3.95,0.5835412691379248,1.3842383036186277,0.7847261480641782
3.975,0.582965763826867,1.3833171710619567,0.7844376507751925
4.0,0.5823958929138536,1.38239999654457,0.784149311342563
4.025,0.5818316043622779,1.3814867555269563,0.7838611519934444
4.05,0.5812728466571078,1.3805774236102148,0.7835731945427173
4.075,0.5807195687995831,1.3796719765355034,0.7832854603985209
4.1000000000000005,0.5801717203019612,1.378770390183485,0.7829979705677247
4.125,0.5796292511823112,1.3778726405737698,0.7827107456613428
4.15,0.5790921119593563,1.376978703864355,0.7824238058998894
4.175,0.5785602536473637,1.3760885563510614,0.7821371711186755
4.2,0.5780336277510827,1.3752021744669662,0.7818508607730497
4.2250000000000005,0.5775121862607292,1.3743195347818347,0.7815648939435796
4.25,0.5769958816470183,1.3734406140015485,0.7812792893411786
4.275,0.5764846668562427,1.3725653889675318,0.7809940653121741
4.3,0.5759784953053979,1.3716938366561742,0.7807092398433213
4.325,0.5754773208773538,1.3708259341782534,0.7804248305667605
4.3500000000000005,0.5749810979160717,1.3699616587783536,0.7801408547649193
4.375,0.5744897812218669,1.3691009878342837,0.7798573293753601
4.4,0.5740033260467169,1.3682438988564924,0.7795742709955729
4.425,0.5735216880896143,1.3673903694874834,0.7792916958877142
4.45,0.5730448234919644,1.366540377501226,0.7790096199832925
4.4750000000000005,0.5725726888330268,1.3656939008025677,0.7787280588878002
4.5,0.5721052411254017,1.364850917426643,0.7784470278852927
4.525,0.5716424378105596,1.364011405538282,0.7781665419429159
4.55,0.5711842367544139,1.363175343431417,0.7778866157153804
4.575,0.5707305962429375,1.3623427095284897,0.7776072635493856
4.6000000000000005,0.5702814749778219,1.361513482379855,0.7773284994879915
4.625,0.569836832072178,1.3606876406631858,0.7770503372749409
4.65,0.5693966270462801,1.359865163182877,0.77677279035893
4.675,0.5689608198233518,1.359046028869448,0.7764958718978308
4.7,0.5685293707253921,1.3582302167789442,0.7762195947628623
4.7250000000000005,0.5681022404690443,1.3574177060923396,0.7759439715427146
4.75,0.5676793901615048,1.3566084761149377,0.7756690145476223
4.775,0.5672607812964731,1.3558025062757726,0.7753947358133919
4.800000000000001,0.5668463757501412,1.3549997761270094,0.77512114710538
4.825,0.5664361357772244,1.3542002653433451,0.7748482599224248
4.8500000000000005,0.5660300240070302,1.3534039537214089,0.7745760855007301
4.875,0.5656280034395674,1.352610821179162,0.7743046348177042
4.9,0.5652300374416943,1.3518208477552995,0.7740339185957513
4.925000000000001,0.5648360897433049,1.3510340136086492,0.7737639473060182
4.95,0.5644461244335542,1.3502502990175735,0.7734947311720952
4.9750000000000005,0.5640601059571212,1.3494696843793705,0.7732262801736729
5.0,0.5636779991105095,1.3486921502096747,0.772958604050154
5.025,0.5632997690383862,1.3479176771418593,0.7726917123042218
5.050000000000001,0.5629253812299563,1.347146245926438,0.7724256142053646
5.075,0.5625548015153757,1.3463778374304682,0.7721603187933571
5.1000000000000005,0.5621879960621997,1.345612432636954,0.7718958348816998
5.125,0.5618249313718677,1.3448500126442509,0.771632171061015
5.15,0.5614655742762241,1.344090558665469,0.7713693357024021
5.175000000000001,0.5611098919340745,1.34333405202788,0.7711073369607502
5.2,0.5607578518277775,1.3425804741723228,0.7708461827780111
5.2250000000000005,0.5604094217598711,1.3418298066526106,0.7705858808864302
5.25,0.5600645698497339,1.341082031134939,0.7703264388117383
5.275,0.5597232645302808,1.3403371293972948,0.770067863876303
5.300000000000001,0.5593854745446922,1.3395950833288668,0.7698101632022407
5.325,0.5590511689431779,1.3388558749294561,0.7695533437144897
5.3500000000000005,0.5587203170797731,1.3381194863088886,0.7692974121438447
5.375,0.5583928886091689,1.3373858996864283,0.769042375029953
5.4,0.5580688534835747,1.336655097390192,0.7687882387242724
5.425000000000001,0.5577481819496136,1.3359270618565655,0.7685350093929927
5.45,0.5574308445452497,1.33520177562962,0.7682826930199191
5.4750000000000005,0.5571168120967477,1.3344792213605305,0.7680312954093195
5.5,0.5568060557156639,1.3337593818069968,0.7677808221887347
5.525,0.5564985467958686,1.3330422398326631,0.7675312788117542
5.550000000000001,0.5561942570105999,1.3323277784065422,0.7672826705607549
5.575,0.5558931583095474,1.3316159806024381,0.7670350025496055
5.6000000000000005,0.5555952229159677,1.3309068295983733,0.7667882797263357
5.625,0.5553004233238289,1.3302003086760146,0.7665425068757711
5.65,0.5550087322949856,1.3294964012201027,0.7662976886221343
5.675000000000001,0.5547201228563836,1.3287950907178823,0.7660538294316122
5.7,0.5544345682972937,1.3280963607585343,0.7658109336148892
5.7250000000000005,0.5541520421665744,1.3274001950326095,0.765569005329649
5.75,0.5538725182699646,1.326706577331464,0.7653280485830424
5.775,0.5535959706674028,1.3260154915466957,0.7650880672341233
5.800000000000001,0.5533223736703766,1.3253269216695849,0.764849064996253
5.825,0.5530517018392984,1.324640851790533,0.7646110454394731
5.8500000000000005,0.5527839299809104,1.3239572660985064,0.7643740119928464
5.875,0.552519033145716,1.3232761488804803,0.7641379679467679
5.9,0.5522569866254387,1.3225974845208852,0.7639029164552448
5.925000000000001,0.5519977659505075,1.3219212575010544,0.7636688605381461
5.95,0.5517413468875703,1.3212474523986746,0.7634358030834232
5.9750000000000005,0.5514877054370314,1.3205760538872375,0.7632037468493
6.0,0.5512368178306177,1.3199070467354939,0.7629726944664349
6.025,0.5509886605289688,1.319240415806909,0.7627426484400528
6.050000000000001,0.5507432102192533,1.3185761460591212,0.7625136111520495
6.075,0.550500443812811,1.3179142225434006,0.7622855848630679
6.1000000000000005,0.5502603384428195,1.317254630404112,0.7620585717145454
6.125,0.5500228714619859,1.3165973548781778,0.761832573730735
6.15,0.5497880204402633,1.3159423812945445,0.7616075928206986
6.175000000000001,0.5495557631625914,1.3152896950736512,0.7613836307802729
6.2,0.549326077626661,1.3146392817268984,0.76116068929401
6.2250000000000005,0.5490989420407032,1.3139911268561209,0.7609387699370901
6.25,0.5488743348213013,1.313345216153062,0.7607178741772095
6.275,0.5486522345912265,1.3127015353988505,0.7604980033764424
6.300000000000001,0.5484326201772967,1.3120600704634775,0.7602791587930773
6.325,0.5482154706082585,1.3114208073052793,0.7600613415834284
6.3500000000000005,0.5480007651126914,1.3107837319704188,0.7598445528036224
6.375,0.5477884831169345,1.3101488305923705,0.7596287934113601
6.4,0.5475786042430362,1.3095160893914088,0.759414064267655
6.425000000000001,0.5473711083067244,1.3088854946740962,0.7592003661385465
6.45,0.5471659753154002,1.3082570328327756,0.7589876996967906
6.4750000000000005,0.5469631854661517,1.3076306903450639,0.758776065523527
6.5,0.5467627191437902,1.307006453773348,0.7585654641099231
6.525,0.5465645569189064,1.3063843097642827,0.7583558958587944
6.550000000000001,0.5463686795459486,1.305764245048292,0.7581473610862035
6.575,0.546175067961321,1.3051462464390713,0.7579398600230367
6.6000000000000005,0.5459837032815023,1.3045303008330922,0.7577333928165578
6.625,0.5457945668011848,1.3039163952091097,0.7575279595319407
6.65,0.5456076399914336,1.3033045166276724,0.757323560153781
6.675000000000001,0.5454229044978653,1.302694652230633,0.7571201945875851
6.7,0.545240342138847,1.3020867892406636,0.7569178626612397
6.7250000000000005,0.5450599349037132,1.3014809149607705,0.7567165641264604
6.75,0.544881664951004,1.3008770167738142,0.7565162986602184
6.775,0.5447055146067206,1.3002750821420295,0.7563170658661491
6.800000000000001,0.5445314663626002,1.2996750986065482,0.7561188652759395
6.825,0.5443595028744097,1.2990770537869252,0.7559216963506962
6.8500000000000005,0.5441896069602576,1.2984809353806657,0.7557255584822935
6.875,0.5440217615989241,1.297886731162755,0.7555304509947034
6.9,0.5438559499282091,1.2972944289851915,0.7553363731453054
6.925000000000001,0.5436921552432981,1.29670401677652,0.7551433241261785
6.95,0.5435303609951461,1.2961154825413699,0.7549513030653737
6.9750000000000005,0.5433705507888785,1.2955288143599928,0.7547603090281694
7.0,0.5432127083822094,1.294944000387805,0.7545703410183077
7.025,0.5430568176838768,1.2943610288549308,0.7543813979792133
7.050000000000001,0.5429028627520953,1.293779888065748,0.7541934787951952
7.075,0.5427508277930246,1.2932005663984374,0.75400658229263
7.1000000000000005,0.5426006971592556,1.2926230523045317,0.7538207072411292
7.125,0.5424524553483118,1.2920473343084695,0.7536358523546884
7.15,0.5423060870011674,1.29147340100715,0.7534520162928211
7.175000000000001,0.542161576900782,1.2909012410694902,0.7532691976616742
7.2,0.5420189099706498,1.290330843235985,0.753087395015129
7.2250000000000005,0.5418780712733656,1.2897621963182688,0.752906606855885
7.25,0.5417390460092057,1.28919528919868,0.7527268316365279
7.275,0.5416018195147247,1.288630110829827,0.7525480677605824
7.300000000000001,0.5414663772613666,1.2880666502341578,0.7523703135835487
7.325,0.5413327048540917,1.28750489650353,0.7521935674139244
7.3500000000000005,0.541200788030018,1.2869448387987852,0.7520178275142111
7.375,0.5410706126570775,1.2863864663493236,0.7518430921019057
7.4,0.5409421647326863,1.2858297684526825,0.7516693593504774
7.425000000000001,0.5408154303824304,1.2852747344741158,0.7514966273903302
7.45,0.5406903958587643,1.284721353846177,0.7513248943097506
7.4750000000000005,0.5405670475397246,1.2841696160683034,0.7511541581558413
7.5,0.5404453719276568,1.2836195107064026,0.7509844169354415
7.525,0.5403253556479568,1.283071027392442,0.7508156686160323
7.550000000000001,0.540206985447825,1.2825241558240401,0.7506479111266297
7.575,0.5400902481950343,1.28197888576406,0.7504811423586626
7.6000000000000005,0.5399751308767116,1.2814352070402046,0.7503153601668395
7.625,0.5398616205981321,1.2808931095446152,0.7501505623700004
7.65,0.5397497045815269,1.2803525832334712,0.7499867467519565
7.675000000000001,0.539639370164903,1.279813618126593,0.7498239110623172
7.7,0.5395306048008769,1.2792762043070456,0.7496620530173038
7.7250000000000005,0.5394233960555196,1.2787403319207467,0.7495011703005522
7.75,0.5393177316072153,1.2782059911760744,0.7493412605639016
7.775,0.5392135992455316,1.277673172343479,0.7491823214281725
7.800000000000001,0.5391109868701022,1.2771418657550961,0.7490243504839319
7.825,0.5390098824895212,1.276612061804362,0.7488673452922469
7.8500000000000005,0.5389102742202504,1.2760837509456313,0.7487113033854267
7.875,0.5388121502855371,1.2755569236937971,0.7485562222677536
7.9,0.5387154990143443,1.2750315706239124,0.7484020994162021
7.925000000000001,0.5386203088402924,1.2745076823708144,0.7482489322811461
7.95,0.538526568300612,1.2739852496287505,0.7480967182870571
7.9750000000000005,0.5384342660351079,1.2734642631510071,0.7479454548331899
8.0,0.5383433907851353,1.2729447137495395,0.7477951392942573
8.025,0.5382539313925854,1.272426592294605,0.7476457690210961
8.05,0.5381658767988832,1.271909889714397,0.7474973413413204
8.075000000000001,0.5380792160439954,1.2713945969946825,0.747349853559966
8.1,0.5379939382654495,1.2708807051784399,0.7472033029601242
8.125,0.5379100326973626,1.270368205365501,0.7470576868035657
8.15,0.5378274886694817,1.2698570887121936,0.7469130023313542
8.175,0.5377462956062337,1.2693473464309863,0.7467692467644507
8.200000000000001,0.5376664430257853,1.268838969790136,0.7466264173043078
8.225,0.537587920539114,1.2683319501133372,0.7464845111334548
8.25,0.537510717849088,1.2678262787793726,0.7463435254160733
8.275,0.5374348247495568,1.2673219472217674,0.7462034572985631
8.3,0.5373602311244511,1.2668189469284437,0.7460643039100997
8.325000000000001,0.5372869269468921,1.266317269441378,0.7459260623631824
8.35,0.537214902278311,1.2658169063562612,0.7457887297541734
8.375,0.5371441472675781,1.265317849322159,0.7456523031638288
8.4,0.5370746521501398,1.264820090041176,0.7455167796578195
8.425,0.5370064072471668,1.26432362026812,0.7453821562872455
8.450000000000001,0.5369394029647095,1.2638284318101711,0.7452484300891402
8.475,0.5368736297928645,1.2633345165265493,0.7451155980869673
8.5,0.5368090783049475,1.262841866328186,0.7449836572911089
8.525,0.5367457391566778,1.2623504731773978,0.7448526046993463
8.55,0.5366836030853692,1.2618603290875616,0.7447224372973321
8.575000000000001,0.5366226609091309,1.261371426122791,0.7445931520590549
8.6,0.5365629035260766,1.2608837563976159,0.7444647459472956
8.625,0.5365043219135416,1.2603973120766632,0.7443372159140774
8.65,0.5364469071273089,1.2599120853743395,0.7442105589011068
8.675,0.5363906503008434,1.259428068554516,0.7440847718402079
8.700000000000001,0.5363355426445338,1.2589452539302153,0.7439598516537496
8.725,0.536281575444943,1.2584636338632995,0.7438357952550647
8.75,0.5362287400640668,1.257983200764161,0.7437125995488632
8.775,0.5361770279385994,1.2575039470914142,0.743590261431637
8.8,0.5361264305792081,1.2570258653515902,0.7434687777920589
8.825000000000001,0.5360769395698144,1.2565489480988323,0.7433481455113745
8.85,0.5360285465668839,1.256073187934594,0.7432283614637869
8.875,0.5359812432987228,1.255598577507339,0.7431094225168352
8.9,0.5359350215647825,1.2551251095122418,0.7429913255317665
8.925,0.5358898732349712,1.2546527766908915,0.742874067363901
8.950000000000001,0.5358457902489732,1.254181571830997,0.7427576448629915
8.975,0.5358027646155749,1.2537114877660935,0.7426420548735753
9.0,0.5357607884119981,1.2532425173752515,0.7425272942353217
9.025,0.5357198537832413,1.2527746535827868,0.7424133597833721
9.05,0.5356799529414259,1.2523078893579733,0.7423002483486741
9.075000000000001,0.5356410781651515,1.2518422177147563,0.7421879567583106
9.1,0.5356032217988568,1.2513776317114689,0.7420764818358222
9.125,0.5355663762521873,1.2509141244505484,0.741965820401524
9.15,0.5355305339993703,1.2504516890782569,0.7418559692728173
9.175,0.535495687578596,1.2499903187844013,0.7417469252644947
9.200000000000001,0.535461829591405,1.249530006802056,0.7416386851890406
9.225,0.5354289527020826,1.2490707464072877,0.7415312458569259
9.25,0.5353970496370595,1.2486125309188805,0.7414246040768969
9.275,0.5353661131843186,1.248155353698065,0.7413187566562601
9.3,0.5353361361928082,1.2476992081482465,0.7412137004011604
9.325000000000001,0.535307111571861,1.2472440877147368,0.741109432116855
9.35,0.5352790322906199,1.2467899858844864,0.7410059486079822
9.375,0.5352518913774692,1.2463368961858194,0.7409032466788249
9.4,0.5352256819194721,1.2458848121881696,0.7408013231335694
9.425,0.5352003970618138,1.2454337275018175,0.7407001747765593
9.450000000000001,0.5351760300072509,1.2449836357776303,0.7405997984125446
9.475,0.5351525740155663,1.2445345307068025,0.7405001908469264
9.5,0.5351300224030295,1.2440864060205987,0.7404013488859962
9.525,0.5351083685418634,1.2436392554900975,0.7403032693371715
9.55,0.5350876058597156,1.243193072925937,0.7402059490092263
9.575000000000001,0.5350677278391361,1.2427478521780633,0.7401093847125177
9.600000000000001,0.53504872801706,1.2423035871354775,0.7400135732592076
9.625,0.5350305999842958,1.241860271725988,0.73991851146348
9.65,0.5350133373850188,1.2414178999159613,0.7398241961417551
9.675,0.53499693391627,1.2409764657100764,0.7397306241128978
9.700000000000001,0.5349813833274603,1.2405359631510793,0.7396377921984232
9.725000000000001,0.5349666794198794,1.2400963863195402,0.7395456972226971
9.75,0.5349528160462106,1.239657729333611,0.7394543360131338
9.775,0.5349397871100495,1.2392199863487856,0.7393637054003884
9.8,0.5349275865654292,1.2387831515576608,0.7392738022185462
9.825000000000001,0.5349162084163485,1.2383472191896994,0.7391846233053083
9.850000000000001,0.5349056467163071,1.2379121835109934,0.7390961655021729
9.875,0.5348958955678442,1.2374780388240312,0.7390084256546133
9.9,0.534886949122082,1.237044779467463,0.7389214006122521
9.925,0.5348788015782746,1.2366123998158713,0.7388350872290317
9.950000000000001,0.534871447183361,1.2361808942795394,0.7387494823633816
9.975000000000001,0.5348648802315228,1.2357502573042232,0.7386645828783815
10.0,0.5348590950637466,1.2353204833709253,0.7385803856419223
10.025,0.534854086067391,1.2348915669956677,0.7384968875268618
10.05,0.5348498476757577,1.2344635027292692,0.7384140854111789
10.075000000000001,0.5348463743676674,1.2340362851571216,0.7383319761781232
10.100000000000001,0.5348436606670396,1.2336099088989685,0.738250556716362
10.125,0.5348417011424776,1.2331843686086859,0.738169823920124
10.15,0.5348404904068567,1.2327596589740626,0.7380897746893401
10.175,0.534840023116917,1.2323357747165842,0.7380104059297804
10.200000000000001,0.5348402939728613,1.2319127105912164,0.7379317145531887
10.225000000000001,0.5348412977179552,1.2314904613861912,0.7378536974774141
10.25,0.5348430291381333,1.231069021922793,0.7377763516265393
10.275,0.5348454830616082,1.230648387055148,0.7376996739310059
10.3,0.5348486543584836,1.2302285516700122,0.7376236613277374
10.325000000000001,0.5348525379403722,1.2298095106865645,0.7375483107602587
10.350000000000001,0.5348571287600166,1.229391259056197,0.7374736191788137
10.375,0.5348624218109138,1.2289737917623096,0.7373995835404789
10.4,0.5348684121269452,1.2285571038201044,0.7373262008092754
10.425,0.5348750947820083,1.2281411902763828,0.737253467956278
10.450000000000001,0.5348824648896537,1.227726046209342,0.7371813819597214
10.475000000000001,0.5348905176027249,1.227311666728374,0.7371099398051039
10.5,0.5348992481130019,1.2268980469738664,0.7370391384852887
10.525,0.5349086516508492,1.2264851821170026,0.7369689750006028
10.55,0.5349187234848662,1.2260730673595657,0.7368994463589332
10.575000000000001,0.5349294589215419,1.225661697933741,0.7368305495758212
10.600000000000001,0.5349408533049126,1.225251069101922,0.7367622816745529
10.625,0.5349529020162238,1.224841176156517,0.7366946396862496
10.65,0.534965600473595,1.2244320144197558,0.7366276206499539
10.675,0.5349789441316875,1.2240235792434992,0.7365612216127146
10.700000000000001,0.5349929284813764,1.2236158660090488,0.7364954396296693
10.725000000000001,0.5350075490494254,1.2232088701269581,0.7364302717641241
10.75,0.5350228013981652,1.2228025870368455,0.736365715087632
10.775,0.5350386811251744,1.2223970122072074,0.7363017666800689
10.8,0.5350551838629647,1.2219921411352335,0.7362384236297068
10.825000000000001,0.5350723052786683,1.2215879693466225,0.7361756830332866
10.850000000000001,0.5350900410737292,1.2211844923953994,0.736113541996087
10.875,0.5351083869835965,1.2207817058637338,0.7360519976319926
10.9,0.5351273387774227,1.22037960536176,0.7359910470635593
10.925,0.5351468922577625,1.2199781865273969,0.7359306874220791
10.950000000000001,0.5351670432602768,1.2195774450261705,0.735870915847641
10.975000000000001,0.5351877876534386,1.2191773765510363,0.7358117294891917
11.0,0.5352091213382416,1.218777976822204,0.7357531255045938
11.025,0.535231040247913,1.2183792415869623,0.735695101060682
11.05,0.5352535403476274,1.2179811666195057,0.7356376533333183
11.075000000000001,0.5352766176342248,1.2175837477207618,0.7355807795074444
11.100000000000001,0.5353002681359313,1.2171869807182196,0.7355244767771331
11.125,0.5353244879120819,1.2167908614657597,0.7354687423456379
11.15,0.5353492730528464,1.2163953858434844,0.735413573425441
11.175,0.5353746196789587,1.2160005497575506,0.7353589672382993
11.200000000000001,0.5354005239414478,1.2156063491400018,0.735304921015289
11.225000000000001,0.5354269820213714,1.2152127799486026,0.7352514319968487
11.25,0.5354539901295533,1.2148198381666735,0.7351984974328213
11.275,0.5354815445063222,1.2144275198029275,0.7351461145824931
11.3,0.5355096414212539,1.2140358208913067,0.7350942807146331
11.325000000000001,0.5355382771729152,1.2136447374908212,0.7350429931075294
11.350000000000001,0.5355674480886113,1.213254265685388,0.7349922490490252
11.375,0.5355971505241347,1.212864401583671,0.7349420458365524
11.4,0.5356273808635174,1.212475141318923,0.7348923807771648
11.425,0.535658135518785,1.212086481048828,0.7348432511875689
11.450000000000001,0.5356894109297139,1.2116984169553444,0.7347946543941544
11.475000000000001,0.5357212035635894,1.2113109452445487,0.7347465877330223
11.5,0.5357535099149682,1.2109240621464823,0.7346990485500126
11.525,0.5357863265054413,1.2105377639149968,0.7346520342007302
11.55,0.5358196498834009,1.2101520468276017,0.7346055420505696
11.575000000000001,0.5358534766238081,1.209766907185313,0.7345595694747385
11.600000000000001,0.5358878033279638,1.209382341312502,0.7345141138582801
11.625,0.5359226266232818,1.208998345556746,0.734469172596094
11.65,0.5359579431630634,1.2086149162886795,0.7344247430929565
11.675,0.5359937496262751,1.2082320499018466,0.7343808227635388
11.700000000000001,0.5360300427173276,1.2078497428125539,0.7343374090324252
11.725000000000001,0.5360668191658577,1.2074679914597244,0.7342944993341292
11.75,0.5361040757265122,1.207086792304753,0.7342520911131091
11.775,0.536141809178733,1.2067061418313627,0.7342101818237822
11.8,0.5361800163265454,1.206326036545461,0.7341687689305382
11.825000000000001,0.5362186939983482,1.2059464729749974,0.734127849907751
11.850000000000001,0.536257839046705,1.2055674476698235,0.7340874222397907
11.875,0.5362974483481387,1.2051889572015515,0.7340474834210329
11.9,0.5363375188029273,1.2048109981634152,0.7340080309558684
11.925,0.5363780473349018,1.2044335671701314,0.7339690623587114
11.950000000000001,0.5364190308912457,1.2040566608577623,0.7339305751540066
11.975000000000001,0.5364604664422971,1.2036802758835787,0.7338925668762358
12.0,0.5365023509813523,1.2033044089259244,0.7338550350699231
12.025,0.5365446815244718,1.2029290566840807,0.7338179772896396
12.05,0.5365874551102864,1.202554215878133,0.7337813911000068
12.075000000000001,0.5366306687998078,1.202179883248837,0.7337452740756999
12.100000000000001,0.5366743196762391,1.2018060555574863,0.7337096238014491
12.125,0.5367184048447877,1.2014327295857814,0.7336744378720411
12.15,0.5367629214324798,1.2010599021356982,0.7336397138923194
12.175,0.5368078665879773,1.200687570029359,0.7336054494771836
12.200000000000001,0.5368532374813955,1.2003157301089031,0.7335716422515882
12.225000000000001,0.536899031304123,1.1999443792363584,0.7335382898505404
12.25,0.5369452452686437,1.1995735142935144,0.7335053899190972
12.275,0.53699187660836,1.1992031321817958,0.7334729401123623
12.3,0.5370389225774174,1.1988332298221362,0.7334409380954813
12.325000000000001,0.5370863804505314,1.1984638041548543,0.7334093815436368
12.350000000000001,0.5371342475228158,1.1980948521395283,0.7333782681420428
12.375,0.5371825211096126,1.1977263707548738,0.733347595585938
12.4,0.5372311985463235,1.1973583569986208,0.7333173615805789
12.425,0.5372802771882427,1.1969908078873925,0.7332875638412324
12.450000000000001,0.5373297544103918,1.1966237204565837,0.7332582000931666
12.475000000000001,0.5373796276073561,1.196257091760241,0.7332292680716423
12.5,0.5374298941931225,1.1958909188709437,0.7332007655219037
12.525,0.5374805516009179,1.1955251988796847,0.7331726901991671
12.55,0.5375315972830511,1.195159928895753,0.733145039868611
12.575000000000001,0.5375830287107545,1.194795106046617,0.7331178123053642
12.600000000000001,0.5376348433740276,1.1944307274778072,0.7330910052944939
12.625,0.5376870387814827,1.1940667903528015,0.7330646166309931
12.65,0.5377396124601915,1.1937032918529102,0.7330386441197674
12.675,0.5377925619555329,1.193340229177162,0.7330130855756215
12.700000000000001,0.5378458848310427,1.19297759954219,0.732987938823245
12.725000000000001,0.5378995786682642,1.1926154001821205,0.7329632016971974
12.75,0.5379536410666009,1.1922536283484597,0.7329388720418933
12.775,0.53800806964317,1.1918922813099833,0.7329149477115864
12.8,0.5380628620326573,1.191531356352626,0.7328914265703532
12.825000000000001,0.5381180158871735,1.191170850779372,0.732868306492077
12.850000000000001,0.5381735288761121,1.190810761910145,0.73284558536043
12.875,0.5382293986860084,1.190451087081701,0.732823261068856
12.9,0.5382856230203994,1.190091823647521,0.7328013315205526
12.925,0.5383421995996858,1.1897329689777028,0.7327797946284524
12.950000000000001,0.5383991261609947,1.1893745204588548,0.7327586483152045
12.975000000000001,0.5384564004580439,1.1890164754939925,0.7327378905131549
13.0,0.5385140202610068,1.1886588315024311,0.7327175191643267
13.025,0.5385719833563796,1.188301585919683,0.7326975322204006
13.05,0.5386302875468486,1.1879447361973536,0.7326779276426937
13.075000000000001,0.5386889306511596,1.187588279803039,0.7326587034021392
13.100000000000001,0.5387479105039881,1.1872322142202232,0.732639857479265
13.125,0.5388072249558102,1.1868765369481769,0.7326213878641719
13.15,0.5388668718727762,1.1865212455018568,0.732603292556512
13.175,0.5389268491365833,1.1861663374118052,0.7325855695654664
13.200000000000001,0.5389871546443513,1.1858118102240505,0.7325682169097223
13.225000000000001,0.5390477863084981,1.1854576615000085,0.7325512326174503
13.25,0.5391087420566173,1.1851038888163838,0.7325346147262811
13.275,0.539170019831356,1.1847504897650722,0.7325183612832822
13.3,0.5392316175902948,1.1843974619530642,0.7325024703449333
13.325000000000001,0.5392935333058276,1.1840448030023478,0.7324869399771031
13.350000000000001,0.5393557649650439,1.1836925105498137,0.7324717682550241
13.375,0.5394183105696106,1.1833405822471592,0.7324569532632683
13.4,0.5394811681356565,1.1829890157607945,0.732442493095722
13.425,0.5395443356936565,1.1826378087717484,0.7324283858555604
13.450000000000001,0.5396078112883174,1.1822869589755751,0.7324146296552226
13.475000000000001,0.5396715929784651,1.1819364640822612,0.7324012226163854
13.5,0.5397356788369321,1.181586321816134,0.7323881628699374
13.525,0.5398000669504462,1.18123652991577,0.7323754485559525
13.55,0.539864755419521,1.1808870861339038,0.7323630778236639
13.575000000000001,0.5399297423583456,1.1805379882373377,0.7323510488314371
13.600000000000001,0.5399950258946774,1.180189234006852,0.7323393597467429
13.625,0.5400606041697344,1.1798408212371163,0.7323280087461304
13.65,0.540126475338089,1.1794927477366002,0.7323169940151996
13.675,0.5401926375675625,1.1791450113274857,0.7323063137485738
13.700000000000001,0.540259089039121,1.1787976098455797,0.732295966149872
13.725000000000001,0.5403258279467716,1.1784505411402268,0.7322859494316809
13.75,0.5403928524974603,1.178103803074224,0.7322762618155266
13.775,0.5404601609109695,1.1777573935237333,0.7322669015318467
13.8,0.5405277514198183,1.177411310378198,0.7322578668199615
13.825000000000001,0.540595622269162,1.1770655515402573,0.7322491559280455
13.850000000000001,0.5406637717166932,1.1767201149256623,0.7322407671130987
13.875,0.5407321980325438,1.1763749984631924,0.7322326986409173
13.9,0.5408008994991879,1.1760302000945722,0.7322249487860653
13.925,0.5408698744113449,1.1756857177743893,0.7322175158318444
13.950000000000001,0.5409391210758847,1.1753415494700123,0.7322103980702653
13.975000000000001,0.5410086378117326,1.1749976931615091,0.7322035938020182
14.0,0.5410784229497753,1.1746541468415659,0.7321971013364423
14.025,0.5411484748327681,1.1743109085154073,0.7321909189914972
14.05,0.5412187918152428,1.173967976200716,0.7321850450937323
14.075000000000001,0.541289372263416,1.1736253479275538,0.7321794779782569
14.100000000000001,0.5413602145550986,1.1732830217382824,0.7321742159887102
14.125,0.5414313170796061,1.172940995687485,0.7321692574772314
14.15,0.5415026782376694,1.1725992678418895,0.7321646008044285
14.175,0.5415742964413466,1.1722578362802896,0.7321602443393487
14.200000000000001,0.5416461701139355,1.171916699093469,0.7321561864594477
14.225000000000001,0.5417182976898867,1.1715758543841253,0.7321524255505589
14.25,0.541790677614718,1.1712353002667928,0.732148960006863
14.275,0.5418633083449288,1.1708950348677687,0.7321457882308571
14.3,0.5419361883479159,1.1705550563250375,0.7321429086333235
14.325000000000001,0.5420093161018894,1.1702153627881966,0.7321403196332997
14.350000000000001,0.5420826900957899,1.1698759524183824,0.7321380196580465
14.375,0.5421563088292062,1.1695368233881973,0.7321360071430173
14.4,0.5422301708122933,1.1691979738816363,0.7321342805318272
14.425,0.5423042745656921,1.1688594020940142,0.7321328382762217
14.450000000000001,0.5423786186204487,1.1685211062318948,0.7321316788360452
14.475000000000001,0.5424532015179351,1.1681830845130179,0.7321308006792103
14.5,0.5425280218097701,1.1678453351662295,0.7321302022816659
14.525,0.5426030780577416,1.16750785643141,0.7321298821273662
14.55,0.5426783688337284,1.1671706465594054,0.7321298387082392
14.575000000000001,0.5427538927196243,1.1668337038119558,0.7321300705241554
14.600000000000001,0.5428296483072609,1.1664970264616277,0.7321305760828959
14.625,0.5429056341983328,1.1661606127917443,0.7321313539001215
14.65,0.5429818490043223,1.1658244610963178,0.7321324024993408
14.675,0.5430582913464256,1.1654885696799806,0.7321337204118785
14.700000000000001,0.5431349598554784,1.1651529368579183,0.7321353061768444
14.725000000000001,0.543211853171884,1.164817560955803,0.7321371583411012
14.75,0.5432889699455399,1.1644824403097256,0.7321392754592331
14.775,0.5433663088357665,1.1641475732661308,0.7321416560935144
14.8,0.543443868511236,1.1638129581817507,0.7321442988138778
14.825000000000001,0.5435216476499019,1.163478593423539,0.7321472021978821
14.850000000000001,0.5435996449389283,1.163144477368607,0.7321503648306816
14.875,0.543677859074622,1.1628106084041585,0.7321537853049939
14.9,0.543756288762362,1.162476984927426,0.732157462221068
14.925,0.5438349327165328,1.1621436053456062,0.7321613941866534
14.950000000000001,0.5439137896604558,1.1618104680757981,0.7321655798169675
14.975000000000001,0.5439928583263224,1.1614775715449392,0.732170017734665
15.0,0.544072137455128,1.161144914189743,0.7321747065698052
15.025,0.5441516257966054,1.1608124944566371,0.7321796449598216
15.05,0.5442313221091598,1.160480310801702,0.7321848315494891
15.075000000000001,0.544311225159804,1.1601483616906094,0.7321902649908933
15.100000000000001,0.5443913337240939,1.1598166455985606,0.7321959439433985
15.125,0.5444716465860646,1.1594851610102275,0.7322018670736162
15.15,0.5445521625381676,1.1591539064196912,0.732208033055374
15.175,0.5446328803812079,1.1588228803303835,0.7322144405696833
15.200000000000001,0.5447137989242815,1.1584920812550263,0.7322210883047088
15.225000000000001,0.5447949169847142,1.1581615077155738,0.7322279749557361
15.25,0.5448762333880001,1.1578311582431529,0.7322350992251412
15.275,0.5449577469677412,1.1575010313780056,0.7322424598223584
15.3,0.5450394565655872,1.1571711256694317,0.7322500554638495
15.325000000000001,0.5451213610311755,1.15684143967573,0.7322578848730722
15.350000000000001,0.5452034592220726,1.1565119719641423,0.732265946780449
15.375,0.5452857500037149,1.1561827211107967,0.7322742399233358
15.4,0.5453682322493509,1.1558536857006505,0.7322827630459909
15.425,0.5454509048399834,1.155524864327435,0.7322915148995439
15.450000000000001,0.545533766664312,1.155196255593599,0.7323004942419643
15.475000000000001,0.5456168166186766,1.154867858110255,0.7323096998380308
15.5,0.5457000536070011,1.1545396704971225,0.7323191304593004
15.525,0.5457834765407377,1.1542116913824747,0.732328784884077
15.55,0.5458670843388108,1.153883919403084,0.732338661897381
15.575000000000001,0.545950875927563,1.1535563532041684,0.7323487602909178
15.600000000000001,0.5460348502407,1.1532289914393368,0.732359078863048
15.625,0.5461190062192368,1.1529018327705374,0.7323696164187559
15.65,0.5462033428114441,1.152574875868004,0.732380371769619
15.675,0.5462878589727952,1.1522481194102034,0.7323913437337778
15.700000000000001,0.5463725536659129,1.1519215620837842,0.7324025311359045
15.725000000000001,0.5464574258605177,1.1515952025835237,0.7324139328071732
15.75,0.5465424745333757,1.1512690396122773,0.7324255475852292
15.775,0.5466276986682469,1.1509430718809273,0.7324373743141586
15.8,0.5467130972558347,1.1506172981083314,0.7324494118444581
15.825000000000001,0.5467986692937349,1.1502917170212732,0.7324616590330049
15.850000000000001,0.5468844137863854,1.1499663273544114,0.7324741147430262
15.875,0.5469703297450167,1.14964112785023,0.7324867778440693
15.9,0.5470564161876023,1.149316117258989,0.7324996472119718
15.925,0.5471426721388096,1.1489912943386746,0.7325127217288312
15.950000000000001,0.5472290966299517,1.1486666578549514,0.7325260002829753
15.975000000000001,0.5473156886989384,1.1483422065811126,0.7325394817689325
16.0,0.5474024473902294,1.1480179392980328,0.7325531650874018
16.025000000000002,0.5474893717547857,1.147693854794119,0.7325670491452232
16.05,0.5475764608500236,1.1473699518652638,0.7325811328553484
16.075,0.5476637137397673,1.147046229314798,0.732595415136811
16.1,0.5477511294942026,1.146722685953443,0.7326098949146972
16.125,0.5478387071898312,1.1463993205992642,0.7326245711201163
16.150000000000002,0.5479264459094251,1.1460761320776252,0.7326394426901716
16.175,0.5480143447419812,1.1457531192211408,0.7326545085679311
16.2,0.5481024027826766,1.1454302808696315,0.7326697677023988
16.225,0.548190619132824,1.1451076158700784,0.7326852190484848
16.25,0.5482789928998273,1.144785123076577,0.7327008615669774
16.275000000000002,0.5483675231971384,1.1444628013502935,0.7327166942245135
16.3,0.5484562091442132,1.1441406495594186,0.7327327159935498
16.325,0.5485450498664686,1.1438186665791241,0.732748925852335
16.35,0.5486340444952397,1.143496851291519,0.7327653227848799
16.375,0.5487231921677377,1.1431752025856046,0.73278190578093
16.400000000000002,0.5488124920270074,1.1428537193572321,0.7327986738359366
16.425,0.5489019432218856,1.1425324005090587,0.732815625951028
16.45,0.5489915449069593,1.1422112449505044,0.7328327611329822
16.475,0.5490812962425256,1.14189025159771,0.7328500783941981
16.5,0.5491711963945494,1.1415694193734944,0.7328675767526676
16.525000000000002,0.5492612445346242,1.1412487472073118,0.7328852552319474
16.55,0.5493514398399315,1.140928234035211,0.7329031128611314
16.575,0.5494417814932007,1.1406078787997922,0.7329211486748229
16.6,0.5495322686826699,1.1402876804501674,0.7329393617131066
16.625,0.5496229006020465,1.1399676379419177,0.732957751021521
16.650000000000002,0.5497136764504686,1.1396477502370537,0.7329763156510313
16.675,0.549804595432466,1.139328016303974,0.7329950546580013
16.7,0.5498956567579218,1.1390084351174259,0.7330139671041667
16.725,0.5499868596420351,1.138689005658464,0.7330330520566072
16.75,0.5500782033052823,1.1383697269144115,0.7330523085877201
16.775000000000002,0.5501696869733806,1.1380505978788205,0.7330717357751924
16.8,0.5502613098772503,1.1377316175514318,0.7330913327019745
16.825,0.5503530712529779,1.1374127849381375,0.7331110984562529
16.85,0.5504449703417801,1.1370940990509404,0.7331310321314237
16.875,0.5505370063899668,1.1367755589079167,0.7331511328260657
16.900000000000002,0.5506291786489059,1.1364571635331775,0.733171399643914
16.925,0.5507214863749867,1.1361389119568301,0.7331918316938332
16.95,0.5508139288295852,1.1358208032149413,0.7332124280897913
16.975,0.5509065052790285,1.1355028363494986,0.7332331879508333
17.0,0.55099921499456,1.1351850104083736,0.7332541104010548
17.025000000000002,0.5510920572523048,1.1348673244452852,0.7332751945695766
17.05,0.5511850313332355,1.1345497775197617,0.7332964395905175
17.075,0.5512781365231377,1.1342323686971052,0.7333178446029694
17.1,0.5513713721125767,1.133915097048355,0.7333394087509713
17.125,0.5514647373968633,1.1335979616502507,0.7333611311834829
17.150000000000002,0.5515582316760209,1.1332809615851975,0.73338301105436
17.175,0.5516518542547524,1.1329640959412295,0.7334050475223282
17.2,0.5517456044424071,1.132647363811975,0.7334272397509577
17.225,0.5518394815529485,1.1323307642966203,0.7334495869086383
17.25,0.5519334849049218,1.1320142964998758,0.7334720881685536
17.275000000000002,0.5520276138214218,1.1316979595319407,0.7334947427086562
17.3,0.5521218676300612,1.1313817525084682,0.733517549711643
17.325,0.5522162456629388,1.1310656745505314,0.7335405083649293
17.35,0.5523107472566083,1.1307497247845895,0.7335636178606252
17.375,0.5524053717520474,1.130433902342453,0.7335868773955098
17.400000000000002,0.5525001184946263,1.1301182063612514,0.7336102861710071
17.425,0.5525949868340779,1.1298026359833981,0.7336338433931616
17.45,0.5526899761244667,1.1294871903565589,0.7336575482726135
17.475,0.5527850857241589,1.129171868633617,0.7336814000245747
17.5,0.5528803149957924,1.128856669972642,0.7337053978688041
17.525000000000002,0.5529756633062474,1.128541593536856,0.7337295410295839
17.55,0.5530711300266162,1.1282266384946018,0.7337538287356955
17.575,0.5531667145321747,1.1279118040193106,0.7337782602203954
17.6,0.5532624162023526,1.12759708928947,0.7338028347213915
17.625,0.5533582344207053,1.1272824934885919,0.7338275514808194
17.650000000000002,0.5534541685748848,1.1269680158051814,0.7338524097452184
17.675,0.5535502180566113,1.126653655432705,0.7338774087655087
17.7,0.5536463822616452,1.1263394115695593,0.7339025477969672
17.725,0.5537426605897591,1.126025283419041,0.7339278260992046
17.75,0.5538390524447098,1.1257112701893146,0.7339532429361421
17.775000000000002,0.5539355572342111,1.1253973710933831,0.733978797575988
17.8,0.554032174369906,1.1250835853490568,0.7340044892912153
17.825,0.5541289032673401,1.1247699121789236,0.7340303173585381
17.85,0.554225743345934,1.1244563508103185,0.7340562810588888
17.875,0.554322694028957,1.1241429004752939,0.7340823796773959
17.900000000000002,0.5544197547435004,1.1238295604105903,0.7341086125033609
17.925,0.5545169249204512,1.1235163298576067,0.734134978830236
17.95,0.554614203994466,1.123203208062371,0.7341614779556015
17.975,0.5547115914039448,1.1228901942755114,0.7341881091811434
18.0,0.5548090865910054,1.122577287752227,0.7342148718126315
18.025000000000002,0.5549066890014577,1.12226448775226,0.7342417651598968
18.05,0.5550043980847784,1.1219517935398662,0.7342687885368099
18.075,0.555102213294086,1.1216392043837868,0.7342959412612586
18.1,0.5552001340861155,1.1213267195572212,0.7343232226551266
18.125,0.5552981599211932,1.1210143383377975,0.7343506320442712
18.150000000000002,0.5553962902632131,1.120702060007546,0.7343781687585019
18.175,0.5554945245796115,1.1203898838528707,0.7344058321315591
18.2,0.5555928623413429,1.120077809164523,0.734433621501092
18.225,0.5556913030228562,1.1197658352375728,0.7344615362086381
18.25,0.5557898461020705,1.119453961371383,0.7344895755996009
18.275000000000002,0.5558884910603514,1.1191421868695812,0.7345177390232299
18.3,0.5559872373824876,1.118830511040034,0.7345460258325985
18.325,0.556086084556667,1.11851893319482,0.7345744353845837
18.35,0.556185032074454,1.1182074526502033,0.7346029670398448
18.375,0.5562840794307663,1.1178960687266073,0.7346316201628031
18.400000000000002,0.5563832261238516,1.1175847807485888,0.7346603941216208
18.425,0.5564824716552654,1.1172735880448117,0.7346892882881805
18.45,0.5565818155298483,1.116962489948022,0.734718302038065
18.475,0.5566812572557033,1.1166514857950212,0.7347474347505365
18.5,0.5567807963441738,1.1163405749266417,0.7347766858085165
18.525000000000002,0.5568804323098215,1.1160297566877215,0.7348060545985657
18.55,0.5569801646704047,1.1157190304270783,0.7348355405108639
18.575,0.5570799929468558,1.1154083954974854,0.7348651429391896
18.6,0.5571799166632608,1.1150978512556469,0.7348948612809006
18.625,0.557279935346837,1.1147873970621722,0.7349246949369139
18.650000000000002,0.5573800485279119,1.1144770322815527,0.734954643311686
18.675,0.5574802557399023,1.1141667562821367,0.7349847058131934
18.7,0.5575805565192933,1.1138565684361057,0.735014881852913
18.725,0.5576809504056169,1.11354646811945,0.7350451708458023
18.75,0.5577814369414323,1.113236454711945,0.7350755722102809
18.775000000000002,0.5578820156723046,1.1129265275971278,0.7351060853682102
18.8,0.5579826861467845,1.1126166861622733,0.7351367097448751
18.825,0.5580834479163885,1.1123069297983705,0.7351674447689646
18.85,0.5581843005355785,1.1119972579001003,0.7351982898725526
18.875,0.5582852435617419,1.1116876698658116,0.7352292444910795
18.900000000000002,0.5583862765551716,1.1113781650974983,0.735260308063333
18.925,0.5584873990790468,1.1110687430007768,0.7352914800314294
18.95,0.558588610699413,1.1107594029848633,0.7353227598407954
18.975,0.5586899109851632,1.1104501444625514,0.7353541469401491
19.0,0.5587912995080179,1.1101409668501891,0.7353856407814819
19.025000000000002,0.5588927758425067,1.1098318695676577,0.7354172408200401
19.05,0.5589943395659491,1.1095228520383482,0.7354489465143066
19.075,0.5590959902584354,1.109213913689141,0.7354807573259825
19.1,0.5591977275028084,1.1089050539503829,0.7355126727199696
19.125,0.5592995508846446,1.1085962722558658,0.7355446921643519
19.150000000000002,0.559401459992236,1.108287568042805,0.7355768151303781
19.175,0.5595034544165716,1.1079789407518188,0.7356090410924434
19.200000000000003,0.5596055337513192,1.1076703898269054,0.7356413695280722
19.225,0.5597076975928076,1.1073619147154234,0.7356737999179004
19.25,0.5598099455400085,1.1070535148680702,0.7357063317456574
19.275000000000002,0.5599122771945189,1.106745189738861,0.7357389644981494
19.3,0.5600146921605431,1.106436938785108,0.7357716976652413
19.325000000000003,0.5601171900448757,1.1061287614674007,0.7358045307398402
19.35,0.5602197704568836,1.1058206572495841,0.7358374632178775
19.375,0.5603224330084894,1.1055126255987395,0.7358704945982922
19.400000000000002,0.5604251773141534,1.1052046659851638,0.735903624383014
19.425,0.5605280029908575,1.104896777882349,0.735936852076946
19.450000000000003,0.5606309096580875,1.1045889607669634,0.735970177187948
19.475,0.5607338969378167,1.1042812141188307,0.73600359922682
19.5,0.5608369644544894,1.1039735374209108,0.7360371177072852
19.525000000000002,0.5609401118350037,1.1036659301592802,0.7360707321459736
19.55,0.5610433387086958,1.1033583918231122,0.7361044420624054
19.575000000000003,0.5611466447073231,1.1030509219046585,0.7361382469789749
19.6,0.5612500294650483,1.1027435198992288,0.7361721464209336
19.625,0.5613534926184233,1.1024361853051725,0.7362061399163746
19.650000000000002,0.5614570338063729,1.1021289176238596,0.7362402269962158
19.675,0.5615606526701795,1.1018217163596618,0.7362744071941845
19.700000000000003,0.5616643488534668,1.1015145810199336,0.7363086800468006
19.725,0.5617681220021844,1.1012075111149942,0.7363430450933617
19.75,0.5618719717645921,1.1009005061581085,0.7363775018759263
19.775000000000002,0.5619758977912449,1.1005935656654693,0.7364120499392988
19.8,0.5620798997349772,1.1002866891561782,0.736446688831013
19.825000000000003,0.5621839772508876,1.0999798761522286,0.7364814181013177
19.85,0.5622881299963244,1.0996731261784864,0.73651623730316
19.875,0.5623923576308696,1.0993664387626734,0.7365511459921705
19.900000000000002,0.5624966598163249,1.0990598134353484,0.7365861437266482
19.925,0.5626010362166965,1.0987532497298904,0.7366212300675445
19.950000000000003,0.5627054864981805,1.0984467471824806,0.7366564045784486
19.975,0.5628100103291482,1.0981403053320846,0.7366916668255722
20.0,0.5629146073801318,1.0978339237204362,0.7367270163777345
20.025000000000002,0.5630192773238096,1.0975276018920188,0.7367624528063472
20.05,0.5631240198349926,1.0972213393940493,0.7367979756853998
20.075000000000003,0.5632288345906092,1.0969151357764604,0.7368335845914448
20.1,0.5633337212696922,1.0966089905918843,0.7368692791035825
20.125,0.5634386795533636,1.0963029033956357,0.7369050588034471
20.150000000000002,0.5635437091248219,1.0959968737456947,0.7369409232751919
20.175,0.5636488096693276,1.0956909012026905,0.7369768721054744
20.200000000000003,0.5637539808741898,1.0953849853298856,0.7370129048834424
20.225,0.5638592224287524,1.0950791256931582,0.7370490212007197
20.25,0.5639645340243805,1.0947733218609867,0.7370852206513914
20.275000000000002,0.5640699153544474,1.0944675734044333,0.7371215028319901
20.3,0.564175366114321,1.0941618798971282,0.7371578673414817
20.325000000000003,0.5642808860013504,1.0938562409152535,0.7371943137812514
20.35,0.5643864747148533,1.0935506560375268,0.7372308417550898
20.375,0.5644921319561021,1.0932451248451862,0.7372674508691788
20.400000000000002,0.5645978574283121,1.0929396469219748,0.7373041407320781
20.425,0.5647036508366274,1.0926342218541238,0.7373409109547112
20.450000000000003,0.564809511888109,1.092328849230339,0.7373777611503521
20.475,0.5649154402917217,1.0920235286417832,0.7374146909346114
20.5,0.5650214357583216,1.0917182596820632,0.737451699925423
20.525000000000002,0.5651274980006438,1.0914130419472128,0.7374887877430305
20.55,0.5652336267332893,1.0911078750356789,0.7375259540099739
20.575000000000003,0.5653398216727133,1.0908027585483058,0.7375631983510763
20.6,0.5654460825372131,1.0904976920883207,0.7376005203934309
20.625,0.565552409046915,1.090192675261319,0.7376379197663877
20.650000000000002,0.565658800923763,1.0898877076752491,0.7376753961015402
20.675,0.5657652578915066,1.0895827889403986,0.7377129490327127
20.700000000000003,0.5658717796756887,1.0892779186693788,0.7377505781959472
20.725,0.5659783660036339,1.0889730964771112,0.737788283229491
20.75,0.5660850166044368,1.0886683219808122,0.7378260637737828
20.775000000000002,0.5661917312089499,1.0883635947999803,0.7378639194714414
20.8,0.5662985095497728,1.0880589145563804,0.7379018499672519
20.825000000000003,0.5664053513612397,1.0877542808740306,0.737939854908154
20.85,0.5665122563794087,1.0874496933791884,0.7379779339432284
20.875,0.5666192243420501,1.087145151700336,0.7380160867236857
20.900000000000002,0.5667262549886353,1.0868406554681675,0.7380543129028528
20.925,0.566833348060325,1.0865362043155742,0.7380926121361614
20.950000000000003,0.566940503299959,1.086231797877632,0.7381309840811353
20.975,0.5670477204520444,1.0859274357915867,0.7381694283973785
21.0,0.5671549992627449,1.085623117696842,0.738207944746563
21.025000000000002,0.5672623394798698,1.0853188432349448,0.7382465327924166
21.05,0.5673697408528633,1.0850146120495727,0.7382851922007111
21.075000000000003,0.5674772031327935,1.0847104237865206,0.7383239226392504
21.1,0.5675847260723419,1.0844062780936876,0.7383627237778585
21.125,0.5676923094257927,1.084102174621064,0.7384015952883679
21.150000000000002,0.5677999529490224,1.083798113020718,0.7384405368446078
21.175,0.5679076563994889,1.0834940929467836,0.7384795481223922
21.200000000000003,0.5680154195362217,1.0831901140554472,0.738518628799509
21.225,0.568123242119811,1.082886176004935,0.7385577785557077
21.25,0.5682311239123979,1.0825822784555008,0.7385969970726883
21.275000000000002,0.5683390646776639,1.0822784210694127,0.7386362840340901
21.3,0.5684470641808207,1.0819746035109417,0.7386756391254797
21.325000000000003,0.5685551221886005,1.081670825446348,0.7387150620343407
21.35,0.5686632384692457,1.08136708654387,0.7387545524500614
21.375,0.5687714127924992,1.0810633864737111,0.7387941100639247
21.400000000000002,0.5688796449295943,1.0807597249080283,0.7388337345690962
21.425,0.568987934653245,1.0804561015209195,0.7388734256606136
21.450000000000003,0.5690962817376366,1.0801525159884118,0.7389131830353758
21.475,0.5692046859584153,1.0798489679884498,0.7389530063921316
21.5,0.5693131470926794,1.0795454572008831,0.7389928954314691
21.525000000000002,0.5694216649189694,1.0792419833074558,0.7390328498558051
21.55,0.5695302392172584,1.078938545991793,0.739072869369374
21.575000000000003,0.5696388697689431,1.078635144939391,0.7391129536782175
21.6,0.5697475563568338,1.0783317798376042,0.7391531024901737
21.625,0.5698562987651461,1.0780284503756348,0.7391933155148669
21.650000000000002,0.5699650967794907,1.077725156244521,0.7392335924636965
21.675,0.5700739501868649,1.0774218971371254,0.7392739330498274
21.700000000000003,0.5701828587756432,1.0771186727481243,0.7393143369881789
21.725,0.5702918223355684,1.0768154827739957,0.7393548039954151
21.75,0.5704008406577427,1.0765123269130092,0.7393953337899338
21.775000000000002,0.5705099135346183,1.0762092048652143,0.7394359260918572
21.8,0.5706190407599895,1.0759061163324293,0.7394765806230209
21.825000000000003,0.5707282221289828,1.075603061018231,0.7395172971069646
21.85,0.570837457438049,1.0753000386279437,0.7395580752689215
21.875,0.5709467464849542,1.0749970488686278,0.7395989148358088
21.900000000000002,0.5710560890687714,1.07469409144907,0.7396398155362173
21.925,0.5711654849898713,1.0743911660797718,0.7396807771004019
21.950000000000003,0.5712749340499147,1.07408827247294,0.7397217992602718
21.975,0.5713844360518434,1.073785410342475,0.7397628817493805
22.0,0.5714939907998722,1.073482579403962,0.7398040243029164
22.025000000000002,0.5716035980994801,1.0731797793746582,0.7398452266576928
22.05,0.5717132577574028,1.072877009973485,0.7398864885521389
22.075000000000003,0.5718229695816235,1.0725742709210162,0.7399278097262898
22.1,0.5719327333813656,1.0722715619394685,0.739969189921777
22.125,0.5720425489670841,1.0719688827526912,0.7400106288818192
22.150000000000002,0.5721524161504575,1.0716662330861562,0.7400521263512132
22.175,0.5722623347443804,1.071363612666948,0.7400936820763239
22.200000000000003,0.5723723045629545,1.0710610212237537,0.7401352958050753
22.225,0.5724823254214819,1.0707584584868535,0.7401769672869418
22.25,0.5725923971364564,1.0704559241881104,0.7402186962729386
22.275000000000002,0.5727025195255558,1.070153418060961,0.7402604825156123
22.3,0.5728126924076348,1.0698509398404055,0.7403023257690324
22.325000000000003,0.5729229156027164,1.069548489262998,0.7403442257887822
22.35,0.5730331889319848,1.0692460660668375,0.7403861823319496
22.375,0.5731435122177779,1.0689436699915578,0.7404281951571183
22.400000000000002,0.5732538852835795,1.0686413007783182,0.7404702640243592
22.425,0.5733643079540115,1.0683389581697949,0.7405123886952213
22.450000000000003,0.5734747800548274,1.0680366419101703,0.7405545689327231
22.475,0.5735853014129041,1.0677343517451252,0.7405968045013437
22.5,0.5736958718562348,1.0674320874218284,0.7406390951670145
22.525000000000002,0.5738064912139217,1.0671298486889285,0.7406814406971105
22.55,0.5739171593161688,1.0668276352965442,0.7407238408604414
22.575000000000003,0.5740278759942746,1.066525446996256,0.7407662954272435
22.6,0.5741386410806252,1.0662232835410963,0.7408088041691712
22.625,0.5742494544086868,1.0659211446855412,0.7408513668592884
22.650000000000002,0.5743603158129991,1.0656190301855015,0.7408939832720605
22.675,0.5744712251291678,1.0653169397983138,0.7409366531833455
22.700000000000003,0.574582182193858,1.0650148732827318,0.7409793763703862
22.725,0.5746931868447873,1.064712830398918,0.7410221526118023
22.75,0.5748042389207186,1.064410810908434,0.7410649816875812
22.775000000000002,0.5749153382614536,1.0641088145742337,0.7411078633790709
22.8,0.5750264847078257,1.0638068411606527,0.7411507974689714
22.825000000000003,0.5751376781016937,1.063504890433402,0.7411937837413268
22.85,0.5752489182859347,1.0632029621595573,0.7412368219815175
22.875,0.5753602051044377,1.0629010561075531,0.7412799119762519
22.900000000000002,0.575471538402097,1.0625991720471726,0.7413230535135586
22.925,0.5755829180248051,1.0622973097495396,0.7413662463827791
22.950000000000003,0.5756943438194472,1.0619954689871114,0.7414094903745592
22.975,0.5758058156338937,1.0616936495336697,0.7414527852808416
23.0,0.5759173333169945,1.0613918511643128,0.7414961308948583
23.025000000000002,0.5760288967185722,1.0610900736554476,0.741539527011123
23.05,0.5761405056894158,1.0607883167847814,0.7415829734254231
23.075000000000003,0.5762521600812746,1.0604865803313144,0.7416264699348125
23.1,0.5763638597468518,1.0601848640753315,0.7416700163376038
23.125,0.5764756045397981,1.0598831677983942,0.7417136124333609
23.150000000000002,0.5765873943147058,1.0595814912833337,0.7417572580228916
23.175,0.5766992289271027,1.059279834314242,0.7418009529082403
23.200000000000003,0.5768111082334455,1.058978196676465,0.7418446968926805
23.225,0.5769230320911143,1.0586765781565948,0.7418884897807074
23.25,0.5770350003584063,1.0583749785424617,0.7419323313780308
23.275000000000002,0.5771470128945297,1.0580733976231271,0.7419762214915677
23.3,0.5772590695595983,1.057771835188876,0.7420201599294353
23.325000000000003,0.5773711702146247,1.057470291031209,0.7420641465009435
23.35,0.5774833147215153,1.0571687649428356,0.7421081810165886
23.375,0.5775955029430639,1.056867256717666,0.7421522632880452
23.400000000000002,0.5777077347429463,1.056565766150805,0.7421963931281597
23.425,0.5778200099857143,1.0562642930385433,0.7422405703509434
23.450000000000003,0.5779323285367898,1.0559628371783518,0.7422847947715653
23.475,0.5780446902624595,1.055661398368873,0.7423290662063454
23.5,0.5781570950298693,1.0553599764099149,0.7423733844727478
23.525000000000002,0.5782695427070184,1.0550585711024434,0.7424177493893738
23.55,0.5783820331627536,1.0547571822485755,0.742462160775955
23.575000000000003,0.5784945662667642,1.0544558096515724,0.7425066184533466
23.6,0.5786071418895763,1.0541544531158318,0.7425511222435213
23.625,0.5787197599025473,1.0538531124468822,0.7425956719695616
23.650000000000002,0.5788324201778605,1.053551787451375,0.7426402674556538
23.675,0.5789451225885197,1.0532504779370782,0.7426849085270816
23.700000000000003,0.5790578670083439,1.0529491837128697,0.7427295950102188
23.725,0.5791706533119619,1.0526479045887303,0.7427743267325236
23.75,0.5792834813748071,1.0523466403757367,0.7428191035225316
23.775000000000002,0.5793963510731122,1.0520453908860559,0.7428639252098493
23.8,0.5795092622839038,1.0517441559329377,0.7429087916251483
23.825000000000003,0.5796222148849974,1.0514429353307084,0.7429537026001584
23.85,0.5797352087549926,1.0511417288947642,0.7429986579676613
23.875,0.5798482437732673,1.0508405364415647,0.7430436575614845
23.900000000000002,0.5799613198199728,1.0505393577886268,0.7430887012164951
23.925,0.5800744367760292,1.0502381927545181,0.7431337887685933
23.950000000000003,0.58018759452312,1.0499370411588502,0.7431789200547065
23.975,0.5803007929436869,1.049635902822273,0.7432240949127831
24.0,0.5804140319209253,1.0493347775664679,0.743269313181786
24.025000000000002,0.5805273113387793,1.0490336652141419,0.7433145747016872
24.05,0.5806406310819365,1.0487325655890212,0.7433598793134611
24.075000000000003,0.5807539910358235,1.048431478515845,0.7434052268590793
24.1,0.5808673910866007,1.04813040382036,0.7434506171815035
24.125,0.580980831121158,1.0478293413293132,0.7434960501246808
24.150000000000002,0.5810943110271093,1.0475282908704469,0.7435415255335368
24.175,0.5812078306927887,1.047227252272492,0.7435870432539704
24.200000000000003,0.581321390007245,1.0469262253651623,0.7436326031328475
24.225,0.5814349888602375,1.046625209979149,0.7436782050179958
24.25,0.5815486271422309,1.0463242059461142,0.7437238487581982
24.275000000000002,0.5816623047443912,1.0460232130986848,0.7437695342031878
24.3,0.5817760215585809,1.0457222312704477,0.7438152612036419
24.325000000000003,0.5818897774773542,1.0454212602959432,0.7438610296111765
24.35,0.582003572393953,1.0451203000106593,0.7439068392783403
24.375,0.5821174062023018,1.0448193502510266,0.7439526900586095
24.400000000000002,0.5822312787970036,1.0445184108544119,0.7439985818063821
24.425,0.5823451900733357,1.0442174816591132,0.7440445143769724
24.450000000000003,0.5824591399272446,1.0439165625043534,0.7440904876266053
24.475,0.5825731282553421,1.0436156532302754,0.7441365014124113
24.5,0.5826871549549009,1.0433147536779361,0.7441825555924204
24.525000000000002,0.58280121992385,1.0430138636893016,0.7442286500255574
24.55,0.582915323060771,1.0427129831072406,0.744274784571636
24.575000000000003,0.5830294642648931,1.0424121117755198,0.7443209590913538
24.6,0.5831436434360894,1.0421112495387985,0.7443671734462867
24.625,0.5832578604748723,1.041810396242623,0.744413427498884
24.650000000000002,0.5833721152823896,1.0415095517334214,0.7444597211124626
24.675,0.5834864077604203,1.0412087158584982,0.7445060541512025
24.700000000000003,0.5836007378113701,1.040907888466029,0.7445524264801411
24.725,0.583715105338268,1.0406070694050555,0.744598837965168
24.75,0.5838295102447615,1.0403062585254805,0.7446452884730204
24.775000000000002,0.5839439524351129,1.040005455678062,0.7446917778712774
24.8,0.5840584318141951,1.0397046607144087,0.7447383060283553
24.825000000000003,0.584172948287488,1.0394038734869746,0.7447848728135026
24.85,0.5842875017610738,1.0391030938490542,0.7448314780967946
24.875,0.5844020921416339,1.0388023216547775,0.7448781217491289
24.900000000000002,0.5845167193364441,1.0385015567591045,0.7449248036422204
24.925,0.5846313832533715,1.0382007990178208,0.7449715236485959
24.950000000000003,0.5847460838008701,1.0379000482875327,0.7450182816415897
24.975,0.5848608208879771,1.0375993044256615,0.7450650774953387
25.0,0.584975594424309,1.0372985672904396,0.7451119110847774
25.025,0.5820342361346647,1.0391895115295664,0.7445967764205429
25.05,0.5791225749723533,1.0410765249681873,0.7440754572572962
25.075,0.5762402446036855,1.0429596521717468,0.7435481340510096
25.1,0.5733868833540279,1.0448389370498927,0.7430149843042513
25.125,0.5705621341583106,1.046714422864279,0.7424761825985896
25.15,0.5677656445116235,1.0485861522363238,0.7419319006270262
25.175,0.5649970664199209,1.0504541671549177,0.7413823072264412
25.2,0.5622560563508525,1.0523185089840863,0.7408275684100353
25.225,0.5595422751847385,1.0541792184706005,0.7402678473997538
25.25,0.5568553881657045,1.0560363357515365,0.7397033046586777
25.275,0.5541950648529923,1.0578899003617845,0.7391340979233679
25.3,0.5515609790724619,1.0597399512415029,0.7385603822361507
25.325,0.5489528088682983,1.0615865267435187,0.7379823099773305
25.35,0.5463702364549364,1.063429664640675,0.7374000308973182
25.375,0.5438129481692182,1.0652694021331195,0.7368136921486639
25.4,0.5412806344227925,1.0671057758555402,0.7362234383179826
25.425,0.5387729896547704,1.0689388218843405,0.7356294114577633
25.45,0.5362897122846462,1.0707685757447591,0.7350317511180492
25.475,0.5338305046654949,1.0725950724179303,0.7344305943779829
25.5,0.5313950730374553,1.0744183463478854,0.733826075877204
25.525,0.5289831274815083,1.0762384314484947,0.7332183278470937
25.55,0.5265943818735594,1.0780553611103507,0.7326074801418551
25.575,0.5242285538388322,1.079869168207589,0.7319936602694238
25.6,0.5218853647065818,1.0816798851046496,0.7313769934222011
25.625,0.519564539465135,1.083487543662978,0.730757602507601
25.65,0.5172658067172634,1.0852921752476632,0.7301356081784072
25.675,0.5149888986358956,1.0870938107340153,0.7295111288629308
25.7,0.5127335509201751,1.0888924805140814,0.7288842807949663
25.725,0.510499502751869,1.0906882145030983,0.7282551780435368
25.75,0.5082864967521308,1.092481042145885,0.7276239325424264
25.775,0.506094278938625,1.0942709924231713,0.7269906541194923
25.8,0.5039225986830146,1.0960580938578646,0.7263554505257537
25.825,0.501771208668817,1.0978423745212547,0.725718427464253
25.85,0.4996398648496318,1.0996238620391554,0.7250796886186848
25.875,0.49752832640774286,1.1014025835979848,0.7244393356817891
25.9,0.4954363557130978,1.1031785659507818,0.7237974683835059
25.925,0.4933637182826677,1.1049518354231618,0.7231541845188872
25.95,0.49131018274018884,1.1067224179192086,0.7225095799757645
25.975,0.48927552077628905,1.108490338927305,0.7218637487621676
26.0,0.4872595071089991,1.110255623525902,0.7212167830334942
26.025,0.48526191944465225,1.1120182963892242,0.7205687731194264
26.05,0.4832825384391713,1.1137783817929152,0.7199198075505928
26.075,0.48132114765974565,1.1155359036196206,0.7192699730849754
26.1,0.47937753354689816,1.1172908853645098,0.7186193547340569
26.125,0.47745148537694226,1.1190433501407366,0.7179680357887106
26.15,0.4755427952248302,1.1207933206848393,0.7173160978448286
26.175,0.47365125792739154,1.1225408193620794,0.7166636208286897
26.2,0.471776671046963,1.1242858681717205,0.7160106830220638
26.225,0.46991883483540814,1.1260284887522467,0.7153573610870542
26.25,0.46807755219852687,1.1277687023865217,0.714703730090676
26.275,0.4662526286608546,1.1295065300068876,0.7140498635291705
26.3,0.46444387233084933,1.131241992200205,0.7133958333520558
26.325,0.4626510938664663,1.1329751092128344,0.7127417099859122
26.35,0.46087410644111887,1.1347059009555587,0.7120875623579044
26.375,0.45911272571002454,1.1364343870084477,0.7114334579190387
26.4,0.4573667697769346,1.1381605866256648,0.7107794626671566
26.425,0.45563605916124567,1.139884518740216,0.7101256411696655
26.45,0.45392041676549216,1.1416062019686426,0.7094720565860048
26.475,0.45221966784321704,1.1433256546156563,0.7088187706898513
26.5,0.4505336399672199,1.1450428946787183,0.7081658438910621
26.525,0.4488621629981798,1.1467579398525636,0.7075133352573559
26.55,0.44720506905365126,1.1484708075336676,0.7068613025357361
26.575,0.4455621924774305,1.1501815148246604,0.7062098021736525
26.6,0.44393336980929105,1.1518900785386839,0.7055588893399068
26.625,0.442318439755085,1.153596515203697,0.7049086179453005
26.65,0.4407172431572086,1.1553008410667258,0.7042590406630265
26.675,0.4391296229654291,1.15700307209806,0.7036102089488075
26.7,0.4375554242080706,1.1587032239953978,0.7029621730607807
26.725,0.4359944939635563,1.160401312187938,0.7023149820791303
26.75,0.4344466813323046,1.162097351840419,0.701668683925471
26.775,0.4329118374089764,1.163791357857108,0.7010233253819813
26.8,0.4313898152550704,1.1654833448857382,0.7003789521102913
26.825,0.42988046987186446,1.1671733273213953,0.6997356086701239
26.85,0.4283836581736992,1.1688613193103545,0.6990933385376922
26.875,0.4268992389616022,1.1705473347538673,0.6984521841238556
26.9,0.42542707289724846,1.172231387311899,0.6978121867920347
26.925,0.4239670224772556,1.1739134904068185,0.6971733868758885
26.95,0.4225189520078098,1.1755936572270385,0.6965358236967535
26.975,0.4210827275796202,1.1772719007306087,0.6958995355808498
27.0,0.4196582170431979,1.178948233648762,0.6952645598762529
27.025,0.4182452899844578,1.180622668489412,0.694630932969635
27.05,0.416843817700639,1.1822952175406074,0.6939986903027768
27.075,0.4154536731765412,1.1839658928739367,0.6933678663888533
27.1,0.4140747310610743,1.1856347063478907,0.6927384948284928
27.125,0.4127068676441175,1.1873016696111778,0.6921106083256149
27.15,0.41134996083368536,1.1889667941059963,0.6914842387030455
27.175,0.41000389013339716,1.1906300910712613,0.6908594169179144
27.2,0.4086685366202471,1.1922915715457896,0.6902361730768349
27.225,0.4073437829226714,1.19395124637144,0.6896145364508692
27.25,0.4060295131989101,1.1956091261962116,0.6889945354902812
27.275,0.4047256131156596,1.1972652214773007,0.6883761978390781
27.3,0.403431969827013,1.1989195424841144,0.6877595503493441
27.325,0.40214847195368614,1.2005720993012439,0.6871446190953677
27.35,0.4008750095625241,1.2022229018313972,0.6865314293875644
27.375,0.3996114741462873,1.2038719597982914,0.6859200057861974
27.4,0.3983577586037126,1.205519282749504,0.6853103721148991
27.425,0.3971137572198469,1.2071648800592862,0.6847025514739935
27.45,0.39587936564664994,1.2088087609313367,0.6840965662536242
27.475,0.39465448088386357,1.2104509344015366,0.683492438146688
27.5,0.3934390012601436,1.2120914093406467,0.6828901881615775
27.525,0.39223282641445223,1.2137301944569672,0.6822898366347346
27.55,0.39103585727770734,1.2153672982989592,0.6816914032430166
27.575,0.3898479960546856,1.2170027292578312,0.681094907015877
27.6,0.38866914620617665,1.2186364955700872,0.680500366347365
27.625,0.38749921243138524,1.2202686053200409,0.6799077990079418
27.65,0.3863381006505783,1.2218990664422928,0.6793172221561209
27.675,0.38518571798797396,1.223527886724173,0.6787286523499299
27.7,0.38404197275486984,1.2251550738081496,0.6781421055581988
27.725,0.38290677443300697,1.226780635194202,0.6775575971716763
27.75,0.3817800336581674,1.2284045782421615,0.6769751420139749
27.775,0.3806616622040017,1.2300269101740176,0.6763947543523487
27.8,0.37955157296608444,1.2316476380761914,0.675816447908305
27.825,0.3784496799461932,1.2332667689017776,0.675240235868051
27.85,0.3773558982368106,1.2348843094727524,0.67466613089278
27.875,0.3762701440058442,1.2365002664821516,0.6740941451287963
27.9,0.3751923344815631,1.2381146464962156,0.6735242902174825
27.925,0.3741223879377477,1.2397274559565046,0.6729565773051117
27.95,0.3730602236790502,1.2413387011819825,0.6723910170525045
27.975,0.37200576202656255,1.2429483883710717,0.6718276196445344
28.0,0.37095892430359045,1.2445565236036762,0.671266394799484
28.025,0.3699196328216291,1.2461631128431767,0.6707073517782518
28.05,0.3688878108665391,1.247768161938397,0.6701504993934139
28.075,0.36786338268491975,1.2493716766255394,0.6695958460181408
28.1,0.36684627347067666,1.2509736625300951,0.6690433995949726
28.125,0.3658364093517819,1.2525741251687235,0.6684931676444528
28.15,0.36483371737722314,1.2541730699511056,0.6679451572736242
28.175,0.36383812550414024,1.25577050218177,0.6673993751843885
28.2,0.36284956258514606,1.2573664270618916,0.6668558276817297
28.225,0.3618679583558293,1.2589608496910643,0.6663145206818055
28.25,0.3608932434224372,1.2605537750690465,0.6657754597199077
28.275,0.35992534924973507,1.262145208097482,0.6652386499582918
28.3,0.35896420814904045,1.2637351535815942,0.6647040961938806
28.325,0.3580097532664301,1.2653236162318562,0.6641718028658404
28.35,0.3570619185711166,1.266910600665635,0.6636417740630343
28.375,0.35612063884399275,1.2684961114088125,0.6631140135313518
28.4,0.3551858496663416,1.2700801528973806,0.6625885246809189
28.425,0.354257487408709,1.2716627294790144,0.6620653105931882
28.45,0.35333548921993774,1.2732438454146193,0.6615443740279119
28.475,0.35241979301635984,1.274823504879858,0.6610257174299994
28.5,0.3515103374711453,1.2764017119666518,0.6605093429362603
28.525,0.3506070620038055,1.277978470684661,0.6599952523820353
28.55,0.3497099067698482,1.2795537849627423,0.6594834473077158
28.575,0.34881881265058295,1.281127658650384,0.6589739289651549
28.6,0.34793372124307426,1.2827000955191197,0.6584666983239702
28.625,0.3470545748502404,1.2842710992639215,0.6579617560777402
28.65,0.34618131647109623,1.2858406735045702,0.6574591026500968
28.675,0.34531388979113786,1.287408821787006,0.6569587382007139
28.7,0.34445223917286666,1.2889755475846592,0.6564606626311951
28.725,0.3435963096464513,1.2905408542997578,0.6559648755908606
28.75,0.3427460469005258,1.2921047452646193,0.655471376482436
28.775,0.34190139727312086,1.2936672237429188,0.6549801644676435
28.8,0.34106230774272783,1.2952282929309402,0.6544912384726975
28.825,0.3402287259194925,1.2967879559588076,0.6540045971937057
28.85,0.3394006000365371,1.2983462158916965,0.6535202391019774
28.875,0.3385778789414087,1.2999030757310286,0.6530381624492398
28.9,0.3377605120876525,1.301458538415646,0.6525583652727648
28.925,0.3369484495265073,1.3030126068229695,0.6520808454004059
28.95,0.33614164189872286,1.3045652837701365,0.6516056004555486
28.975,0.33534004042649584,1.3061165720151233,0.6511326278619739
29.0,0.33454359690552377,1.3076664742578492,0.6506619248486367
29.025,0.33550266759707537,1.3079594891961546,0.6506818211103744
29.05,0.33645497239971506,1.3082492020598522,0.6507046222030699
29.075,0.33740057018731395,1.3085356297829434,0.6507302788638064
29.1,0.33833951923443767,1.308818789225243,0.6507587425264446
29.125,0.33927187722396984,1.3090986971726708,0.6507899653116123
29.15,0.34019770125461246,1.3093753703375406,0.6508239000168532
29.175,0.34111704784826563,1.3096488253588452,0.6508605001069335
29.2,0.3420299729572887,1.30991907880254,0.6508997197043007
29.225,0.34293653197164575,1.3101861471618228,0.6509415135796945
29.25,0.34383677972593707,1.31045004685741,0.6509858371429055
29.275,0.34473077050631906,1.3107107942378127,0.6510326464336792
29.3,0.34561855805731473,1.310968405579607,0.6510818981127634
29.325,0.3465001955885169,1.3112228970877047,0.6511335494530955
29.35,0.34737573578118625,1.3114742848956198,0.6511875583311282
29.375,0.3482452307947456,1.3117225850657328,0.6512438832182894
29.4,0.34910873227317374,1.311967813589554,0.6513024831725766
29.425,0.3499662913512989,1.3122099863879828,0.6513633178302803
29.45,0.35081795866099574,1.3124491193115657,0.6514263473978371
29.475,0.35166378433728585,1.3126852281407533,0.6514915326438073
29.5,0.35250381802434494,1.312918328586153,0.6515588348909775
29.525,0.35333810888141765,1.313148436288782,0.6516282160085844
29.55,0.3541667055886422,1.3133755668203164,0.6516996384046574
29.575,0.3549896563527864,1.3135997356833404,0.6517730650184792
29.6,0.35580700891289624,1.3138209583115923,0.6518484593131618
29.625,0.35661881054585964,1.3140392500702094,0.6519257852683353
29.65,0.35742510807188604,1.3142546262559711,0.652005007372948
29.675,0.35822594785990375,1.3144671020975405,0.652086090618176
29.7,0.35902137583287663,1.3146766927557043,0.652169000490441
29.725,0.3598114374730414,1.3148834133236111,0.6522537029645322
29.75,0.3605961778270672,1.3150872788270087,0.6523401644968333
29.775,0.36137564151113877,1.315288304224479,0.652428352018651
29.8,0.3621498727159644,1.315486504407673,0.6525182329296436
29.825,0.3629189152117105,1.315681894201543,0.6526097750913488
29.85,0.3636828123528637,1.3158744883645743,0.6527029468208073
29.875,0.3644416070830219,1.3160643015890157,0.6527977168842829
29.9,0.36519534193961584,1.3162513485011083,0.6528940544910753
29.925,0.3659440590585616,1.3164356436613132,0.6529919292874251
29.95,0.36668780017884656,1.316617201564539,0.6530913113505095
29.975,0.3674266066470488,1.3167960366403668,0.6531921711825265
30.0,0.3681605194217917,1.316972163253275,0.6532944797048674
30.025,0.3688895790781349,1.3171455957028624,0.6533982082523745
30.05,0.3696138258119026,1.3173163482240715,0.6535033285676831
30.075,0.37033329944395027,1.3174844349874095,0.6536098127956478
30.1,0.37104803942437103,1.3176498700991692,0.6537176334778494
30.125,0.3717580848366425,1.3178126676016482,0.6538267635471829
30.15,0.3724634744017156,1.3179728414733685,0.6539371763225242
30.175,0.37316424648204577,1.3181304056292935,0.6540488455034749
30.2,0.37386043908556776,1.3182853739210463,0.6541617451651827
30.225,0.3745520898696155,1.3184377601371244,0.6542758497532385
30.25,0.37523923614478727,1.3185875780031167,0.6543911340786461
30.275,0.3759219148787572,1.3187348411819173,0.6545075733128655
30.3,0.3766001627000348,1.31887956327394,0.654625142982927
30.325,0.37727401590167237,1.3190217578173313,0.6547438189666168
30.35,0.37794351044492164,1.319161438288183,0.6548635774877313
30.375,0.378608681962841,1.3192986181007442,0.6549843951113988
30.4,0.379269565763853,1.3194333106076326,0.65510624873947
30.425,0.37992619683525414,1.319565529100045,0.6552291156059725
30.45,0.38057860984667696,1.3196952868079672,0.655352973272632
30.475,0.38122683915350564,1.3198225969003834,0.6554777996244557
30.5,0.38187091880024565,1.3199474724854854,0.6556035728653802
30.525,0.38251088252384857,1.3200699266108802,0.6557302715139796
30.55,0.38314676375699214,1.320189972263798,0.6558578743992358
30.575,0.3837785956313172,1.3203076223712993,0.6559863606563681
30.6,0.3844064109806216,1.3204228898004813,0.6561157097227212
30.625,0.3850302423440116,1.3205357873586845,0.6562459013337124
30.65,0.3856501219690125,1.3206463277936977,0.656376915518835
30.675,0.3862660818146377,1.3207545237939635,0.6565087325977181
30.7,0.3868781535544183,1.3208603879887824,0.6566413331762415
30.725,0.3874863685793929,1.3209639329485177,0.6567746981427054
30.75,0.3880907580010586,1.3210651711847985,0.6569088086640537
30.775,0.3886913526542838,1.3211641151507239,0.6570436461821495
30.8,0.3892881831001835,1.3212607772410643,0.6571791924101031
30.825,0.3898812796289576,1.3213551697924655,0.6573154293286508
30.85,0.3904706722626927,1.3214473050836497,0.6574523391825841
30.875,0.39105639075812837,1.3215371953356176,0.6575899044772282
30.9,0.3916384646093878,1.321624852711849,0.6577281079749699
30.925,0.39221692305067407,1.3217102893185042,0.6578669326918329
30.95,0.39279179505893236,1.321793517204624,0.6580063618941006
30.975,0.3933631093564783,1.3218745483623304,0.6581463790949851
31.0,0.39393089441359336,1.3219533947270259,0.6582869680513432
31.025,0.39449517845108795,1.3220300681775927,0.6584281127604362
31.05,0.3950559894428322,1.3221045805365919,0.6585697974567345
31.075,0.39561335511825524,1.3221769435704622,0.6587120066087665
31.1,0.3961673029648137,1.3222471689897184,0.6588547249160102
31.125,0.39671786023042926,1.3223152684491488,0.6589979373058273
31.15,0.39726505392589667,1.3223812535480135,0.6591416289304393
31.175,0.3978089108272615,1.3224451358302414,0.6592857851639441
31.2,0.39834945747816924,1.3225069267846272,0.6594303915993744
31.225,0.3988867201921855,1.3225666378450283,0.6595754340457951
31.25,0.39942072505508786,1.322624280390561,0.65972089852544
31.275,0.39995149792713,1.322679865745797,0.6598667712708879
31.3,0.40047906444527837,1.3227334051809583,0.6600130387222765
31.325,0.40100345002542187,1.3227849099121136,0.6601596875245539
31.35,0.4015246798645548,1.3228343911013731,0.6603067045247675
31.375,0.4020427789429339,1.3228818598570833,0.6604540767693889
31.4,0.4025577720262091,1.3229273272340216,0.6606017915016752
31.425,0.40306968366752954,1.3229708042335913,0.6607498361590655
31.45,0.40357853820962375,1.323012301804014,0.6608981983706123
31.475,0.40408435978685586,1.3230518308405255,0.6610468659544475
31.5,0.404587172327257,1.3230894021855673,0.6611958269152824
31.525,0.4050869995545331,1.3231250266289811,0.6613450694419407
31.55,0.40558386499004884,1.323158714908201,0.6614945819049243
31.575,0.4060777919547886,1.3231904777084458,0.6616443528540125
31.6,0.40656880357129416,1.3232203256629125,0.6617943710158919
31.625,0.40705692276558014,1.3232482693529672,0.661944625291819
31.65,0.4075421722690271,1.3232743193083378,0.6620951047553126
31.675,0.4080245746202527,1.3232984860073045,0.6622457986498781
31.7,0.4085041521669611,1.3233207798768918,0.6623966963867605
31.725,0.4089809270677714,1.323341211293059,0.6625477875427287
31.75,0.40945492129402467,1.3233597905808911,0.6626990618578877
31.775,0.4099261566315707,1.3233765280147896,0.6628505092335207
31.8,0.41039465468253417,1.3233914338186614,0.6630021197299588
31.825,0.4108604368670604,1.3234045181661098,0.6631538835644792
31.85,0.411323524425042,1.3234157911806237,0.6633057911092315
31.875,0.41178393841782523,1.3234252629357666,0.6634578328891898
31.9,0.4122416997298976,1.323432943455366,0.6636099995801336
31.925,0.41269682907055616,1.3234388427137018,0.6637622820066534
31.95,0.41314934697555733,1.323442970635695,0.6639146711401839
31.975,0.413599273808748,1.3234453370970958,0.6640671580970613
32.0,0.4140466297636786,1.3234459519246715,0.6642197341366078
32.025,0.4144914348651982,1.3234448248963941,0.6643723906592398
32.05,0.41493370897103155,1.3234419657416274,0.664525119204601
32.075,0.41537347177333933,1.3234373841413145,0.6646779114497204
32.1,0.41581074280026054,1.3234310897281643,0.6648307592071937
32.125,0.4162455414174382,1.3234230920868377,0.6649836544233882
32.15,0.4166778868295282,1.3234134007541343,0.6651365891766721
32.175,0.4171077980816918,1.3234020252191778,0.6652895556756648
32.2,0.41753529406107137,1.323388974923602,0.6654425462575124
32.225,0.41796039349825054,1.3233742592617361,0.6655955533861833
32.25,0.41838311496869823,1.3233578875807894,0.665748569650787
32.275,0.41880347689419706,1.323339869181036,0.6659015877639147
32.3,0.41922149754425625,1.3233202133159996,0.6660546005600007
32.325,0.41963719503750946,1.3232989291926374,0.6662076009937051
32.35,0.42005058734309736,1.323276025971524,0.6663605821383183
32.375,0.42046169228203556,1.3232515127670348,0.6665135371841844
32.4,0.4208705275285677,1.323225398647529,0.6666664594371462
32.425,0.42127711061150425,1.3231976926355336,0.6668193423170098
32.45,0.421681458915547,1.323168403707924,0.6669721793560287
32.475,0.4220835896825994,1.3231375407961086,0.667124964197408
32.5,0.4224835200130633,1.3231051127862088,0.6672776905938266
32.525,0.4228812668671213,1.3230711285192418,0.6674303524059798
32.55,0.4232768470660065,1.323035596791302,0.6675829436011396
32.575,0.4236702772932581,1.3229985263537407,0.6677354582517335
32.6,0.42406157409596446,1.3229599259133489,0.6678878905339422
32.625,0.42445075388599235,1.3229198041325356,0.6680402347263138
32.65,0.42483783294120425,1.3228781696295095,0.6681924852083976
32.675,0.4252228274066623,1.3228350309784578,0.6683446364593936
32.7,0.42560575329582,1.3227903967097254,0.6684966830568201
32.725,0.4259866264917017,1.322744275309995,0.6686486196751985
32.75,0.42636546274806936,1.3226966752224647,0.6688004410847539
32.775,0.4267422776905779,1.3226476048470273,0.6689521421501332
32.8,0.4271170868179181,1.3225970725404474,0.6691037178291391
32.825,0.4274899055029483,1.3225450866165405,0.6692551631714799
32.85,0.4278607489938138,1.3224916553463488,0.6694064733175359
32.875,0.4282296324150556,1.3224367869583193,0.6695576434971406
32.9,0.42859657076870716,1.32238048963848,0.6697086690283783
32.925,0.4289615789353803,1.3223227715306167,0.6698595453163962
32.95,0.4293246716753399,1.322263640736448,0.6700102678522317
32.975,0.4296858636295681,1.322203105315802,0.6701608322116548
33.0,0.4300451693208172,1.3221411732867914,0.6703112340540252
33.025,0.4304026031546522,1.322077852625987,0.6704614691211633
33.05,0.4307581794204827,1.3220131512685949,0.6706115332362365
33.075,0.43111191229258494,1.321947077108628,0.6707614223026578
33.1,0.4314638158311126,1.3218796379990811,0.6709111323030008
33.125,0.4318139039830984,1.3218108417521048,0.6710606592979262
33.15,0.43216219058344524,1.3217406961391776,0.6712099994251229
33.175,0.4325086893559077,1.3216692088912787,0.6713591488982624
33.2,0.43285341391406335,1.3215963876990608,0.671508104005966
33.225,0.43319637776227493,1.321522240213022,0.6716568611107853
33.25,0.4335375942966427,1.321446774043677,0.6718054166481958
33.275,0.43387707680594734,1.321369996761729,0.6719537671256027
33.3,0.43421483847258385,1.321291915898239,0.6721019091213594
33.325,0.4345508923734858,1.3212125389447984,0.672249839283798
33.35,0.434885251481041,1.321131873353697,0.6723975543302733
33.375,0.43521792866399756,1.321049926538094,0.6725450510462166
33.4,0.4355489366883618,1.3209667058721863,0.672692326284204
33.425,0.43587828821828684,1.3208822186913782,0.6728393769630338
33.45,0.43620599581695263,1.3207964722924492,0.6729862000668178
33.475,0.43653207194743776,1.3207094739337226,0.6731327926440823
33.5,0.4368565289735823,1.3206212308352328,0.6732791518068816
33.525,0.4371793791608425,1.3205317501788925,0.6734252747299215
33.55,0.43750063467713735,1.3204410391086596,0.673571158649695
33.575,0.43782030759368673,1.3203491047307043,0.6737168008636275
33.6,0.43813840988584163,1.3202559541135739,0.6738621987292345
33.625,0.4384549534339063,1.3201615942883596,0.6740073496632878
33.65,0.43876995002395236,1.3200660322488609,0.6741522511409938
33.675,0.4390834113486256,1.319969274951751,0.674296900695181
33.7,0.43939534900794447,1.319871329316741,0.6744412959154988
33.725,0.43970577451009113,1.3197722022267435,0.6745854344476252
33.75,0.4400146992721953,1.3196719005280366,0.6747293139924849
33.775,0.4403221346211099,1.3195704310304268,0.6748729323054775
33.8,0.4406280917941804,1.3194678005074119,0.6750162871957149
33.825,0.44093258194000545,1.319364015696343,0.6751593765252685
33.85,0.4412356161191918,1.3192590832985869,0.6753021982084256
33.875,0.441537205305101,1.3191530099796864,0.6754447502109556
33.9,0.4418373603845894,1.3190458023695228,0.6755870305493848
33.925,0.4421360921587412,1.3189374670624756,0.6757290372902806
33.95,0.442433411343595,1.3188280106175823,0.6758707685495443
33.975,0.44272932857086233,1.318717439558699,0.6760122224917138
34.0,0.44302385438864095,1.3186057603746588,0.6761533973292735
34.025,0.4433169992621203,1.3184929795194316,0.6762942913219738
34.05,0.443608773574281,1.3183791034122812,0.6764349027761594
34.075,0.4438991876265876,1.3182641384379246,0.6765752300441048
34.1,0.4441882516396747,1.3181480909466883,0.6767152715233594
34.125,0.4444759757540271,1.3180309672546664,0.6768550256561
34.15,0.44476237003065333,1.3179127736438765,0.6769944909284916
34.175,0.445047444451753,1.3177935163624162,0.6771336658700566
34.2,0.4453312089213778,1.3176732016246184,0.6772725490530511
34.225,0.44561367326608686,1.3175518356112075,0.6774111390918497
34.25,0.4458948472355956,1.3174294244694529,0.6775494346423377
34.275,0.4461747405034186,1.3173059743133246,0.6776874344013111
34.3,0.446453362667507,1.3171814912236464,0.6778251371058835
34.325,0.4467307232508796,1.3170559812482492,0.6779625415329018
34.35,0.44700683170224814,1.316929450402125,0.6780996464983674
34.375,0.4472816973966373,1.316801904667578,0.6782364508568661
34.4,0.44755532963599864,1.3166733499943784,0.6783729535010046
34.425,0.44782773764981887,1.3165437922999124,0.6785091533608537
34.45,0.448098930595723,1.3164132374693343,0.6786450494033995
34.475,0.44836891756007136,1.316281691355717,0.6787806406320003
34.5,0.4486377075585519,1.3161491597802022,0.6789159260858509
34.525,0.44890530953676655,1.3160156485321506,0.6790509048394541
34.55,0.4491717323708125,1.3158811633692902,0.6791855760020975
34.575,0.44943698486785805,1.315745710017866,0.6793199387173384
34.6,0.44970107576671364,1.3156092941727884,0.679453992162494
34.625,0.4499640137383972,1.3154719214977806,0.6795877355481384
34.65,0.45022580738669454,1.3153335976255267,0.6797211681176065
34.675,0.4504864652487151,1.315194328157818,0.6798542891465029
34.7,0.45074599579544217,1.3150541186657,0.679987097942218
34.725,0.4510044074322784,1.3149129746896187,0.6801195938434498
34.75,0.4512617084995863,1.3147709017395648,0.6802517762197317
34.775,0.4515179072732241,1.3146279052952208,0.6803836444709663
34.8,0.45177301196507663,1.314483990806104,0.6805151980269655
34.825,0.45202703072358147,1.314339163691711,0.680646436346995
34.85,0.4522799716342503,1.3141934293416626,0.6807773589193262
34.875,0.45253184272018604,1.3140467931158453,0.6809079652607932
34.9,0.4527826519425947,1.3138992603445547,0.6810382549163544
34.925,0.4530324072012933,1.3137508363286385,0.6811682274586612
34.95,0.4532811163352128,1.313601526339637,0.6812978824876311
34.975,0.4535287871228969,1.3134513356199253,0.6814272196300264
35.0,0.4537754272829962,1.313300269382854,0.6815562385390384
35.025,0.4540210444747581,1.3131483328128888,0.6816849388938767
35.05,0.4542656462985123,1.3129955310657515,0.6818133203993639
35.075,0.4545092402961519,1.3128418692685586,0.6819413827855351
35.1,0.4547518339516108,1.3126873525199607,0.6820691258072425
35.125,0.4549934346913358,1.3125319858902806,0.6821965492437655
35.15,0.45523404988475585,1.312375774421651,0.682323652898425
35.175,0.45547368684474615,1.312218723128153,0.6824504365982034
35.2,0.45571235282808864,1.3120608369959519,0.6825769001933684
35.225,0.45595005503592834,1.3119021209834343,0.6827030435571027
35.25,0.4561868006142257,1.311742580021344,0.6828288665851375
35.275,0.456422596654205,1.311582219012918,0.6829543691953914
35.3,0.45665745019279874,1.3114210428340207,0.6830795513276131
35.325,0.45689136821308834,1.311259056333279,0.6832044129430291
35.35,0.4571243576447407,1.3110962643322168,0.6833289540239962
35.375,0.45735642536444115,1.3109326716253877,0.6834531745736575
35.4,0.4575875781963226,1.3107682829805087,0.683577074615604
35.425,0.4578178229123911,1.3106031031385927,0.6837006541935393
35.45,0.4580471662329471,1.3104371368140812,0.6838239133709495
35.475,0.458275614827004,1.310270388694975,0.6839468522307767
35.5,0.4585031753127022,1.310102863442966,0.6840694708750971
35.525,0.45872985425771984,1.3099345656935681,0.684191769424803
35.55,0.4589556581796805,1.3097655000562471,0.684313748019289
35.575,0.4591805935465563,1.3095956711145507,0.684435406816142
35.6,0.4594046667770687,1.3094250834262373,0.6845567459908355
35.625,0.45962788424108486,1.3092537415234056,0.6846777657364274
35.65,0.45985025226001114,1.3090816499126219,0.6847984662632621
35.675,0.460071777107183,1.3089088130750488,0.6849188477986764
35.7,0.46029246500825166,1.3087352354665722,0.6850389105867086
35.725,0.4605123221415673,1.3085609215179284,0.6851586548878122
35.75,0.460731354638559,1.3083858756348297,0.6852780809785727
35.775,0.46094956858411157,1.3082101021980914,0.685397189151428
35.8,0.46116697001693874,1.3080336055637567,0.6855159797143933
35.825,0.46138356492995375,1.3078563900632214,0.685634452990788
35.85,0.4615993592706362,1.3076784600033586,0.6857526093189679
35.875,0.46181435894139616,1.3074998196666427,0.6858704490520594
35.9,0.46202856979993473,1.3073204733112733,0.685987972557698
35.925,0.4622419976596021,1.3071404251712972,0.6861051802177697
35.95,0.4624546482897521,1.3069596794567317,0.6862220724281564
35.975,0.46266652741609376,1.3067782403536867,0.6863386495984837
36.0,0.4628776407210402,1.306596112024486,0.6864549121518728
36.025,0.46308799384405414,1.3064132986077883,0.6865708605246955
36.05,0.4632975923819907,1.3062298042187082,0.6866864951663316
36.075,0.46350644188943724,1.306045632948936,0.6868018165389307
36.1,0.46371454787905036,1.3058607888668576,0.686916825117176
36.125,0.46392191582188996,1.3056752760176737,0.687031521388052
36.15,0.46412855114775037,1.3054890984235183,0.687145905850615
36.175,0.464334459245489,1.3053022600835769,0.687259979015766
36.2,0.46453964546335186,1.3051147649742045,0.6873737414060277
36.225,0.46474411510929653,1.3049266170490432,0.6874871935553237
36.25,0.4649478734513123,1.304737820239138,0.6876003360087607
36.275,0.46515092571773753,1.3045483784530543,0.6877131693224133
36.3,0.4653532770975748,1.3043582955769928,0.6878256940631126
36.325,0.4655549327408026,1.3041675754749054,0.6879379108082363
36.35,0.4657558977586852,1.3039762219886102,0.6880498201455028
36.375,0.4659561772240792,1.3037842389379057,0.688161422672767
36.4,0.4661557761717382,1.3035916301206851,0.6882727189978198
36.425,0.4663546995986142,1.3033983993130491,0.6883837097381891
36.45,0.466552952464157,1.3032045502694198,0.6884943955209444
36.475,0.466750539690611,1.3030100867226528,0.6886047769825037
36.5,0.4669474661633091,1.302815012384149,0.6887148547684429
36.525,0.4671437367309648,1.3026193309439673,0.6888246295333078
36.55,0.4673393562059613,1.3024230460709345,0.6889341019404286
36.575,0.4675343293646382,1.302226161412757,0.6890432726617367
36.6,0.4677286609475763,1.3020286805961303,0.6891521423775846
36.625,0.46792235565987966,1.3018306072268493,0.6892607117765672
36.65,0.468115418171455,1.3016319448899172,0.6893689815553466
36.675,0.46830785311728956,1.3014326971496546,0.6894769524184784
36.7,0.4684996650977257,1.3012328675498082,0.6895846250782406
36.725,0.4686908586787341,1.3010324596136575,0.6896920002544651
36.75,0.46888143839218405,1.300831476844124,0.6897990786743713
36.775,0.4690714087361117,1.300629922723877,0.6899058610724017
36.8,0.46926077417498624,1.30042780071544,0.6900123481900601
36.825,0.46944953913997356,1.3002251142612977,0.6901185407757516
36.85,0.46963770802919796,1.3000218667840011,0.6902244395846254
36.875,0.46982528520800154,1.2998180616862725,0.690330045378419
36.9,0.4700122750092015,1.2996137023511105,0.6904353589253052
36.925,0.47019868173334534,1.2994087921418942,0.6905403809997405
36.95,0.4703845096489638,1.2992033344024871,0.6906451123823165
36.975,0.4705697629928219,1.2989973324573403,0.6907495538596123
37.0,0.4707544459701678,1.2987907896115953,0.6908537062240497
37.025,0.4709385627549796,1.2985837091511867,0.6909575702737502
37.05,0.47112211749020994,1.298376094342944,0.6910611468123933
37.075,0.471305114288029,1.2981679484346935,0.6911644366490783
37.1,0.47148755723006514,1.2979592746553588,0.6912674405981866
37.125,0.47166945036764346,1.2977500762150618,0.691370159479246
37.15,0.4718507977220228,1.297540356305223,0.6914725941167978
37.175,0.47203160328463056,1.2973301180986614,0.6915747453402654
37.2,0.4722118710172954,1.2971193647496932,0.6916766139838237
37.225,0.4723916048524784,1.2969080993942312,0.6917782008862723
37.25,0.472570808693502,1.296696325149883,0.6918795068909082
37.275,0.47274948641477726,1.2964840451160495,0.6919805328454024
37.3,0.47292764186202924,1.2962712623740213,0.6920812796016768
37.325,0.4731052788525202,1.2960579799870773,0.6921817480157834
37.35,0.4732824011752714,1.2958442010005802,0.6922819389477851
37.375,0.47345901259128315,1.2956299284420731,0.6923818532616385
37.4,0.4736351168337522,1.2954151653213757,0.6924814918250776
37.425,0.4738107176082886,1.2951999146306792,0.6925808555094999
37.45,0.4739858185931297,1.2949841793446413,0.6926799451898539
37.475,0.47416042343935316,1.2947679624204806,0.6927787617445279
37.5,0.47433453577108753,1.2945512667980714,0.692877306055241
37.525,0.4745081591857218,1.2943340954000364,0.692975579006935
37.55,0.47468129725411284,1.2941164511318404,0.6930735814876683
37.575,0.474853953520791,1.2938983368818828,0.6931713143885112
37.6,0.4750261315041645,1.2936797555215906,0.6932687786034427
37.625,0.4751978346967218,1.2934607099055095,0.6933659750292488
37.65,0.4753690665652323,1.293241202871396,0.693462904565422
37.675,0.47553983055094573,1.293021237240308,0.6935595681140632
37.7,0.47571013006978957,1.2928008158166961,0.6936559665797835
37.725,0.475879968512565,1.2925799413884933,0.6937521008696089
37.75,0.4760493492451412,1.2923586167272048,0.6938479718928859
37.775,0.47621827560864827,1.292136844587998,0.6939435805611878
37.8,0.4763867509196683,1.291914627709791,0.6940389277882233
37.825,0.476554778470425,1.2916919688153412,0.6941340144897462
37.85,0.47672236152897185,1.2914688706113335,0.6942288415834661
37.875,0.4768895033393787,1.2912453357884681,0.6943234099889609
37.9,0.4770562071219167,1.2910213670215478,0.6944177206275903
37.925,0.4772224760732421,1.290796966969565,0.6945117744224105
37.95,0.477388313366578,1.290572138275788,0.6946055722980905
37.975,0.4775537221518952,1.290346883567847,0.6946991151808296
38.0,0.47771870555609114,1.2901212054578208,0.6947924039982757
38.025,0.47788326668316783,1.2898951065423203,0.6948854396794455
38.05,0.47804740861440775,1.289668589402575,0.6949782231546453
38.075,0.47821113440854895,1.2894416566045166,0.6950707553553936
38.1,0.4783744471019583,1.2892143106988634,0.6951630372143444
38.125,0.47853734970880357,1.288986554221204,0.6952550696652113
38.15,0.4786998452212239,1.2887583896920802,0.6953468536426946
38.175,0.4788619366094992,1.2885298196170705,0.6954383900824066
38.2,0.47902362682221794,1.2883008464868717,0.695529679920801
38.225,0.4791849187864436,1.288071472777382,0.6956207240951011
38.25,0.47934581540787996,1.287841700949782,0.6957115235432308
38.275,0.47950631957103484,1.287611533450616,0.6958020792037454
38.3,0.47966643413938265,1.287380972711873,0.695892392015764
38.325,0.4798261619555256,1.2871500211510678,0.6959824629189036
38.35,0.4799855058413536,1.28691868117132,0.6960722928532128
38.375,0.48014446859820287,1.2866869551614346,0.696161882759108
38.4,0.4803030530070133,1.286454845495981,0.6962512335773093
38.425,0.48046126182848464,1.2862223545353717,0.696340346248779
38.45,0.4806190978032311,1.2859894846259416,0.6964292217146593
38.475,0.48077656365193505,1.2857562381000254,0.6965178609162119
38.5,0.4809336620754995,1.285522617276036,0.6966062647947593
38.525,0.48109039575519896,1.2852886244585413,0.6966944342916254
38.55,0.4812467673528297,1.2850542619383423,0.6967823703480783
38.575,0.4814027795108581,1.2848195319925484,0.6968700739052739
38.6,0.4815584348525684,1.2845844368846544,0.6969575459041994
38.625,0.481713735982209,1.2843489788646167,0.6970447872856196
38.65,0.4818686854851376,1.2841131601689284,0.6971317989900216
38.675,0.4820232859279653,1.2838769830206944,0.6972185819575633
38.7,0.48217753985869927,1.2836404496297067,0.6973051371280198
38.725,0.48233144980688464,1.283403562192518,0.6973914654407332
38.75,0.482485018283745,1.2831663228925163,0.6974775678345615
38.775,0.4826382477823219,1.282928733899999,0.6975634452478295
38.8,0.48279114077761315,1.2826907973722452,0.6976490986182797
38.825,0.4829436997267101,1.2824525154535893,0.6977345288830245
38.85,0.4830959270689337,1.2822138902754936,0.6978197369784989
38.875,0.4832478252259697,1.2819749239566203,0.6979047238404145
38.9,0.48339939660200254,1.2817356186029034,0.6979894904037137
38.925,0.4835506435838483,1.2814959763076204,0.6980740376025253
38.95,0.4837015685410865,1.281255999151463,0.6981583663701199
38.975,0.4838521738261909,1.2810156892026083,0.6982424776388674
39.0,0.4840024617746594,1.2807750485167895,0.6983263723401941
39.025,0.48415243470514263,1.2805340791373652,0.6984100514045412
39.05,0.48430209491957177,1.2802927830953894,0.6984935157613236
39.075,0.4844514447032851,1.2800511624096815,0.6985767663388899
39.1,0.48460048632515385,1.2798092190868944,0.6986598040644826
39.125,0.4847492220377067,1.2795669551215834,0.6987426298641995
39.15,0.48489765407725366,1.2793243724962753,0.6988252446629557
39.175,0.48504578466400866,1.2790814731815352,0.6989076493844455
39.2,0.48519361600221145,1.2788382591360352,0.6989898449511063
39.225,0.48534115028024816,1.278594732306621,0.6990718322840821
39.25,0.4854883896707713,1.2783508946283788,0.6991536123031884
39.275,0.48563533633081846,1.2781067480247026,0.6992351859268772
39.3,0.4857819924019305,1.2778622944073597,0.6993165540722026
39.325,0.48592836001026823,1.2776175356765571,0.699397717654788
39.35,0.4860744412667288,1.2773724737210068,0.6994786775887926
39.375,0.48622023826706046,1.2771271104179913,0.6995594347868792
39.4,0.48636575309197727,1.2768814476334283,0.6996399901601831
39.425,0.48651098780727203,1.2766354872219354,0.6997203446182804
39.45,0.4866559444639289,1.2763892310268945,0.6998004990691579
39.475,0.486800625098235,1.2761426808805154,0.6998804544191832
39.5,0.486945031731891,1.2758958386038994,0.6999602115730755
39.525,0.48708916637212096,1.2756487060071031,0.7000397714338766
39.55,0.48723303101178117,1.2754012848892007,0.7001191349029232
39.575,0.4873766276294684,1.2751535770383466,0.700198302879819
39.6,0.4875199581896269,1.2749055842318386,0.7002772762624078
39.625,0.487663024642655,1.2746573082361785,0.700356055946747
39.65,0.4878058289250104,1.2744087508071351,0.7004346428270818
39.675,0.4879483729593152,1.2741599136898045,0.7005130377958194
39.7,0.4880906586544595,1.2739107986186715,0.7005912417435046
39.725,0.4882326879057046,1.2736614073176704,0.700669255558795
39.75,0.48837446259478523,1.273411741500245,0.7007470801284376
39.775,0.48851598459001094,1.2731618028694094,0.7008247163372447
39.8,0.48865725574636687,1.2729115931178066,0.7009021650680721
39.825,0.4887982779056135,1.272661113927769,0.7009794272017956
39.85,0.4889390528963858,1.272410366971377,0.70105650361729
39.875,0.48907958253429157,1.272159353910518,0.7011333951914069
39.9,0.48921986862200884,1.2719080763969444,0.7012101027989547
39.925,0.48935991294938275,1.2716565360723324,0.701286627312677
39.95,0.4894997172935215,1.27140473456834,0.7013629696032336
39.975,0.48963928341889157,1.2711526735066636,0.7014391305391803
40.0,0.48977861307741233,1.2709003544990969,0.7015151109869497
40.025,0.48991770800854967,1.2706477791475859,0.7015909118108332
40.05,0.4900565699394092,1.2703949490442872,0.7016665338729619
40.075,0.49019520058482846,1.2701418657716237,0.7017419780332892
40.1,0.4903336016474684,1.2698885309023407,0.7018172451495736
40.125,0.4904717748179045,1.2696349459995615,0.701892336077361
40.15,0.49060972177471657,1.2693811126168435,0.701967251669969
40.175,0.4907474441845786,1.269127032298233,0.70204199277847
40.2,0.49088494370234725,1.26887270657832,0.7021165602516758
40.225,0.4910222219711499,1.2686181369822929,0.7021909549361219
40.25,0.4911592806224722,1.2683633250259927,0.7022651776760529
40.275,0.4912961212762446,1.2681082722159676,0.7023392293134076
40.3,0.4914327455409285,1.2678529800495262,0.7024131106878049
40.325,0.49156915501360127,1.2675974500147908,0.7024868226365297
40.35,0.49170535128004145,1.2673416835907512,0.7025603659945198
40.375,0.4918413359148123,1.267085682247317,0.7026337415943522
40.4,0.4919771104813455,1.2668294474453707,0.7027069502662311
40.425,0.4921126765320235,1.2665729806368196,0.7027799928379745
40.45,0.4922480356082619,1.2663162832646477,0.7028528701350031
40.475,0.4923831892405909,1.2660593567629685,0.7029255829803276
40.5,0.4925181389487357,1.2658022025570752,0.7029981321945381
40.525,0.4926528862416971,1.2655448220634926,0.7030705185957927
40.55,0.492787432617831,1.265287216690028,0.7031427429998067
40.575,0.49292177956492694,1.2650293878358214,0.7032148062198423
40.6,0.49305592856028696,1.2647713368913969,0.7032867090666984
40.625,0.49318988107080286,1.2645130652387115,0.7033584523487009
40.65,0.49332363855303357,1.2642545742512064,0.7034300368716929
40.675,0.4934572024532815,1.2639958652938548,0.7035014634390263
40.7,0.49359057420766855,1.2637369397232128,0.7035727328515521
40.725,0.4937237552422114,1.2634777988874677,0.7036438459076123
40.75,0.4938567469728962,1.263218444126487,0.7037148034030315
40.775,0.4939895508057529,1.262958876771867,0.7037856061311089
40.8,0.4941221681369286,1.2626990981469801,0.7038562548826104
40.825,0.4942546003527607,1.2624391095670247,0.7039267504457616
40.85,0.49438684882984935,1.2621789123390705,0.7039970936062403
40.875,0.49451891493512934,1.2619185077621085,0.7040672851471698
40.9,0.4946508000259414,1.261657897127096,0.7041373258491122
40.925,0.494782505450103,1.261397081717005,0.704207216490062
40.95,0.49491403254597854,1.2611360628068686,0.7042769578454402
40.975,0.49504538264254916,1.2608748416638267,0.7043465506880883
41.0,0.49517655705948177,1.260613419547173,0.7044159957882627
41.025,0.4953075571071978,1.2603517977084007,0.7044852939136298
41.05,0.49543838408694113,1.260089977391248,0.70455444582926
41.075,0.49556903929084584,1.259827959831744,0.7046234522976239
41.1,0.495699524002003,1.2595657462582532,0.704692314078587
41.125,0.4958298394945276,1.2593033378915215,0.7047610319294058
41.15,0.49595998703362404,1.2590407359447193,0.7048296066047229
41.175,0.4960899678756522,1.2587779416234877,0.7048980388565643
41.2,0.49621978326819194,1.2585149561259812,0.7049663294343346
41.225,0.49634943445010793,1.2582517806429128,0.7050344790848139
41.25,0.4964789226516136,1.257988416357597,0.7051024885521548
41.275,0.49660824909433443,1.2577248644459935,0.7051703585778794
41.3,0.49673741499137136,1.2574611260767508,0.7052380899008757
41.325,0.496866421547363,1.2571972024112483,0.7053056832573958
41.35,0.4969952699585478,1.25693309460364,0.7053731393810536
41.375,0.4971239614128258,1.2566688038008968,0.7054404590028217
41.4,0.49725249708981933,1.2564043311428483,0.7055076428510301
41.425,0.4973808781609341,1.2561396777622256,0.7055746916513642
41.45,0.49750910578941915,1.2558748447847021,0.7056416061268633
41.475,0.49763718113042654,1.2556098333289365,0.7057083869979189
41.5,0.4977651053310707,1.255344644506613,0.7057750349822738
41.525,0.4978928795304873,1.2550792794224828,0.7058415507950204
41.55,0.49802050485989124,1.254813739174405,0.7059079351486007
41.575,0.4981479824426351,1.2545480248533876,0.7059741887528049
41.6,0.49827531339426606,1.2542821375436273,0.7060403123147713
41.625,0.4984024988225834,1.2540160783225505,0.7061063065389855
41.65,0.4985295398276947,1.2537498482608527,0.7061721721272808
41.675,0.4986564375020722,1.2534834484225383,0.7062379097788374
41.7,0.4987831929306086,1.253216879864961,0.7063035201901833
41.725,0.49890980719067196,1.2529501436388617,0.7063690040551942
41.75,0.4990362813521611,1.252683240788409,0.7064343620650941
41.775,0.4991626164775597,1.2524161723512373,0.7064995949084558
41.8,0.49928881362199046,1.2521489393584857,0.7065647032712017
41.825,0.49941487383326866,1.2518815428348367,0.7066296878366047
41.85,0.49954079815195546,1.2516139837985538,0.7066945492852895
41.875,0.4996665876114107,1.2513462632615204,0.7067592882952334
41.9,0.49979224323784527,1.2510783822292773,0.7068239055417681
41.925,0.49991776605037314,1.2508103417010596,0.7068884016975808
41.95,0.500043157061063,1.2505421426698355,0.7069527774327163
41.975,0.5001684172749893,1.250273786122342,0.7070170334145782
42.0,0.5002935476902834,1.2500052730391236,0.7070811703079313
42.025,0.500418549298184,1.2497366043945668,0.7071451887749034
42.05,0.5005434230830865,1.2494677811569392,0.7072090894749875
42.075,0.5006681700225938,1.249198804288424,0.7072728730650442
42.1,0.5007927910875646,1.2489296747451568,0.7073365401993038
42.125,0.500917287242163,1.2486603934772618,0.7074000915293696
42.15,0.5010416594439068,1.2483909614288873,0.7074635277042195
42.175,0.5011659086437155,1.248121379538241,0.7075268493702097
42.2,0.5012900357859584,1.2478516487376263,0.7075900571710771
42.225,0.5014140418085022,1.247581769953476,0.7076531517479426
42.25,0.5015379276427575,1.2473117441063883,0.707716133739314
42.275,0.5016616942137261,1.2470415721111618,0.7077790037810892
42.3,0.501785342440047,1.246771254876829,0.70784176250656
42.325,0.501908873234043,1.2465007933066916,0.707904410546415
42.35,0.5020322875017655,1.246230188298354,0.7079669485287435
42.375,0.5021555861430408,1.245959440743758,0.7080293770790392
42.4,0.5022787700515143,1.2456885515292158,0.7080916968202037
42.425,0.5024018401146958,1.2454175215354442,0.7081539083725503
42.45,0.5025247972140032,1.2451463516375978,0.7082160123538087
42.475,0.502647642224807,1.2448750427053021,0.708278009379128
42.5,0.5027703760164736,1.2446035956026869,0.7083399000610816
42.525,0.5028929994524088,1.2443320111884184,0.7084016850096713
42.55,0.5030155133901009,1.2440602903157327,0.7084633648323313
42.575,0.503137918681163,1.243788433832468,0.7085249401339331
42.6,0.5032602161713756,1.2435164425810967,0.7085864115167897
42.625,0.5033824067007288,1.2432443173987573,0.7086477795806603
42.65,0.5035044911034634,1.2429720591172868,0.7087090449227549
42.675,0.5036264702081131,1.2426996685632525,0.7087702081377392
42.7,0.503748344837545,1.242427146557983,0.7088312698177391
42.725,0.5038701158090005,1.2421544939176,0.7088922305523464
42.75,0.5039917839341358,1.241881711453049,0.7089530909286227
42.775,0.5041133500190621,1.241608799970131,0.7090138515311053
42.8,0.5042348148643854,1.2413357602695336,0.709074512941812
42.825,0.5043561792652461,1.24106259314686,0.7091350757402466
42.85,0.5044774440113584,1.2407892993926612,0.7091955405034037
42.875,0.5045986098870487,1.2405158797924658,0.7092559078057745
42.9,0.5047196776712951,1.2402423351268095,0.7093161782193521
42.925,0.5048406481377652,1.239968666171266,0.7093763523136368
42.95,0.5049615220548542,1.2396948736964766,0.709436430655642
42.975,0.5050823001857231,1.239420958468179,0.7094964138098995
43.0,0.5052029832883357,1.239146921247238,0.7095563023384654
43.025,0.5053235721154963,1.2388727627896736,0.709616096800926
43.05,0.5054440674148865,1.2385984838466915,0.7096757977544028
43.075,0.5055644699291018,1.2383240851647104,0.7097354057535595
43.1,0.5056847803956881,1.238049567485392,0.7097949213506071
43.125,0.5058049995471777,1.2377749315456692,0.7098543450953101
43.15,0.5059251281111256,1.2375001780777746,0.7099136775349928
43.175,0.5060451668101442,1.2372253078092688,0.7099729192145449
43.2,0.5061651163619397,1.2369503214630686,0.710032070676428
43.225,0.5062849774793465,1.2366752197574746,0.7100911324606818
43.25,0.5064047508703622,1.2364000034061997,0.71015010510493
43.275,0.5065244372381819,1.2361246731183961,0.710208989144387
43.3,0.506644037281233,1.2358492295986832,0.7102677851118638
43.325,0.5067635516932086,1.2355736735471743,0.7103264935377748
43.35,0.506882981163102,1.2352980056595049,0.710385114950144
43.375,0.5070023263752396,1.2350222266268582,0.7104436498746115
43.4,0.5071215880093142,1.2347463371359937,0.71050209883444
43.425,0.5072407667404185,1.2344703378692723,0.7105604623505215
43.45,0.5073598632390776,1.234194229504684,0.7106187409413836
43.475,0.5074788781712811,1.2339180127158733,0.7106769351231963
43.5,0.5075978121985164,1.2336416881721666,0.7107350454097788
43.525,0.5077166659777999,1.233365256538597,0.710793072312606
43.55,0.5078354401617088,1.2330887184759316,0.7108510163408155
43.575,0.5079541353984134,1.232812074640696,0.7109088780012138
43.6,0.5080727523317077,1.232535325685201,0.710966657798284
43.625,0.5081912916010409,1.2322584722575671,0.711024356234192
43.65,0.5083097538415482,1.2319815150017508,0.7110819738087935
43.675,0.5084281396840812,1.231704454557569,0.7111395110196409
43.7,0.5085464497552385,1.2314272915607247,0.7111969683619905
43.725,0.5086646846773963,1.2311500266428312,0.7112543463288094
43.75,0.5087828450687377,1.2308726604314377,0.7113116454107818
43.775,0.5089009315432828,1.2305951935500534,0.7113688660963176
43.8,0.5090189447109178,1.2303176266181717,0.7114260088715575
43.825,0.5091368851774252,1.230039960251295,0.7114830742203817
43.85,0.5092547535445119,1.2297621950609592,0.7115400626244162
43.875,0.5093725504098386,1.2294843316547566,0.71159697456304
43.9,0.5094902763670486,1.229206370636361,0.7116538105133927
43.925,0.5096079320057956,1.2289283126055506,0.7117105709503809
43.95,0.5097255179117726,1.2286501581582323,0.7117672563466863
43.975,0.5098430346667395,1.2283719078864648,0.7118238671727721
44.0,0.5099604828485512,1.2280935623784819,0.711880403896891
44.025,0.5100778630311851,1.227815122218716,0.7119368669850918
44.05,0.5101951757847681,1.227536587987821,0.7119932569012273
44.075,0.5103124216756048,1.2272579602626954,0.7120495741069608
44.1,0.5104296012662033,1.2269792396165047,0.7121058190617744
44.125,0.510546715115303,1.2267004266187047,0.7121619922229755
44.15,0.5106637637779007,1.2264215218350634,0.7122180940457046
44.175,0.5107807478052768,1.226142525827684,0.7122741249829425
44.2,0.5108976677450222,1.2258634391550267,0.7123300854855179
44.225,0.5110145241410637,1.2255842623719313,0.7123859760021144
44.25,0.5111313175336902,1.2253049960296387,0.7124417969792783
44.275,0.511248048459578,1.2250256406758135,0.7124975488614259
44.3,0.5113647174518168,1.2247461968545648,0.7125532320908508
44.325,0.5114813250399342,1.2244666651064688,0.7126088471077313
44.35,0.5115978717499212,1.2241870459685897,0.7126643943501383
44.375,0.5117143581042575,1.2239073399745013,0.7127198742540422
44.4,0.5118307846219352,1.2236275476543084,0.7127752872533207
44.425,0.5119471518184843,1.2233476695346674,0.7128306337797664
44.45,0.5120634602059965,1.2230677061388082,0.7128859142630938
44.475,0.5121797102931493,1.2227876579865542,0.7129411291309473
44.5,0.5122959025852307,1.2225075255943436,0.7129962788089085
44.525,0.5124120375841619,1.2222273094752496,0.7130513637205036
44.55,0.5125281157885219,1.2219470101390015,0.7131063842872112
44.575,0.5126441376935704,1.2216666280920048,0.7131613409284696
44.6,0.5127601037912716,1.2213861638373613,0.7132162340616843
44.625,0.5128760145703165,1.2211056178748894,0.7132710641022358
44.65,0.5129918705161467,1.2208249907011441,0.7133258314634868
44.675,0.5131076721109767,1.2205442828094375,0.71338053655679
44.7,0.5132234198338169,1.2202634946898576,0.7134351797914954
44.725,0.5133391141604954,1.2199826268292888,0.713489761574958
44.75,0.5134547555636808,1.2197016797114308,0.7135442823125455
44.775,0.5135703445129043,1.2194206538168189,0.7135987424076455
44.8,0.5136858814745814,1.2191395496228423,0.7136531422616733
44.825,0.5138013669120339,1.2188583676037645,0.7137074822740792
44.85,0.5139168012855116,1.2185771082307413,0.7137617628423564
44.875,0.5140321850522137,1.2182957719718406,0.7138159843620482
44.9,0.5141475186663097,1.218014359292061,0.7138701472267558
44.925,0.5142628025789613,1.2177328706533501,0.7139242518281458
44.95,0.5143780372383429,1.2174513065146246,0.7139782985559574
44.975,0.5144932230896626,1.217169667331787,0.7140322877980105
45.0,0.5146083605751831,1.2168879535577455,0.7140862199402129
45.025000000000006,0.514723450134242,1.2166061656424314,0.7141400953665678
45.05,0.5148384922032722,1.216324304032818,0.7141939144591812
45.075,0.5149534872158221,1.2160423691729383,0.71424767759827
45.1,0.5150684356025763,1.2157603615039032,0.714301385162169
45.125,0.5151833377913747,1.2154782814639193,0.7143550375273385
45.150000000000006,0.5152981942072329,1.215196129488307,0.714408635068372
45.175,0.5154130052723616,1.2149139060095173,0.7144621781580035
45.2,0.5155277714061861,1.2146316114571512,0.7145156671671149
45.225,0.5156424930253662,1.2143492462579748,0.7145691024647439
45.25,0.5157571705438148,1.2140668108359387,0.7146224844180911
45.275000000000006,0.5158718043727171,1.2137843056121942,0.7146758133925276
45.3,0.5159863949205499,1.2135017310051108,0.7147290897516027
45.325,0.5161009425931002,1.2132190874302935,0.7147823138570507
45.35,0.5162154477934842,1.212936375300599,0.7148354860687993
45.375,0.5163299109221651,1.2126535950261537,0.7148886067449762
45.400000000000006,0.5164443323769723,1.2123707470143692,0.714941676241917
45.425,0.5165587125531194,1.2120878316699601,0.7149946949141722
45.45,0.5166730518432222,1.2118048493949602,0.7150476631145154
45.475,0.5167873506373172,1.2115218005887385,0.7151005811939498
45.5,0.5169016093228788,1.2112386856480162,0.7151534495017162
45.525000000000006,0.5170158282848375,1.2109555049668828,0.7152062683853002
45.55,0.5171300079055976,1.210672258936812,0.7152590381904396
45.575,0.5172441485650545,1.210388947946678,0.7153117592611314
45.6,0.5173582506406121,1.210105572382772,0.7153644319396399
45.625,0.5174723145072002,1.2098221326288172,0.7154170565665035
45.650000000000006,0.5175863405372914,1.2095386290659849,0.7154696334805418
45.675,0.5177003291009181,1.2092550620729103,0.7155221630188638
45.7,0.5178142805656899,1.2089714320257086,0.7155746455168744
45.725,0.5179281952968096,1.2086877392979893,0.7156270813082819
45.75,0.5180420736570903,1.2084039842608731,0.7156794707251054
45.775000000000006,0.518155916006972,1.2081201672830062,0.715731814097682
45.8,0.5182697227045374,1.2078362887305756,0.7157841117546743
45.825,0.518383494105529,1.2075523489673246,0.7158363640230769
45.85,0.5184972305633646,1.2072683483545679,0.7158885712282246
45.875,0.5186109324291538,1.2069842872512064,0.7159407336937987
45.900000000000006,0.5187246000517135,1.2067001660137424,0.7159928517418351
45.925,0.5188382337775841,1.2064159849962934,0.7160449256927306
45.95,0.5189518339510449,1.2061317445506081,0.7160969558652507
45.975,0.5190654009141301,1.20584744502608,0.7161489425765364
46.0,0.5191789350066437,1.2055630867697629,0.7162008861421115
46.025000000000006,0.5192924365661753,1.2052786701263842,0.7162527868758898
46.05,0.5194059059281151,1.2049941954383603,0.7163046450901819
46.075,0.5195193434256693,1.20470966304581,0.7163564610957027
46.1,0.519632749389875,1.2044250732865698,0.7164082352015781
46.125,0.5197461241496151,1.2041404264962066,0.7164599677153524
46.150000000000006,0.5198594680316329,1.2038557230080327,0.7165116589429948
46.175,0.5199727813605474,1.2035709631531195,0.7165633091889072
46.2,0.5200860644588673,1.2032861472603114,0.7166149187559306
46.225,0.5201993176470059,1.2030012756562392,0.7166664879453524
46.25,0.5203125412432953,1.2027163486653343,0.7167180170569131
46.275000000000006,0.5204257355640006,1.2024313666098418,0.7167695063888135
46.3,0.5205389009233345,1.2021463298098347,0.7168209562377217
46.325,0.5206520376334711,1.2018612385832266,0.7168723668987798
46.35,0.5207651460045596,1.2015760932457853,0.7169237386656108
46.375,0.5208782263447388,1.2012908941111462,0.7169750718303257
46.400000000000006,0.5209912789601505,1.2010056414908257,0.7170263666835305
46.425,0.5211043041549532,1.2007203356942338,0.7170776235143324
46.45,0.5212173022313359,1.2004349770286875,0.7171288426103472
46.475,0.5213302734895313,1.2001495657994237,0.7171800242577061
46.5,0.5214432182278295,1.199864102309612,0.7172311687410624
46.525000000000006,0.521556136742591,1.1995785868603674,0.7172822763435981
46.55,0.5216690293282604,1.1992930197507634,0.7173333473470308
46.575,0.5217818962773787,1.1990074012778444,0.7173843820316207
46.6,0.5218947378805971,1.1987217317366385,0.7174353806761768
46.625,0.5220075544266897,1.1984360114201695,0.7174863435580642
46.650000000000006,0.5221203462025659,1.1981502406194697,0.7175372709532101
46.675,0.5222331134932837,1.1978644196235924,0.7175881631361112
46.7,0.5223458565820623,1.1975785487196235,0.7176390203798398
46.725,0.5224585757502943,1.1972926281926948,0.7176898429560509
46.75,0.5225712712775583,1.197006658325995,0.7177406311349881
46.775000000000006,0.5226839434416315,1.1967206394007828,0.717791385185491
46.8,0.5227965925185019,1.1964345716963976,0.7178421053750013
46.825,0.5229092187823802,1.1961484554902728,0.7178927919695692
46.85,0.5230218225057124,1.1958622910579466,0.7179434452338607
46.875,0.5231344039591914,1.1955760786730745,0.7179940654311632
46.900000000000006,0.5232469634117695,1.1952898186074403,0.7180446528233925
46.925,0.5233595011306694,1.1950035111309685,0.718095207671099
46.95,0.5234720173813969,1.194717156511735,0.7181457302334747
46.975,0.5235845124277521,1.1944307550159792,0.718196220768359
47.0,0.5236969865318408,1.1941443069081155,0.7182466795322452
47.025000000000006,0.5238094399540867,1.193857812450744,0.7182971067802874
47.05,0.5239218729532421,1.1935712719046625,0.7183475027663062
47.075,0.5240342857864,1.1932846855288772,0.7183978677427956
47.1,0.5241466787090047,1.1929980535806142,0.7184482019609288
47.125,0.5242590519748633,1.19271137631533,0.7184985056705653
47.150000000000006,0.524371405836157,1.1924246539867238,0.7185487791202562
47.175,0.524483740543452,1.1921378868467465,0.718599022557251
47.2,0.5245960563457103,1.1918510751456135,0.7186492362275043
47.225,0.5247083534903006,1.191564219131814,0.718699420375681
47.25,0.5248206322230097,1.1912773190521233,0.7187495752451631
47.275000000000006,0.5249328927880521,1.1909903751516115,0.7187997010780561
47.3,0.525045135428082,1.1907033876736561,0.7188497981151948
47.325,0.5251573603842028,1.190416356859951,0.7188998665961492
47.35,0.5252695678959782,1.1901292829505183,0.7189499067592314
47.375,0.5253817582014424,1.1898421661837175,0.7189999188415009
47.400000000000006,0.5254939315371104,1.1895550067962568,0.7190499030787714
47.425,0.5256060881379887,1.1892678050232028,0.719099859705616
47.45,0.5257182282375849,1.1889805610979913,0.7191497889553741
47.475,0.5258303520679182,1.188693275252437,0.7191996910601568
47.5,0.5259424598595296,1.1884059477167437,0.7192495662508533
47.525000000000006,0.5260545518414915,1.1881185787195143,0.7192994147571368
47.55,0.5261666282414181,1.1878311684877612,0.71934923680747
47.575,0.5262786892854748,1.1875437172469159,0.7193990326291116
47.6,0.5263907351983884,1.1872562252208387,0.7194488024481221
47.625,0.5265027662034564,1.1869686926318292,0.7194985464893694
47.650000000000006,0.5266147825225568,1.186681119700635,0.7195482649765348
47.675,0.526726784376158,1.1863935066464626,0.719597958132119
47.7,0.5268387719833281,1.1861058536869857,0.7196476261774478
47.725,0.5269507455617439,1.1858181610383562,0.7196972693326781
47.75,0.5270627053277012,1.1855304289152127,0.7197468878168031
47.775000000000006,0.5271746514961231,1.18524265753069,0.7197964818476587
47.8,0.5272865842805702,1.1849548470964293,0.7198460516419289
47.825,0.527398503893249,1.1846669978225868,0.719895597415152
47.85,0.5275104105450217,1.184379109917843,0.7199451193817252
47.875,0.5276223044454146,1.1840911835894123,0.7199946177549116
47.900000000000006,0.5277341858026274,1.1838032190430525,0.7200440927468448
47.925,0.5278460548235425,1.1835152164830727,0.7200935445685351
47.95,0.5279579117137331,1.1832271761123434,0.7201429734298751
47.975,0.5280697566774725,1.1829390981323054,0.720192379539645
48.0,0.5281815899177428,1.1826509827429783,0.7202417631055184
48.025000000000006,0.5282934116362435,1.1823628301429698,0.7202911243340676
48.05,0.5284052220334003,1.1820746405294846,0.7203404634307695
48.075,0.5285170213083733,1.1817864140983327,0.7203897806000108
48.1,0.5286288096590658,1.1814981510439388,0.7204390760450935
48.125,0.5287405872821325,1.1812098515593505,0.7204883499682404
48.150000000000006,0.528852354372988,1.180921515836247,0.7205376025706007
48.175,0.5289641111258154,1.1806331440649478,0.7205868340522552
48.2,0.5290758577335741,1.1803447364344215,0.7206360446122217
48.225,0.5291875943880082,1.1800562931322935,0.7206852344484606
48.25,0.5292993212796548,1.1797678143448553,0.7207344037578798
48.275000000000006,0.5294110385978518,1.1794793002570723,0.7207835527363406
48.3,0.529522746530746,1.1791907510525923,0.7208326815786628
48.325,0.5296344452653015,1.1789021669137538,0.7208817904786294
48.35,0.5297461349873067,1.1786135480215945,0.720930879628993
48.375,0.5298578158813834,1.1783248945558586,0.72097994922148
48.400000000000006,0.5299694881309934,1.178036206695006,0.7210289994467963
48.425,0.5300811519184473,1.17774748461622,0.7210780304946327
48.45,0.5301928074249113,1.1774587284954146,0.7211270425536694
48.475,0.5303044548304153,1.1771699385072434,0.7211760358115821
48.5,0.5304160943138607,1.1768811148251073,0.7212250104550461
48.525000000000006,0.5305277260530274,1.1765922576211623,0.7212739666697422
48.55,0.530639350224582,1.1763033670663272,0.7213229046403615
48.575,0.5307509670040842,1.1760144433302917,0.7213718245506106
48.6,0.5308625765659953,1.1757254865815236,0.7214207265832163
48.625,0.530974179083685,1.1754364969872773,0.7214696109199311
48.650000000000006,0.5310857747294385,1.1751474747136006,0.721518477741538
48.675,0.5311973636744641,1.1748584199253427,0.7215673272278553
48.7,0.5313089460889001,1.174569332786162,0.721616159557742
48.725,0.5314205221418222,1.174280213458533,0.7216649749091023
48.75,0.5315320920012505,1.1739910621037546,0.7217137734588908
48.775000000000006,0.5316436558341563,1.1737018788819564,0.7217625553831173
48.8,0.5317552138064693,1.173412663952107,0.7218113208568518
48.825,0.5318667660830846,1.173123417472021,0.7218600700542294
48.85,0.5319783128278693,1.1728341395983664,0.7219088031484545
48.875,0.5320898542036698,1.172544830486671,0.7219575203118068
48.900000000000006,0.5322013903723181,1.1722554902913314,0.722006221715645
48.925,0.5323129214946387,1.1719661191656179,0.7220549075304122
48.95,0.5324244477304555,1.1716767172616838,0.7221035779256405
48.975,0.5325359692385983,1.1713872847305706,0.7221522330699557
49.0,0.5326474861769092,1.1710978217222163,0.7222008731310819
49.025000000000006,0.5327589987022496,1.1708083283854618,0.7222494982758467
49.05,0.5328705069705064,1.1705188048680577,0.7222981086701852
49.075,0.5329820111365985,1.1702292513166717,0.7223467044791451
49.1,0.5330935113544832,1.169939667876895,0.7223952858668912
49.125,0.533205007777163,1.1696500546932493,0.72244385299671
49.150000000000006,0.533316500556691,1.1693604119091936,0.7224924060310144
49.175,0.5334279898441782,1.1690707396671307,0.722540945131348
49.2,0.5335394757897991,1.168781038108414,0.7225894704583903
49.225,0.5336509585427983,1.1684913073733547,0.7226379821719603
49.25,0.5337624382514964,1.168201547601227,0.7226864804310218
49.275000000000006,0.533873915063296,1.1679117589302763,0.7227349653936875
49.3,0.5339853891246882,1.1676219414977247,0.7227834372172237
49.325,0.5340968605812583,1.1673320954397775,0.7228318960580545
49.35,0.5342083295776919,1.16704222089163,0.7228803420717664
49.375,0.5343197962577809,1.166752317987474,0.7229287754131127
49.400000000000006,0.5344312607644293,1.1664623868605035,0.722977196236018
49.425,0.534542723239659,1.166172427642922,0.7230256046935821
49.45,0.5346541838246159,1.1658824404659476,0.7230740009380852
49.475,0.5347656426595756,1.1655924254598204,0.7231223851209913
49.5,0.5348770998839488,1.165302382753808,0.7231707573929531
49.525000000000006,0.5349885556362874,1.165012312476212,0.7232191179038164
49.55,0.5351000100542902,1.1647222147543737,0.7232674668026239
49.575,0.5352114632748082,1.1644320897146805,0.7233158042376197
49.6,0.5353229154338504,1.1641419374825723,0.7233641303562535
49.625,0.5354343666665893,1.163851758182547,0.723412445305185
49.650000000000006,0.5355458171073666,1.1635615519381663,0.7234607492302878
49.675,0.5356572668896983,1.1632713188720627,0.7235090422766539
49.7,0.5357687161462804,1.162981059105944,0.7235573245885976
49.725,0.5358801650089943,1.1626907727606002,0.7236055963096596
49.75,0.535991613608912,1.162400459955909,0.7236538575826114
49.775000000000006,0.5361030620763017,1.1621101208108418,0.7237021085494592
49.8,0.5362145105406326,1.1618197554434686,0.7237503493514481
49.825,0.5363259591305809,1.1615293639709652,0.7237985801290661
49.85,0.5364374079740342,1.1612389465096178,0.723846801022048
49.875,0.5365488571980972,1.160948503174829,0.7238950121693798
49.900000000000006,0.5366603069290968,1.1606580340811232,0.7239432137093023
49.925,0.5367717572925871,1.1603675393421526,0.7239914057793153
49.95,0.5368832084133542,1.1600770190707028,0.7240395885161817
49.975,0.5369946604154221,1.1597864733786976,0.7240877620559311
50.0,0.5371061134220565,1.159495902377205,0.724135926533864
50.025000000000006,0.5372175675557709,1.1592053061764427,0.7241840820845559
50.05,0.5373290229383307,1.1589146848857839,0.7242322288418603
50.075,0.5374404796907587,1.1586240386137616,0.724280366938914
50.1,0.5375519379333396,1.158333367468075,0.7243284965081396
50.125,0.5376633977856248,1.1580426715555938,0.7243766176812502
50.150000000000006,0.5377748593664375,1.157751950982365,0.7244247305892527
50.175,0.5378863227938775,1.157461205853617,0.7244728353624522
50.2,0.5379977881853253,1.1571704362737645,0.7245209321304552
50.225,0.5381092556574476,1.156879642346415,0.7245690210221737
50.25,0.5382207253262016,1.156588824174373,0.7246171021658288
50.275000000000006,0.5383321973068393,1.156297981859645,0.7246651756889543
50.3,0.538443671713913,1.156007115503446,0.724713241718401
50.325,0.5385551486612792,1.1557162252062023,0.7247613003803397
50.35,0.5386666282621029,1.1554253110675587,0.7248093518002653
50.375,0.5387781106288629,1.1551343731863823,0.7248573961030003
50.400000000000006,0.5388895958733559,1.1548434116607678,0.7249054334126984
50.425,0.5390010841067007,1.1545524265880422,0.7249534638528485
50.45,0.5391125754393429,1.1542614180647703,0.7250014875462777
50.475,0.5392240699810593,1.1539703861867592,0.7250495046151553
50.5,0.5393355678409624,1.1536793310490627,0.7250975151809963
50.525000000000006,0.5394470691275042,1.153388252745987,0.7251455193646649
50.55,0.5395585739484811,1.1530971513710955,0.7251935172863782
50.575,0.5396700824110378,1.1528060270172122,0.7252415090657094
50.6,0.5397815946216715,1.1525148797764282,0.7252894948215917
50.625,0.5398931106862367,1.1522237097401054,0.7253374746723213
50.650000000000006,0.5400046307099484,1.1519325169988812,0.7253854487355617
50.675,0.5401161547973873,1.1516413016426736,0.7254334171283459
50.7,0.5402276830525031,1.1513500637606855,0.725481379967081
50.725,0.5403392155786192,1.151058803441409,0.7255293373675511
50.75,0.5404507524784362,1.1507675207726311,0.7255772894449208
50.775000000000006,0.5405622938540365,1.1504762158414368,0.7256252363137385
50.8,0.5406738398068881,1.1501848887342143,0.7256731780879397
50.825,0.5407853904378483,1.1498935395366598,0.7257211148808507
50.85,0.5408969458471682,1.1496021683337816,0.7257690468051915
50.875,0.541008506134496,1.1493107752099043,0.7258169739730795
50.900000000000006,0.5411200713988816,1.1490193602486738,0.7258648964960326
50.925,0.54123164173878,1.1487279235330607,0.7259128144849724
50.95,0.5413432172520553,1.148436465145366,0.7259607280502276
50.975,0.5414547980359844,1.148144985167224,0.7260086373015374
51.0,0.5415663841872612,1.147853483679608,0.7260565423480546
51.025000000000006,0.541677975802,1.147561960762833,0.7261044432983486
51.05,0.541789572975739,1.1472704164965613,0.7261523402604088
51.075,0.5419011758034451,1.1469788509598065,0.726200233341648
51.1,0.5420127843795162,1.1466872642309367,0.7262481226489051
51.125,0.5421243987977857,1.1463956563876798,0.7262960082884489
51.150000000000006,0.5422360191515264,1.146104027507127,0.7263438903659805
51.175,0.5423476455334533,1.1458123776657374,0.7263917689866369
51.2,0.5424592780357277,1.1455207069393414,0.7264396442549943
51.225,0.5425709167499607,1.1452290154031453,0.7264875162750704
51.25,0.542682561767217,1.1449373031317351,0.7265353851503282
51.275000000000006,0.5427942131780178,1.144645570199081,0.726583250983679
51.3,0.5429058710723449,1.1443538166785405,0.7266311138774851
51.325,0.5430175355396439,1.1440620426428634,0.726678973933563
51.35,0.5431292066688279,1.1437702481641945,0.7267268312531864
51.375,0.5432408845482805,1.1434784333140788,0.7267746859370895
51.400000000000006,0.5433525692658594,1.1431865981634646,0.7268225380854694
51.425,0.5434642609089001,1.1428947427827074,0.7268703877979895
51.45,0.5435759595642189,1.142602867241574,0.7269182351737825
51.475,0.5436876653181162,1.1423109716092466,0.726966080311453
51.5,0.5437993782563801,1.1420190559543255,0.7270139233090808
51.525000000000006,0.5439110984642898,1.1417271203448345,0.7270617642642233
51.55,0.544022826026618,1.1414351648482228,0.727109603273919
51.575,0.5441345610276355,1.1411431895313706,0.7271574404346901
51.6,0.544246303551113,1.1408511944605912,0.7272052758425451
51.625,0.5443580536803256,1.1405591797016357,0.7272531095929824
51.650000000000006,0.5444698114980552,1.140267145319696,0.7273009417809921
51.675,0.5445815770865936,1.1399750913794091,0.7273487725010599
51.7,0.5446933505277463,1.1396830179448603,0.7273966018471689
51.725,0.544805131902835,1.1393909250795866,0.7274444299128032
51.75,0.5449169212927009,1.139098812846581,0.7274922567909504
51.775000000000006,0.5450287187777079,1.1388066813082953,0.7275400825741041
51.8,0.5451405244377454,1.1385145305266438,0.7275879073542669
51.825,0.5452523383522317,1.138222360563007,0.7276357312229533
51.85,0.5453641606001167,1.1379301714782353,0.7276835542711921
51.875,0.545475991259885,1.1376379633326517,0.7277313765895294
51.900000000000006,0.5455878304095588,1.137345736186056,0.7277791982680307
51.925,0.5456996781267012,1.1370534900977276,0.7278270193962847
51.95,0.5458115344884185,1.1367612251264296,0.7278748400634046
51.975,0.5459233995713636,1.1364689413304117,0.7279226603580319
52.0,0.546035273451739,1.1361766387674133,0.7279704803683383
52.025000000000006,0.5461471562052991,1.1358843174946676,0.7280183001820288
52.05,0.5462590479073537,1.1355919775689043,0.7280661198863441
52.075,0.5463709486327705,1.1352996190463531,0.7281139395680628
52.1,0.5464828584559778,1.135007241982747,0.728161759313505
52.125,0.5465947774509675,1.1347148464333257,0.7282095792085339
52.150000000000006,0.5467067056912981,1.134422432452838,0.7282573993385588
52.175,0.5468186432500968,1.1341300000955465,0.7283052197885376
52.2,0.5469305902000628,1.1338375494152297,0.7283530406429791
52.225,0.5470425466134702,1.1335450804651852,0.728400861985946
52.25,0.5471545125621698,1.1332525932982334,0.7284486839010569
52.275000000000006,0.5472664881175929,1.1329600879667199,0.728496506471489
52.3,0.5473784733507531,1.1326675645225195,0.7285443297799807
52.325,0.5474904683322492,1.1323750230170389,0.728592153908834
52.35,0.5476024731322684,1.1320824635012192,0.7286399789399166
52.375,0.5477144878205878,1.13178988602554,0.728687804954665
52.400000000000006,0.5478265124665782,1.1314972906400216,0.7287356320340863
52.425,0.5479385471392056,1.1312046773942286,0.728783460258761
52.45,0.5480505919070348,1.1309120463372726,0.728831289708845
52.475,0.5481626468382309,1.1306193975178152,0.7288791204640728
52.5,0.5482747120005627,1.130326730984071,0.7289269526037588
52.525000000000006,0.5483867874614046,1.1300340467838106,0.7289747862068007
52.55,0.5484988732877396,1.1297413449643634,0.7290226213516808
52.575,0.5486109695461615,1.1294486255726206,0.7290704581164693
52.6,0.5487230763028772,1.1291558886550384,0.7291182965788261
52.625,0.5488351936237095,1.1288631342576403,0.7291661368160031
52.650000000000006,0.5489473215740992,1.1285703624260202,0.7292139789048467
52.675,0.5490594602191079,1.1282775732053454,0.7292618229218001
52.7,0.5491716096234199,1.1279847666403595,0.7293096689429054
52.725,0.5492837698513452,1.1276919427753846,0.7293575170438059
52.75,0.5493959409668212,1.1273991016543248,0.7294053672997485
52.775000000000006,0.5495081230334155,1.1271062433206684,0.7294532197855857
52.8,0.5496203161143279,1.1268133678174914,0.7295010745757784
52.825,0.5497325202723933,1.1265204751874593,0.7295489317443971
52.85,0.5498447355700832,1.1262275654728306,0.7295967913651249
52.875,0.5499569620695085,1.1259346387154592,0.7296446535112596
52.900000000000006,0.5500691998324219,1.1256416949567967,0.7296925182557158
52.925,0.5501814489202195,1.1253487342378958,0.7297403856710267
52.95,0.5502937093939438,1.1250557565994128,0.729788255829347
52.975,0.5504059813142855,1.1247627620816096,0.7298361288024544
53.0,0.5505182647415857,1.1244697507243573,0.729884004661752
53.025000000000006,0.5506305597358382,1.1241767225671375,0.7299318834782702
53.05,0.5507428663566917,1.1238836776490466,0.7299797653226694
53.075,0.5508551846634518,1.123590616008797,0.7300276502652414
53.1,0.5509675147150835,1.1232975376847198,0.730075538375912
53.125,0.551079856570213,1.1230044427147685,0.7301234297242426
53.150000000000006,0.5511922102871296,1.12271133113652,0.7301713243794327
53.175,0.5513045759237888,1.122418202987178,0.7302192224103218
53.2,0.5514169535378132,1.1221250583035756,0.7302671238853913
53.225,0.5515293431864953,1.1218318971221766,0.7303150288727668
53.25,0.5516417449267993,1.1215387194790798,0.73036293744022
53.275000000000006,0.5517541588153633,1.1212455254100202,0.7304108496551704
53.3,0.5518665849085013,1.1209523149503717,0.730458765584688
53.325,0.5519790232622049,1.1206590881351497,0.7305066852954947
53.35,0.5520914739321461,1.120365844999013,0.7305546088539664
53.375,0.5522039369736783,1.1200725855762668,0.730602536326135
53.400000000000006,0.552316412441839,1.1197793099008648,0.7306504677776906
53.425,0.5524289003913516,1.119486018006412,0.730698403273983
53.45,0.5525414008766272,1.1191927099261658,0.730746342880024
53.475,0.5526539139517664,1.11889938569304,0.7307942866604892
53.5,0.552766439670562,1.118606045339606,0.7308422346797196
53.525000000000006,0.5528789780865001,1.1183126888980952,0.7308901870017244
53.55,0.5529915292527622,1.1180193164004018,0.7309381436901816
53.575,0.5531040932222273,1.1177259278780847,0.7309861048084413
53.6,0.5532166700474738,1.1174325233623699,0.7310340704195263
53.625,0.5533292597807808,1.1171391028841524,0.7310820405861347
53.650000000000006,0.553441862474131,1.1168456664739992,0.7311300153706417
53.675,0.5535544781792113,1.1165522141621507,0.7311779948351012
53.7,0.5536671069474158,1.1162587459785234,0.7312259790412476
53.725,0.5537797488298467,1.1159652619527118,0.7312739680504982
53.75,0.5538924038773166,1.1156717621139909,0.731321961923954
53.775000000000006,0.5540050721403503,1.1153782464913182,0.7313699607224028
53.8,0.5541177536691861,1.1150847151133358,0.7314179645063196
53.825,0.5542304485137783,1.1147911680083729,0.7314659733358693
53.85,0.5543431567237984,1.114497605204447,0.7315139872709083
53.875,0.554455878348637,1.1142040267292672,0.7315620063709863
53.900000000000006,0.5545686134374055,1.1139104326102356,0.7316100306953478
53.925,0.554681362038938,1.1136168228744494,0.7316580603029339
53.95,0.554794124201793,1.1133231975487032,0.7317060952523842
53.975,0.5549068999742546,1.113029556659491,0.7317541356020385
54.0,0.5550196894043349,1.1127359002330084,0.7318021814099386
54.025000000000006,0.5551324925397753,1.112442228295154,0.7318502327338295
54.05,0.5552453094280481,1.1121485408715326,0.731898289631162
54.075,0.5553581401163582,1.1118548379874558,0.7319463521590933
54.1,0.5554709846516451,1.1115611196679451,0.7319944203744896
54.125,0.5555838430805841,1.1112673859377336,0.7320424943339272
54.150000000000006,0.5556967154495878,1.1109736368212675,0.7320905740936945
54.175,0.5558096018048083,1.110679872342709,0.7321386597097934
54.2,0.5559225021921385,1.110386092525937,0.7321867512379412
54.225,0.5560354166572132,1.1100922973945504,0.7322348487335719
54.25,0.5561483452454117,1.109798486971869,0.7322829522518383
54.275000000000006,0.5562612880018584,1.1095046612809356,0.7323310618476128
54.3,0.556374244971425,1.1092108203445186,0.73237917757549
54.325,0.5564872161987316,1.108916964185113,0.7324272994897877
54.35,0.5566002017281487,1.1086230928249432,0.7324754276445485
54.375,0.5567132016037982,1.1083292062859635,0.7325235620935416
54.400000000000006,0.5568262158695553,1.1080353045898617,0.7325717028902642
54.425,0.5569392445690499,1.107741387758059,0.7326198500879431
54.45,0.557052287745668,1.1074474558117142,0.7326680037395361
54.475,0.5571653454425533,1.107153508771723,0.7327161638977342
54.5,0.5572784177026086,1.1068595466587219,0.7327643306149622
54.525000000000006,0.5573915045684974,1.1065655694930885,0.7328125039433807
54.55,0.5575046060826453,1.1062715772949443,0.7328606839348878
54.575,0.5576177222872413,1.105977570084156,0.7329088706411203
54.6,0.5577308532242393,1.1056835478803377,0.7329570641134553
54.625,0.5578439989353596,1.1053895107028515,0.7330052644030116
54.650000000000006,0.5579571594620905,1.105095458570811,0.7330534715606514
54.675,0.558070334845689,1.1048013915030814,0.7331016856369815
54.7,0.5581835251271833,1.1045073095182825,0.7331499066823551
54.725,0.558296730347373,1.1042132126347897,0.733198134746873
54.75,0.5584099505468315,1.1039191008707356,0.733246369880385
54.775000000000006,0.5585231857659068,1.1036249742440125,0.7332946121324918
54.8,0.5586364360447228,1.1033308327722728,0.7333428615525457
54.825,0.558749701423181,1.1030366764729322,0.7333911181896526
54.85,0.5588629819409617,1.1027425053631703,0.7334393820926735
54.875,0.5589762776375253,1.1024483194599326,0.7334876533102251
54.900000000000006,0.5590895885521137,1.1021541187799317,0.7335359318906823
54.925,0.5592029147237513,1.1018599033396501,0.7335842178821789
54.95,0.5593162561912468,1.1015656731553403,0.7336325113326089
54.975,0.5594296129931944,1.1012714282430276,0.7336808122896283
55.0,0.5595429851679745,1.1009771686185112,0.7337291208006564
55.025000000000006,0.5596563727537558,1.1006828942973659,0.733777436912877
55.05,0.5597697757884961,1.1003886052949436,0.7338257606732397
55.075,0.5598831943099436,1.100094301626375,0.7338740921284614
55.1,0.5599966283556385,1.0997999833065708,0.7339224313250279
55.125,0.5601100779629135,1.099505650350224,0.7339707783091944
55.150000000000006,0.5602235431688959,1.0992113027718111,0.7340191331269879
55.175,0.5603370240105083,1.098916940585593,0.7340674958242075
55.2,0.5604505205244701,1.0986225638056173,0.7341158664464266
55.225,0.5605640327472983,1.09832817244572,0.7341642450389935
55.25,0.5606775607153092,1.0980337665195257,0.7342126316470331
55.275000000000006,0.5607911044646192,1.097739346040451,0.7342610263154481
55.3,0.5609046640311465,1.0974449110217044,0.7343094290889203
55.325,0.5610182394506116,1.0971504614762886,0.7343578400119117
55.35,0.561131830758539,1.0968559974170016,0.7344062591286662
55.375,0.5612454379902583,1.0965615188564386,0.7344546864832101
55.400000000000006,0.561359061180905,1.0962670258069929,0.7345031221193542
55.425,0.561472700365422,1.0959725182808575,0.7345515660806945
55.45,0.5615863555785606,1.0956779962900272,0.7346000184106137
55.475,0.561700026854882,1.0953834598462988,0.7346484791522822
55.5,0.5618137142287576,1.0950889089612739,0.7346969483486594
55.525000000000006,0.5619274177343709,1.094794343646359,0.7347454260424953
55.55,0.5620411374057185,1.094499763912768,0.734793912276331
55.575,0.5621548732766106,1.094205169771523,0.7348424070925005
55.6,0.562268625380673,1.0939105612334554,0.7348909105331317
55.625,0.5623823937513476,1.0936159383092086,0.7349394226401474
55.650000000000006,0.5624961784218934,1.0933213010092373,0.7349879434552669
55.675,0.5626099794253879,1.093026649343811,0.7350364730200066
55.7,0.5627237967947284,1.0927319833230136,0.7350850113756819
55.725,0.5628376305626321,1.092437302956746,0.7351335585634077
55.75,0.5629514807616384,1.092142608254727,0.7351821146240998
55.775000000000006,0.5630653474241087,1.0918478992264942,0.7352306795984762
55.8,0.5631792305822287,1.091553175881406,0.7352792535270581
55.825,0.5632931302680084,1.0912584382286428,0.7353278364501711
55.85,0.5634070465132835,1.0909636862772072,0.735376428407946
55.875,0.5635209793497168,1.0906689200359272,0.7354250294403207
55.900000000000006,0.5636349288087983,1.090374139513456,0.7354736395870404
55.925,0.5637488949218473,1.0900793447182742,0.7355222588876591
55.95,0.5638628777200125,1.0897845356586902,0.7355708873815411
55.975,0.5639768772342737,1.089489712342842,0.7356195251078615
56.0,0.564090893495442,1.0891948747786986,0.7356681721056076
56.025000000000006,0.5642049265341614,1.0889000229740609,0.7357168284135799
56.05,0.5643189763809099,1.088605156936563,0.735765494070393
56.075,0.5644330430659997,1.0883102766736734,0.7358141691144773
56.1,0.564547126619579,1.0880153821926968,0.7358628535840792
56.125,0.5646612270716321,1.0877204735007746,0.735911547517263
56.150000000000006,0.5647753444519813,1.0874255506048862,0.735960250951911
56.175,0.5648894787902871,1.0871306135118504,0.7360089639257257
56.2,0.5650036301160494,1.0868356622283266,0.7360576864762298
56.225,0.5651177984586084,1.0865406967608162,0.736106418640768
56.25,0.5652319838471458,1.0862457171156634,0.7361551604565074
56.275000000000006,0.565346186310685,1.0859507232990564,0.7362039119604391
56.3,0.5654604058780929,1.0856557153170288,0.7362526731893787
56.325,0.5655746425780801,1.0853606931754605,0.7363014441799679
56.35,0.5656888964392022,1.0850656568800792,0.7363502249686749
56.375,0.5658031674898605,1.0847706064364613,0.7363990155917957
56.400000000000006,0.5659174557583029,1.084475541850033,0.7364478160854552
56.425,0.5660317612726249,1.0841804631260716,0.7364966264856079
56.45,0.5661460840607703,1.0838853702697067,0.7365454468280392
56.475,0.5662604241505322,1.083590263285921,0.7365942771483662
56.5,0.566374781569554,1.0832951421795514,0.7366431174820386
56.525000000000006,0.5664891563453298,1.0830000069552908,0.7366919678643399
56.55,0.5666035485052057,1.082704857617688,0.736740828330388
56.575,0.5667179580763804,1.0824096941711505,0.7367896989151367
56.6,0.566832385085906,1.0821145166199435,0.736838579653376
56.625,0.5669468295606894,1.0818193249681929,0.7368874705797336
56.650000000000006,0.5670612915274921,1.081524119219885,0.7369363717286755
56.675,0.5671757710129318,1.0812288993788681,0.7369852831345073
56.7,0.5672902680434833,1.0809336654488542,0.7370342048313745
56.725,0.5674047826454786,1.0806384174334185,0.737083136853264
56.75,0.5675193148451082,1.0803431553360021,0.7371320792340048
56.775000000000006,0.5676338646684221,1.080047879159912,0.737181032007269
56.8,0.5677484321413301,1.0797525889083224,0.7372299952065727
56.825,0.5678630172896029,1.0794572845842758,0.7372789688652766
56.85,0.5679776201388725,1.0791619661906842,0.7373279530165872
56.875,0.5680922407146338,1.0788666337303296,0.7373769476935578
56.900000000000006,0.5682068790422445,1.0785712872058657,0.7374259529290891
56.925,0.5683215351469263,1.078275926619818,0.7374749687559303
56.95,0.5684362090537655,1.077980551974586,0.7375239952066798
56.975,0.5685509007877138,1.077685163272443,0.737573032313786
57.0,0.5686656103735892,1.0773897605155376,0.7376220801095487
57.025000000000006,0.5687803378360767,1.077094343705895,0.7376711386261191
57.05,0.568895083199729,1.0767989128454178,0.7377202078955014
57.075,0.569009846488967,1.0765034679358862,0.7377692879495535
57.1,0.5691246277280808,1.07620800897896,0.7378183788199875
57.125,0.5692394269412304,1.0759125359761794,0.7378674805383708
57.150000000000006,0.5693542441524465,1.0756170489289651,0.737916593136127
57.175,0.5694690793856311,1.0753215478386204,0.7379657166445366
57.2,0.569583932664558,1.0750260327063312,0.7380148510947379
57.225,0.5696988040128741,1.0747305035331676,0.7380639965177276
57.25,0.5698136934540995,1.0744349603200845,0.7381131529443621
57.275000000000006,0.5699286010116285,1.0741394030679223,0.7381623204053578
57.3,0.57004352670873,1.0738438317774086,0.7382114989312921
57.325,0.570158470568549,1.0735482464491581,0.7382606885526044
57.35,0.5702734326141061,1.0732526470836745,0.7383098892995966
57.375,0.5703884128682992,1.0729570336813508,0.7383591012024341
57.400000000000006,0.5705034113539036,1.07266140624247,0.7384083242911463
57.425,0.5706184280935728,1.0723657647672065,0.7384575585956279
57.45,0.5707334631098392,1.0720701092556268,0.7385068041456391
57.475,0.5708485164251149,1.0717744397076905,0.7385560609708066
57.5,0.5709635880616921,1.0714787561232508,0.7386053291006248
57.525000000000006,0.571078678041744,1.0711830585020559,0.7386546085644559
57.55,0.571193786387325,1.0708873468437494,0.7387038993915308
57.575,0.571308913120372,1.0705916211478714,0.7387532016109503
57.6,0.5714240582627047,1.0702958814138592,0.7388025152516853
57.625,0.571539221836026,1.0700001276410485,0.738851840342578
57.650000000000006,0.5716544038619231,1.0697043598286737,0.7389011769123424
57.675,0.5717696043618677,1.0694085779758693,0.7389505249895649
57.7,0.571884823357217,1.0691127820816702,0.7389998846027055
57.725,0.5720000608692141,1.0688169721450127,0.739049255780098
57.75,0.5721153169189885,1.0685211481647359,0.739098638549951
57.775000000000006,0.5722305915275572,1.0682253101395818,0.7391480329403487
57.8,0.5723458847158245,1.0679294580681962,0.7391974389792515
57.825,0.5724611965045834,1.0676335919491298,0.7392468566944966
57.85,0.5725765269145159,1.067337711780839,0.739296286113799
57.875,0.5726918759661933,1.0670418175616863,0.739345727264752
57.900000000000006,0.5728072436800774,1.0667459092899414,0.7393951801748279
57.925,0.5729226300765204,1.0664499869637822,0.7394446448713785
57.95,0.573038035175766,1.0661540505812952,0.7394941213816365
57.975,0.5731534589979498,1.0658581001404763,0.7395436097327154
58.0,0.5732689015630997,1.0655621356392317,0.7395931099516105
58.025000000000006,0.5733843628911369,1.065266157075379,0.7396426220651998
58.05,0.5734998430018761,1.0649701644466472,0.7396921461002443
58.075,0.5736153419150261,1.0646741577506782,0.7397416820833888
58.1,0.5737308596501903,1.064378136985027,0.7397912300411625
58.125,0.5738463962268678,1.064082102147163,0.7398407899999802
58.150000000000006,0.5739619516644533,1.06378605323447,0.739890361986142
58.175,0.5740775259822377,1.0634899902442483,0.7399399460258349
58.2,0.5741931191994091,1.0631939131737136,0.7399895421451327
58.225,0.5743087313350528,1.062897822019999,0.7400391503699972
58.25,0.5744243624081523,1.0626017167801554,0.7400887707262785
58.275000000000006,0.5745400124375896,1.0623055974511524,0.7401384032397159
58.3,0.5746556814421457,1.062009464029879,0.7401880479359384
58.325,0.5747713694405012,1.0617133165131436,0.7402377048404651
58.35,0.5748870764512369,1.0614171548976756,0.7402873739787064
58.375,0.5750028024928341,1.0611209791801262,0.740337055375964
58.400000000000006,0.5751185475836751,1.060824789357068,0.740386749057432
58.425,0.5752343117420441,1.0605285854249968,0.7404364550481973
58.45,0.5753500949861274,1.060232367380332,0.7404861733732403
58.475,0.575465897334014,1.059936135219417,0.7405359040574353
58.5,0.5755817188036958,1.0596398889385201,0.7405856471255515
58.525000000000006,0.5756975594130687,1.0593436285338353,0.7406354026022532
58.55,0.5758134191799323,1.059047354001483,0.7406851705121006
58.575,0.5759292981219915,1.0587510653375103,0.7407349508795504
58.6,0.5760451962568556,1.0584547625378917,0.7407847437289564
58.625,0.5761611136020399,1.0581584455985305,0.74083454908457
58.650000000000006,0.5762770501749658,1.0578621145152585,0.7408843669705408
58.675,0.5763930059929612,1.0575657692838374,0.7409341974109175
58.7,0.5765089810732609,1.0572694098999589,0.7409840404296477
58.725,0.5766249754330074,1.056973036359246,0.7410338960505795
58.75,0.5767409890892511,1.056676648657253,0.7410837642974611
58.775000000000006,0.5768570220589508,1.0563802467894663,0.7411336451939423
58.8,0.5769730743589744,1.0560838307513054,0.7411835387635742
58.825,0.5770891460060988,1.0557874005381234,0.7412334450298104
58.85,0.577205237017011,1.0554909561452073,0.7412833640160069
58.875,0.5773213474083081,1.0551944975677787,0.7413332957454236
58.900000000000006,0.577437477196498,1.0548980248009951,0.741383240241224
58.925,0.5775536263979997,1.0546015378399496,0.7414331975264762
58.95,0.5776697950291437,1.054305036679672,0.741483167624153
58.975,0.5777859831061729,1.0540085213151293,0.7415331505571332
59.0,0.5779021906452422,1.0537119917412268,0.7415831463482014
59.025000000000006,0.5780184176624197,1.0534154479528077,0.741633155020049
59.05,0.5781346641736866,1.0531188899446546,0.7416831765952744
59.075,0.5782509301949382,1.0528223177114897,0.7417332110963838
59.1,0.5783672157419837,1.0525257312479757,0.7417832585457915
59.125,0.578483520830547,1.0522291305487157,0.7418333189658207
59.150000000000006,0.578599845476267,1.0519325156082546,0.7418833923787038
59.175,0.578716189694698,1.0516358864210793,0.7419334788065829
59.2,0.5788325535013101,1.0513392429816193,0.7419835782715104
59.225,0.57894893691149,1.0510425852842473,0.7420336907954496
59.25,0.5790653399405405,1.05074591332328,0.7420838164002749
59.275000000000006,0.579181762603682,1.0504492270929782,0.7421339551077728
59.3,0.579298204916052,1.0501525265875478,0.7421841069396419
59.325,0.579414666892706,1.04985581180114,0.7422342719174937
59.35,0.5795311485486179,1.0495590827278527,0.742284450062853
59.375,0.5796476498986799,1.0492623393617297,0.7423346413971584
59.400000000000006,0.5797641709577035,1.0489655816967625,0.7423848459417628
59.425,0.5798807117404197,1.04866880972689,0.7424350637179337
59.45,0.579997272261479,1.0483720234459994,0.7424852947468541
59.475,0.5801138525354524,1.0480752228479273,0.7425355390496227
59.5,0.5802304525768315,1.0477784079264592,0.7425857966472542
59.525000000000006,0.5803470724000285,1.0474815786753304,0.7426360675606803
59.55,0.5804637120193772,1.0471847350882273,0.7426863518107498
59.575,0.580580371449133,1.0468878771587868,0.7427366494182289
59.6,0.5806970507034734,1.0465910048805975,0.7427869604038021
59.625,0.5808137497964984,1.0462941182472,0.7428372847880723
59.650000000000006,0.5809304687422305,1.045997217252088,0.7428876225915617
59.675,0.5810472075546158,1.0457003018887074,0.7429379738347118
59.7,0.5811639662475235,1.0454033721504585,0.742988338537884
59.725,0.581280744834747,1.0451064280306956,0.7430387167213601
59.75,0.5813975433300036,1.0448094695227277,0.7430891084053429
59.775000000000006,0.5815143617469354,1.0445124966198187,0.7431395136099563
59.8,0.5816312000991093,1.0442155093151886,0.743189932355246
59.825,0.5817480584000175,1.0439185076020132,0.7432403646611798
59.85,0.5818649366630779,1.0436214914734254,0.7432908105476483
59.875,0.5819818349016342,1.0433244609225154,0.743341270034465
59.900000000000006,0.5820987531289565,1.0430274159423307,0.7433917431413669
59.925,0.5822156913582415,1.0427303565258772,0.7434422298880148
59.95,0.5823326496026128,1.0424332826661193,0.743492730293994
59.975,0.5824496278751212,1.042136194355981,0.7435432443788146
60.0,0.5825666261887454,1.0418390915883458,0.7435937721619117
