t,C,M,R
0.0,0.8,1.6,0.8
0.025,0.7973450020891496,1.5980448422367226,0.8004430651117397
0.05,0.7947152392446405,1.5960993397291667,0.8008723869057289
0.07500000000000001,0.7921104821663599,1.5941634486286187,0.801288153879146
0.1,0.7895305032727402,1.5922371250605474,0.8016905529393047
0.125,0.7869750766981157,1.5903203251291569,0.8020797694004405
0.15000000000000002,0.7844439782898142,1.5884130049218725,0.8024559869810097
0.17500000000000002,0.7819369856049906,1.5865151205137589,0.8028193878014892
0.2,0.7794538779072092,1.5846266279718695,0.803170152382662
0.225,0.7769944361627796,1.5827474833595305,0.8035084596443772
0.25,0.7745584430368546,1.5808776427405566,0.803834486904771
0.275,0.7721456828892946,1.579017062183398,0.8041484098799346
0.30000000000000004,0.769755941770306,1.5771656977652229,0.8044504026840198
0.325,0.767389007415859,1.57532350557593,0.8047406378297661
0.35000000000000003,0.7650446692428909,1.5734904417220974,0.8050192862294411
0.375,0.7627227183443017,1.5716664623308614,0.8052865171961787
0.4,0.7604229474837467,1.5698515235537318,0.8055424984457069
0.42500000000000004,0.758145151090233,1.5680455815703398,0.8057873960984505
0.45,0.7558891252525253,1.56624859259212,0.8060213746820003
0.47500000000000003,0.7536546677133669,1.5644605128659268,0.806244597133935
0.5,0.7514415778635212,1.5626812986775873,0.8064572248049876
0.525,0.7492496567356395,1.5609109063553865,0.8066594174625431
0.55,0.747078706997961,1.5591492922734904,0.8068513332944587
0.5750000000000001,0.7449285329478493,1.5573964128553046,0.8070331289131956
0.6000000000000001,0.7427989405051726,1.555652224576768,0.8072049593602519
0.625,0.7406897372055303,1.5539166839695857,0.8073669781108876
0.65,0.7386007321933342,1.552189747624396,0.8075193370791307
0.675,0.7365317362147467,1.5504713721938783,0.8076621866230558
0.7000000000000001,0.7344825616104826,1.5487615143957971,0.8077956755503254
0.7250000000000001,0.7324530223084795,1.5470601310159853,0.8079199511239851
0.75,0.7304429338164404,1.5453671789112664,0.8080351590685027
0.775,0.7284521132142546,1.5436826150123175,0.8081414435760435
0.8,0.7264803791463014,1.542006396326471,0.8082389473129726
0.8250000000000001,0.7245275518136401,1.5403384799404576,0.8083278114265755
0.8500000000000001,0.722593452966093,1.5386788230230912,0.808408175551989
0.875,0.7206779058942233,1.5370273828278949,0.8084801778193341
0.9,0.7187807354212146,1.5353841166956697,0.8085439548610437
0.925,0.7169017678946547,1.533748982057006,0.8085996418193753
0.9500000000000001,0.7150408311782288,1.5321219364347394,0.8086473723541036
0.9750000000000001,0.7131977546433266,1.5305029374463492,0.8086872786503835
1.0,0.7113723691605652,1.5288919428063033,0.8087194914267779
1.0250000000000001,0.7095645070912354,1.5272889103283467,0.808744139943441
1.05,0.7077740022786717,1.5256937979277383,0.8087613520104524
1.075,0.7060006900395525,1.5241065636234312,0.8087712539962939
1.1,0.7042444071551324,1.522527165540203,0.8087739708364625
1.125,0.7025049918624121,1.520955561910732,0.808769626042213
1.1500000000000001,0.700782283845248,1.5193917110776225,0.8087583417094247
1.175,0.6990761242254052,1.5178355714953795,0.8087402385275845
1.2000000000000002,0.6973863555535587,1.5162871017323318,0.8087154357888814
1.225,0.6957128218002443,1.5147462604725066,0.8086840513974067
1.25,0.6940553683467644,1.5132130065174547,0.8086462018784535
1.2750000000000001,0.6924138419760503,1.5116872987880268,0.808602002387909
1.3,0.690788090863485,1.5101690963261016,0.8085515667217369
1.3250000000000002,0.6891779645676902,1.5086583582962685,0.8084950073255414
1.35,0.6875833140212785,1.5071550439874615,0.8084324353042094
1.375,0.6860039915215765,1.5056591128145478,0.8083639604316258
1.4000000000000001,0.6844398507213196,1.5041705243198724,0.8082896911604559
1.425,0.6828907466193219,1.502689238174756,0.8082097346319908
1.4500000000000002,0.6813565355511244,1.5012152141809503,0.8081241966860512
1.475,0.6798370751796239,1.4997484122720481,0.8080331818709452
1.5,0.6783322244856846,1.4982887925148538,0.8079367934534741
1.5250000000000001,0.6768418437587368,1.4968363151107074,0.8078351334289844
1.55,0.6753657945873625,1.49539094039677,0.8077283025314592
1.5750000000000002,0.6739039398498726,1.493952628847268,0.8076164002436471
1.6,0.6724561437048776,1.4925213410746954,0.8074995248072231
1.625,0.6710222715818529,1.4910970378309774,0.807377773232978
1.6500000000000001,0.6696021901717023,1.4896796800085952,0.8072512413110333
1.675,0.6681957674173217,1.4882692286416712,0.8071200236210769
1.7000000000000002,0.6668028725041641,1.4868656449070172,0.8069842135426164
1.725,0.6654233758508097,1.4854688901251447,0.8068439032652469
1.75,0.6640571490995412,1.4840789257612386,0.8066991837989295
1.7750000000000001,0.6627040651069276,1.482695713426095,0.8065501449842777
1.8,0.6613639979344185,1.4813192148770227,0.806396875502848
1.8250000000000002,0.6600368228389493,1.4799493920187108,0.8062394628874321
1.85,0.6587224162635609,1.4785862069040605,0.8060779935323475
1.875,0.6574206558280341,1.4772296217349847,0.8059125527037241
1.9000000000000001,0.6561314203195421,1.475879598863173,0.8057432245497825
1.925,0.6548545896833203,1.474536100790824,0.8055700921111044
1.9500000000000002,0.6535900450133579,1.4731990901713468,0.8053932373308884
1.975,0.6523376685431105,1.4718685298100291,0.8052127410651926
2.0,0.651097343636236,1.470544382664676,0.8050286830931587
2.025,0.649868954777356,1.4692266118462167,0.8048411421272169
2.0500000000000003,0.6486523875628429,1.4679151806192825,0.8046501958232688
2.075,0.6474475286916348,1.4666100524027545,0.8044559207908454
2.1,0.6462542659560789,1.465311190770283,0.8042583926032396
2.125,0.6450724882328057,1.4640185594507777,0.8040576858076104
2.15,0.6439020854736339,1.462732122328872,0.8038538739350557
2.1750000000000003,0.6427429486965084,1.461451843445357,0.8036470295106539
2.2,0.6415949699764717,1.4601776869975909,0.8034372240634712
2.225,0.6404580424366703,1.4589096173398817,0.8032245281365324
2.25,0.6393320602393965,1.457647598983843,0.8030090112967554
2.275,0.6382169185771678,1.4563915965987262,0.8027907421448452
2.3000000000000003,0.6371125136638435,1.4551415750117258,0.8025697883251485
2.325,0.6360187427257805,1.4538974992082623,0.8023462165354645
2.35,0.6349355039930287,1.4526593343322396,0.8021200925368135
2.375,0.6338626966905668,1.45142704568628,0.8018914811631598
2.4000000000000004,0.6328002210295799,1.450200598731935,0.8016604463310879
2.4250000000000003,0.6317479781987789,1.4489799590898766,0.8014270510494315
2.45,0.6307058703557634,1.4477650925400616,0.8011913574288534
2.475,0.6296738006184277,1.4465559650218784,0.8009534266913757
2.5,0.6286516730564117,1.445352542634272,0.8007133191798579
2.5250000000000004,0.6276393926825968,1.4441547916358455,0.8004710943674239
2.5500000000000003,0.6266368654446477,1.4429626784449452,0.800226810866835
2.575,0.6256439982166,1.4417761696397229,0.799980526439809
2.6,0.6246606987904952,1.4405952319581798,0.7997322980062841
2.625,0.6236868758680636,1.4394198322981917,0.7994821816536266
2.6500000000000004,0.6227224390524538,1.4382499377175142,0.7992302326457823
2.6750000000000003,0.6217672988400127,1.4370855154337714,0.7989765054323698
2.7,0.6208213666121126,1.435926532824425,0.7987210536577153
2.725,0.6198845546270293,1.434772957426728,0.7984639301698291
2.75,0.6189567760118685,1.433624756937659,0.7982051870293216
2.7750000000000004,0.618037944754544,1.4324818992138408,0.7979448755182595
2.8000000000000003,0.6171279756958056,1.431344352271444,0.7976830461489607
2.825,0.616226784521318,1.4302120842860717,0.7974197486727278
2.85,0.6153342877537914,1.4290850635926315,0.7971550320885201
2.875,0.6144504027451635,1.4279632586851907,0.7968889446515623
2.9000000000000004,0.6135750476688331,1.4268466382168166,0.7966215338818912
2.9250000000000003,0.6127081415119462,1.4257351709994028,0.796352846572838
2.95,0.6118496040677346,1.4246288260034812,0.7960829287994484
2.975,0.6109993559279064,1.4235275723580194,0.7958118259268372
3.0,0.6101573184750905,1.4224313793502057,0.7955395826184793
3.0250000000000004,0.6093234138753324,1.4213402164252202,0.7952662428444363
3.0500000000000003,0.6084975650706447,1.420254053185993,0.7949918498895173
3.075,0.6076796957716101,1.4191728593929498,0.7947164463613757
3.1,0.6068697304500378,1.4180966049637453,0.7944400741985398
3.125,0.6060675943316738,1.4170252599729856,0.7941627746783781
3.1500000000000004,0.6052732133889642,1.4159587946519363,0.7938845884249994
3.1750000000000003,0.6044865143338731,1.414897179388223,0.7936055554170863
3.2,0.6037074246107529,1.4138403847255168,0.7933257149956636
3.225,0.6029358723892697,1.4127883813632123,0.7930451058718003
3.25,0.602171786557382,1.4117411401560926,0.7927637661342456
3.2750000000000004,0.6014150967143728,1.410698632113986,0.7924817332569989
3.3000000000000003,0.600665733163936,1.4096608284014114,0.7921990441068136
3.325,0.599923626907317,1.4086277003372143,0.791915734950635
3.35,0.5991887096365062,1.4075992193941942,0.7916318414629722
3.375,0.5984609137274864,1.4065753571987216,0.791347398733203
3.4000000000000004,0.5977401722335351,1.4055560855303473,0.7910624412728148
3.4250000000000003,0.5970264188785785,1.4045413763214014,0.7907770030225773
3.45,0.5963195880506008,1.4035312016565857,0.7904911173596513
3.475,0.5956196147951058,1.402525533772557,0.7902048171046305
3.5,0.5949264348086329,1.4015243450575023,0.7899181345285187
3.5250000000000004,0.5942399844323255,1.4005276080507065,0.7896311013596405
3.5500000000000003,0.5935602006455527,1.3995352954421127,0.7893437487904883
3.575,0.5928870210595847,1.3985473800718757,0.7890561074845022
3.6,0.5922203839113204,1.3975638349299073,0.7887682075827864
3.625,0.5915602280570682,1.396584633155416,0.7884800787107611
3.6500000000000004,0.5909064929663791,1.3956097480364384,0.7881917499847481
3.6750000000000003,0.5902591187159324,1.3946391530093671,0.787903250018494
3.7,0.5896180459834736,1.3936728216584693,0.7876146069296288
3.725,0.5889832160418045,1.3927107277154012,0.7873258483460597
3.75,0.5883545707528253,1.391752845058716,0.7870370014123025
3.7750000000000004,0.5877320525616281,1.3907991477133668,0.7867480927957493
3.8000000000000003,0.5871156044906423,1.3898496098502031,0.7864591486928731
3.825,0.5865051701338307,1.3889042057854635,0.7861701948353697
3.85,0.585900693650938,1.3879629099802622,0.7858812564962367
3.875,0.5853021197617884,1.3870256970400705,0.7855923584957916
3.9000000000000004,0.5847093937406351,1.3860925417141954,0.7853035252076261
3.9250000000000003,0.5841224614105605,1.3851634188952509,0.785014780564501
3.95,0.5835412691379248,1.3842383036186277,0.7847261480641782
3.975,0.582965763826867,1.3833171710619567,0.7844376507751925
4.0,0.5823958929138536,1.38239999654457,0.784149311342563
4.025,0.5818316043622779,1.3814867555269563,0.7838611519934444
4.05,0.5812728466571078,1.3805774236102148,0.7835731945427173
4.075,0.5807195687995831,1.3796719765355034,0.7832854603985209
4.1000000000000005,0.5801717203019612,1.378770390183485,0.7829979705677247
4.125,0.5796292511823112,1.3778726405737698,0.7827107456613428
4.15,0.5790921119593563,1.376978703864355,0.7824238058998894
4.175,0.5785602536473637,1.3760885563510614,0.7821371711186755
4.2,0.5780336277510827,1.3752021744669662,0.7818508607730497
4.2250000000000005,0.5775121862607292,1.3743195347818347,0.7815648939435796
4.25,0.5769958816470183,1.3734406140015485,0.7812792893411786
4.275,0.5764846668562427,1.3725653889675318,0.7809940653121741
4.3,0.5759784953053979,1.3716938366561742,0.7807092398433213
4.325,0.5754773208773538,1.3708259341782534,0.7804248305667605
4.3500000000000005,0.5749810979160717,1.3699616587783536,0.7801408547649193
4.375,0.5744897812218669,1.3691009878342837,0.7798573293753601
4.4,0.5740033260467169,1.3682438988564924,0.7795742709955729
4.425,0.5735216880896143,1.3673903694874834,0.7792916958877142
4.45,0.5730448234919644,1.366540377501226,0.7790096199832925
4.4750000000000005,0.5725726888330268,1.3656939008025677,0.7787280588878002
4.5,0.5721052411254017,1.364850917426643,0.7784470278852927
4.525,0.5716424378105596,1.364011405538282,0.7781665419429159
4.55,0.5711842367544139,1.363175343431417,0.7778866157153804
4.575,0.5707305962429375,1.3623427095284897,0.7776072635493856
4.6000000000000005,0.5702814749778219,1.361513482379855,0.7773284994879915
4.625,0.569836832072178,1.3606876406631858,0.7770503372749409
4.65,0.5693966270462801,1.359865163182877,0.77677279035893
4.675,0.5689608198233518,1.359046028869448,0.7764958718978308
4.7,0.5685293707253921,1.3582302167789442,0.7762195947628623
4.7250000000000005,0.5681022404690443,1.3574177060923396,0.7759439715427146
4.75,0.5676793901615048,1.3566084761149377,0.7756690145476223
4.775,0.5672607812964731,1.3558025062757726,0.7753947358133919
4.800000000000001,0.5668463757501412,1.3549997761270094,0.77512114710538
4.825,0.5664361357772244,1.3542002653433451,0.7748482599224248
4.8500000000000005,0.5660300240070302,1.3534039537214089,0.7745760855007301
4.875,0.5656280034395674,1.352610821179162,0.7743046348177042
4.9,0.5652300374416943,1.3518208477552995,0.7740339185957513
4.925000000000001,0.5648360897433049,1.3510340136086492,0.7737639473060182
4.95,0.5644461244335542,1.3502502990175735,0.7734947311720952
4.9750000000000005,0.5640601059571212,1.3494696843793705,0.7732262801736729
5.0,0.5636779991105095,1.3486921502096747,0.772958604050154
5.025,0.5603569712949545,1.3500288065343309,0.7721090711040601
5.05,0.5570725132406622,1.3513632239491895,0.7712546248518736
5.075,0.5538241513119306,1.3526954506670588,0.7703954777945157
5.1,0.5506114182095598,1.3540255339317009,0.7695318384454666
5.125,0.54743385289741,1.3553535200327358,0.7686639113811224
5.15,0.5442910005292637,1.3566794543203884,0.7677918972910609
5.175,0.541182412376014,1.358003381220079,0.7669159930281928
5.2,0.5381076457531998,1.3593253442468551,0.7660363916587786
5.225,0.5350662639489089,1.3606453860196663,0.7651532825122878
5.25,0.532057836152069,1.3619635482754784,0.7642668512310833
5.275,0.5290819373811432,1.3632798718832304,0.7633772798199111
5.3,0.5261381484132481,1.3645943968576326,0.7624847466951773
5.325,0.5232260557137117,1.365907162372804,0.7615894267339963
5.35,0.5203452513660839,1.3672182067757526,0.7606914913229943
5.375,0.5174953330026166,1.3685275675996953,0.7597911084068513
5.4,0.5146759037352261,1.3698352815772208,0.7588884425365696
5.425,0.5118865720869488,1.371141384653292,0.7579836549174538
5.45,0.509126951923905,1.3724459119980925,0.7570769034567887
5.475,0.5063966623877793,1.3737488980197134,0.7561683428112056
5.5,0.5036953278288293,1.3750503763766846,0.7552581244337225
5.525,0.501022577739432,1.3763503799903485,0.7543463966204503
5.55,0.49837804668817604,1.377648941057078,0.7534333045569525
5.575,0.4957613742545087,1.378946091060339,0.7525189903642506
5.6,0.49317220496394554,1.3802418607825984,0.7516035931444663
5.625,0.4906101882238479,1.3815362803170772,0.7506872490260911
5.65,0.4880749782597768,1.3828293790793527,0.7497700912088766
5.675,0.4855662340524272,1.3841211858188052,0.7488522500083388
5.7,0.4830836192751486,1.3854117286299166,0.7479338528998682
5.725,0.4806268022320564,1.386701034963416,0.7470150245624421
5.75,0.47819545579673833,1.3879891316372766,0.7460958869219299
5.775,0.4757892573515593,1.389276044847565,0.7451765591939907
5.8,0.4734078887275677,1.390561800179141,0.7442571579265552
5.825,0.47105103614500665,1.391846422616214,0.7433377970418883
5.85,0.46871839015443106,1.3931299365527496,0.7424185878782302
5.875,0.46640964557843395,1.3944123658027372,0.7414996392310107
5.9,0.464124501453982,1.39569373361031,0.7405810573936344
5.925,0.4618626609753624,1.3969740626597262,0.7396629461978349
5.95,0.4596238314377414,1.398253375085208,0.7387454070535938
5.975,0.45740772418133446,1.399531692480641,0.737828538988625
6.0,0.4552140545361888,1.4008090359091359,0.7369124386874205
6.025,0.45304254176757736,1.4020854259124536,0.7359972005298576
6.05,0.4508929090220038,1.4033608825202932,0.7350829166293664
6.075,0.44876488327381786,1.4046354252594464,0.7341696768706562
6.1,0.4466581952724395,1.4059090731628188,0.7332575689470007
6.125,0.4445725794901907,1.4071818447783184,0.732346678397083
6.15,0.44250777407073294,1.4084537581776155,0.7314370886413977
6.175,0.4404635207781087,1.4097248309647705,0.7305288810182129
6.2,0.43843956494638464,1.4109950802847357,0.7296221348190922
6.225,0.4364356554298942,1.4122645228317308,0.728716927323976
6.25,0.4344515445540771,1.4135331748574913,0.7278133338358241
6.275,0.4324869880669124,1.4148010521793948,0.7269114277148221
6.3,0.4305417450909434,1.4160681701884636,0.726011280412149
6.325,0.4286155780758898,1.4173345438572467,0.7251129615033125
6.35,0.42670825275184493,1.4186001877475816,0.7242165387210493
6.375,0.4248195380830541,1.4198651160182374,0.723322077987795
6.4,0.42294920622227067,1.421129342432442,0.7224296434477246
6.425,0.42109703246568575,1.4223928803652917,0.7215392974983654
6.45,0.41926279520842863,1.4236557428110475,0.7206511008217852
6.475,0.41744627590063266,1.424917942390318,0.7197651124153579
6.5,0.41564725900406363,1.4261794913571308,0.718881389622109
6.525,0.41386553194930575,1.4274404016058935,0.7179999881606439
6.55,0.41210088509350146,1.4287006846782448,0.7171209621546609
6.575,0.41035311167864025,1.4299603517697999,0.7162443641620532
6.6,0.4086220077903925,1.4312194137367864,0.7153702452036009
6.625,0.4069073723174833,1.432477881102579,0.7144986547912583
6.65,0.4052090069116021,1.4337357640641266,0.7136296409560369
6.675,0.4035267159478432,1.4349930724982811,0.7127632502754901
6.7,0.4018603064856725,1.4362498159680213,0.7118995279008009
6.725,0.40020958823041614,1.4375060037285787,0.7110385175834761
6.75,0.39857437349526487,1.4387616447334661,0.7101802617016516
6.775,0.3969544771637912,1.4400167476404064,0.7093248012860105
6.8,0.39534971665297247,1.4412713208171675,0.7084721760453193
6.825,0.39375991187671666,1.4425253723473017,0.7076224243915841
6.85,0.3921848852098845,1.4437789100357923,0.7067755834648312
6.875,0.3906244614528035,1.4450319414146073,0.705931689157516
6.9,0.3890784677962694,1.4462844737481628,0.7050907761385634
6.925,0.38754673378702875,1.4475365140386969,0.7042528778770425
6.95,0.3860290912937386,1.4487880690315547,0.7034180266654816
6.975,0.38452537447339785,1.4500391452203865,0.7025862536428251
7.0,0.38303541973824506,1.4512897488522596,0.701757588817037
7.025,0.38155906572311776,1.4525398859326866,0.7009320610873543
7.050000000000001,0.3800961532532683,1.4537895622305677,0.7001096982661953
7.075,0.37864652531263066,1.4550387832830534,0.6992905271007248
7.1,0.3772100270125339,1.456287554400324,0.6984745732940815
7.125,0.3757865055608564,1.4575358806702892,0.6976618615262702
7.15,0.37437581023161604,1.45878376696321,0.6968524154747242
7.175000000000001,0.37297779233499173,1.4600312179362414,0.6960462578345403
7.2,0.37159230518777053,1.4612782380378988,0.6952434103383908
7.225,0.37021920408421577,1.4625248315124495,0.6944438937761159
7.25,0.3688583462673508,1.4637710024042287,0.693647728014002
7.275,0.36750959090065394,1.4650167545618826,0.6928549320137465
7.300000000000001,0.366172799040159,1.4662620916425393,0.6920655238511166
7.325,0.3648478336069566,1.4675070171159081,0.6912795207343037
7.35,0.3635345593600918,1.4687515342683088,0.6904969390219763
7.375,0.3622328428698525,1.469995646206632,0.6897177942410389
7.4,0.3609425524914439,1.4712393558622299,0.6889421011040963
7.425000000000001,0.35966355833904445,1.4724826659947428,0.68816987352663
7.45,0.3583957322602382,1.4737255791958563,0.6874011246438894
7.475,0.3571389478108188,1.4749680978929958,0.6866358668275011
7.5,0.3558930802299604,1.4762102243529551,0.6858741117018016
7.525,0.3546580064157507,1.4774519606854633,0.6851158701598943
7.550000000000001,0.3534336049010814,1.478693308846688,0.6843611523794381
7.575,0.35221975582989157,1.4799342706426788,0.6836099678381674
7.6,0.35101634093375916,1.481174847732749,0.6828623253291506
7.625,0.349823243508836,1.4824150416327992,0.6821182329757878
7.65,0.34864034839312197,1.4836548537185812,0.6813776982465531
7.675000000000001,0.3474675419440736,1.484894285228905,0.6806407279694848
7.7,0.3463047120165426,1.4861333372687893,0.6799073283464258
7.725,0.34515174794104025,1.4873720108125548,0.6791775049670189
7.75,0.3440085405023227,1.488610306706865,0.6784512628224609
7.775,0.3428749819182933,1.4898482256737104,0.6777286063190169
7.800000000000001,0.3417509658192173,1.491085768313341,0.6770095392912998
7.825,0.34063638722724504,1.4923229351071452,0.6762940650153187
7.85,0.3395311425362388,1.4935597264204787,0.6755821862212976
7.875,0.33843512949189974,1.494796142505441,0.67487390510627
7.9,0.3373482471721904,1.4960321835036026,0.6741692233464509
7.925000000000001,0.3362703959680488,1.497267849448683,0.6734681421093905
7.95,0.33520147756438984,1.498503140269181,0.6727706620659123
7.975,0.3341413949213904,1.4997380557909556,0.6720767834018387
8.0,0.3330900522560539,1.5009725957397613,0.6713865058295082
8.025,0.33204735502405025,1.5022067597437372,0.6706998285990856
8.05,0.3310132099018275,1.5034405473358505,0.6700167505096699
8.075,0.3299875247689912,1.504673957956295,0.6693372699202021
8.1,0.3289702086909481,1.5059069909548464,0.6686613847601764
8.125,0.32796117190180973,1.507139645593173,0.667989092540157
8.15,0.3269603257875523,1.5083719210471056,0.6673203903621043
8.175,0.32596758286942995,1.509603816408865,0.666655274929513
8.2,0.3249828567876367,1.5108353306892466,0.6659937425573653
8.225,0.3240060622852143,1.5120664628197673,0.6653357891819011
8.25,0.3230371151922017,1.5132972116547703,0.6646814103702094
8.275,0.3220759324100236,1.5145275759734915,0.6640306013296433
8.3,0.32112243189611345,1.515757554482088,0.6633833569170596
8.325,0.3201765326487686,1.5169871458156274,0.6627396716478888
8.35,0.3192381546922332,1.5182163485400408,0.6620995397050358
8.375,0.31830721906200626,1.5194451611540383,0.6614629549476144
8.4,0.31738364779037137,1.5206735820909891,0.6608299109195196
8.425,0.3164673638921446,1.5219016097207658,0.6602004008578377
8.45,0.31555829135063745,1.5231292423515534,0.6595744177011
8.475,0.314656355103832,1.5243564782316252,0.6589519540973795
8.5,0.31376148103076457,1.525583315551083,0.658333002412235
8.525,0.3128735959381153,1.5268097524435658,0.6577175547365046
8.55,0.3119926275470003,1.5280357869879255,0.6571056028939509
8.575,0.31111850447996336,1.5292614172098693,0.6564971384487603
8.6,0.31025115624816446,1.5304866410835722,0.6558921527128991
8.625,0.309390513238762,1.5317114565332575,0.6552906367533278
8.65,0.30853650670248556,1.5329358614347466,0.6546925813990772
8.675,0.3076890687413971,1.5341598536169796,0.6540979772481877
8.7,0.306848132296837,1.5353834308635055,0.6535068146745144
8.725,0.3060136311375523,1.536606590913944,0.6529190838343993
8.75,0.30518549984800514,1.5378293314654186,0.6523347746732148
8.775,0.30436367381685736,1.5390516501739617,0.651753876931778
8.8,0.30354808922563004,1.540273544655892,0.6511763801526409
8.825,0.3027386830375341,1.5414950124891642,0.6506022736862553
8.85,0.3019353929864702,1.5427160512146938,0.6500315466970175
8.875,0.30113815756619505,1.5439366583376535,0.6494641881691923
8.9,0.3003469160196515,1.545156831328746,0.6489001869127208
8.925,0.2995616083284603,1.5463765676254497,0.6483395315689116
8.95,0.2987821752025705,1.5475958646332406,0.6477822106160184
8.975,0.2980085580700667,1.548814719726789,0.647228212374707
9.0,0.2972406990671303,1.5500331302511328,0.6466775250134109
9.025,0.29803328918572897,1.5501355057823785,0.6466150875156482
9.05,0.29882006627197694,1.5502355700584118,0.6465557970950482
9.075,0.2996010838498041,1.5503333337636054,0.6464996041125517
9.1,0.3003763948775276,1.5504288075589987,0.6464464596235068
9.125,0.30114605175500314,1.5505220020820054,0.6463963153677742
9.15,0.30191010633066573,1.5506129279461245,0.6463491237599874
9.175,0.30266860990846184,1.5507015957406598,0.6463048378799651
9.2,0.3034216132546756,1.5507880160304435,0.6462634114632724
9.225,0.30416916660465,1.5508721993555665,0.6462247988919289
9.25,0.304911319669406,1.5509541562311138,0.6461889551852604
9.275,0.3056481216421608,1.5510338971469055,0.6461558359908927
9.3,0.3063796212047474,1.5511114325672446,0.6461253975758832
9.325,0.30710586653393684,1.551186772930668,0.6460975968179902
9.35,0.30782690530766593,1.5512599286497055,0.6460723911970756
9.375,0.30854278471117047,1.5513309101106412,0.6460497387866397
9.4,0.30925355144302763,1.551399727673283,0.6460295982454852
9.425,0.30995925172110733,1.5514663916707359,0.6460119288095089
9.45,0.3106599312884356,1.55153091240918,0.6459966902836175
9.475,0.31135563541897093,1.5515933001676554,0.6459838430337679
9.5,0.3120464089232949,1.5516535651978496,0.6459733479791264
9.525,0.31273229615421905,1.5517117177238915,0.645965166584348
9.55,0.3134133410123096,1.5517677679421504,0.6459592608519716
9.575,0.31408958695133105,1.5518217260210387,0.6459555933149305
9.6,0.31476107698360994,1.5518736021008206,0.6459541270291742
9.625,0.31542785368532117,1.5519234062934242,0.6459548255664032
9.65,0.31608995920169686,1.5519711486822594,0.6459576530069105
9.675,0.3167474352521604,1.5520168393220397,0.6459625739325322
9.7,0.3174003231353862,1.5520604882386089,0.645969553419701
9.725,0.3180486637342862,1.5521021054287714,0.6459785570326054
9.75,0.3186924975209257,1.5521417008601284,0.6459895508164498
9.775,0.3193318645613683,1.5521792844709168,0.646002501290814
9.8,0.3199668045204518,1.5522148661698538,0.6460173754431122
9.825,0.3205973566664963,1.5522484558359848,0.6460341407221477
9.85,0.32122355987594575,1.5522800633185356,0.6460527650317636
9.875,0.32184545263794345,1.5523096984367692,0.6460732167245864
9.9,0.32246307305884353,1.5523373709798463,0.646095464595862
9.925,0.32307645886665876,1.5523630907066892,0.6461194778773818
9.95,0.32368564741544625,1.5523868673458514,0.6461452262314981
9.975,0.3242906756896317,1.5524087105953892,0.646172679745227
10.0,0.3248915803082736,1.5524286301227381,0.646201808924437
10.025,0.325488397529268,1.552446635564593,0.6462325846881231
10.05,0.32608116325349557,1.5524627365267916,0.6462649783627626
10.075,0.3266699130289106,1.5524769425842027,0.6462989616767554
10.1,0.3272546820545744,1.5524892632806164,0.6463345067549418
10.125,0.3278355051846332,1.5524997081286396,0.6463715861132022
10.15,0.3284124169322414,1.5525082866095936,0.6464101726531337
10.175,0.32898545147343117,1.5525150081734165,0.6464502396568031
10.2,0.3295546426509301,1.552519882238568,0.6464917607815764
10.225,0.33012002397792617,1.5525229181919384,0.6465347100550216
10.25,0.3306816286417823,1.5525241253887603,0.6465790618698855
10.275,0.33123948950770066,1.552523513152524,0.6466247909791417
10.3,0.3317936391223376,1.552521090774896,0.6466718724911101
10.325,0.3323441097173703,1.5525168675156418,0.6467202818646455
10.35,0.33289093321301527,1.5525108526025486,0.6467699949043948
10.375,0.3334341412215005,1.552503055231356,0.6468209877561224
10.4,0.3339737650504909,1.5524934845656853,0.6468732369021011
10.425,0.3345098357064686,1.552482149736975,0.6469267191565685
10.45,0.33504238389806823,1.5524690598444173,0.6469814116612487
10.475,0.33557144003936856,1.5524542239548988,0.6470372918809358
10.5,0.3360970342531406,1.5524376511029432,0.6470943375991413
10.525,0.336619196374053,1.5524193502906576,0.6471525269138012
10.55,0.3371379559518359,1.5523993304876815,0.6472118382330454
10.575,0.3376533422544027,1.552377600631138,0.6472722502710248
10.6,0.3381653842709323,1.5523541696255885,0.6473337420437979
10.625,0.3386741107149103,1.55232904634299,0.6473962928652751
10.65,0.33917955002713157,1.5523022396226545,0.6474598823432192
10.675,0.3396817303786634,1.5522737582712118,0.6475244903753018
10.7,0.340180679673771,1.5522436110625744,0.6475900971452154
10.725,0.3406764255528055,1.5522118067379052,0.647656683118839
10.75,0.3411689953950542,1.5521783540055873,0.6477242290404568
10.775,0.3416584163215554,1.5521432615411974,0.6477927159290306
10.8,0.34214471519787676,1.55210653798748,0.6478621250745226
10.825,0.3426279186368584,1.5520681919543258,0.6479324380342695
10.85,0.3431080530013212,1.5520282320187502,0.6480036366294073
10.875,0.34358514440674137,1.5519866667248772,0.6480757029413448
10.9,0.3440592187238906,1.5519435045839227,0.648148619308286
10.925,0.3445303015814433,1.5518987540741822,0.6482223683218008
10.95,0.34499841836855133,1.5518524236410194,0.6482969328234417
10.975,0.34546359423738604,1.551804521696857,0.6483722959014083
11.0,0.34592585410564913,1.551755056621171,0.6484484408872572
11.025,0.34638522265905186,1.5517040367604862,0.6485253513526559
11.05,0.3468417243537636,1.551651470428373,0.648603011106183
11.075,0.34729538341883004,1.5515973659054483,0.6486814041901706
11.1,0.34774622385856163,1.5515417314393765,0.6487605148775905
11.125,0.34819426945489235,1.5514845752448738,0.6488403276689821
11.15,0.34863954376970957,1.551425905503714,0.6489208272894239
11.175,0.3490820701471556,1.551365730364736,0.6490019986855438
11.2,0.3495218717159006,1.551304057943853,0.6490838270225717
11.225,0.3499589713913882,1.5512408963240658,0.6491662976814319
11.25,0.3503933918780535,1.5511762535554743,0.6492493962558736
11.275,0.3508251556715142,1.5511101376552938,0.6493331085496423
11.3,0.3512542850607352,1.5510425566078716,0.6494174205736876
11.325,0.35168080213016717,1.5509735183647064,0.6495023185434097
11.35,0.352104728761859,1.5509030308444685,0.6495877888759428
11.375,0.35252608663754526,1.5508311019330219,0.6496738181874749
11.4,0.35294489724070816,1.5507577394834486,0.6497603932906042
11.425,0.35336118185861526,1.5506829513160747,0.6498475011917301
11.45,0.3537749615843325,1.5506067452184964,0.6499351290884802
11.475,0.35418625731871356,1.5505291289456102,0.6500232643671714
11.5,0.3545950897723651,1.5504501102196429,0.6501118946003049
11.525,0.35500147946758914,1.550369696730183,0.650201007544095
11.55,0.35540544674030244,1.5502878961342152,0.6502905911360306
11.575,0.3558070117419328,1.5502047160561552,0.6503806334924694
11.6,0.3562061944412934,1.5501201640878857,0.6504711229062646
11.625,0.3566030146264352,1.5500342477887952,0.6505620478444226
11.65,0.356997491906477,1.549946974685817,0.6506533969457924
11.675,0.3573896457134149,1.5498583522734697,0.650745159018785
11.7,0.3577794953039101,1.5497683880138997,0.6508373230391246
11.725,0.358167059761056,1.5496770893369252,0.6509298781476275
11.75,0.3585523579961248,1.5495844636400802,0.6510228136480125
11.775,0.3589354087502937,1.5494905182886614,0.6511161190047393
11.8,0.3593162305963517,1.549395260615775,0.6512097838408754
11.825,0.3596948419403857,1.5492986979223866,0.6513037979359915
11.85,0.360071261023448,1.5492008374773696,0.6513981512240851
11.875,0.3604455059232044,1.5491016865175575,0.6514928337915306
11.9,0.3608175945555632,1.5490012522477963,0.6515878358750574
11.925,0.36118754467628583,1.548899541840997,0.651683147859754
11.95,0.3615553738825788,1.5487965624381919,0.6517787602770985
11.975,0.3619210996146678,1.5486923211485888,0.6518746638030151
12.0,0.36228473915735365,1.548586825049629,0.6519708492559565
12.025,0.36264630964155087,1.5484800811870454,0.6520673075950107
12.05,0.3630058280458084,1.5483720965749208,0.6521640299180335
12.075,0.36336331119781345,1.5482628781957488,0.6522610074598044
12.1,0.36371877577587847,1.5481524330004945,0.6523582315902083
12.125,0.364072238310411,1.548040767908657,0.6524556938124394
12.15,0.36442371518536737,1.5479278898083324,0.6525533857612292
12.175,0.36477322263968986,1.547813805556278,0.6526512992010982
12.2,0.36512077676872795,1.5476985219779777,0.6527494260246295
12.225,0.36546639352564353,1.5475820458677074,0.6528477582507657
12.25,0.36581008872280074,1.5474643839886022,0.6529462880231276
12.275,0.3661518780331399,1.5473455430727248,0.6530450076083548
12.3,0.3664917769915367,1.547225529821133,0.6531439093944684
12.325,0.36682980099614576,1.5471043509039508,0.6532429858892542
12.35,0.36716596530973,1.5469820129604375,0.653342229718668
12.375,0.36750028506097476,1.5468585225990594,0.6534416336252602
12.4,0.3678327752457877,1.5467338863975622,0.6535411904666225
12.425,0.3681634507285845,1.5466081109030432,0.6536408932138535
12.45,0.3684923262435601,1.5464812026320254,0.653740734950045
12.475,0.36881941639594656,1.5463531680705318,0.6538407088687872
12.5,0.3691447356632566,1.54622401367416,0.6539408082726937
12.525,0.369468298396514,1.546093745868159,0.6540410265719462
12.55,0.3697901188214703,1.5459623710475043,0.6541413572828565
12.575,0.3701102110398084,1.5458298955769765,0.6542417940264488
12.6,0.3704285890303333,1.5456963257912386,0.654342330527059
12.625,0.37074526665014956,1.5455616679949145,0.6544429606109531
12.65,0.3710602576358263,1.5454259284626681,0.6545436782049624
12.675,0.37137357560454937,1.5452891134392837,0.6546444773351374
12.7,0.37168523405526166,1.5451512291397458,0.6547453521254185
12.725,0.37199524636979037,1.5450122817493206,0.6548462967963237
12.75,0.37230362581396276,1.5448722774236372,0.6549473056636533
12.775,0.37261038553870984,1.5447312222887704,0.6550483731372122
12.8,0.37291553858115806,1.5445891224413226,0.6551494937195469
12.825,0.37321909786570945,1.5444459839485083,0.6552506620047001
12.85,0.3735210762051103,1.5443018128482366,0.655351872676981
12.875,0.3738214863015085,1.5441566151491968,0.6554531205097515
12.9,0.37412034074749945,1.544010396830942,0.6555544003642271
12.925,0.37441765202716104,1.5438631638439757,0.6556557071882949
12.95,0.37471343251707767,1.5437149221098367,0.6557570360153454
12.975,0.3750076944873533,1.543565677521186,0.6558583819631195
13.0,0.3753004501026142,1.5434154359418928,0.6559597402325709
13.025,0.37559171142300046,1.5432642032071229,0.6560611061067422
13.05,0.3758814904051478,1.5431119851234247,0.6561624749496566
13.075,0.37616979890315855,1.5429587874688189,0.6562638422052227
13.100000000000001,0.3764566486695628,1.5428046159928854,0.6563652033961537
13.125,0.3767420513562692,1.5426494764168532,0.6564665541229004
13.15,0.377026018515506,1.542493374433689,0.6565678900625987
13.175,0.3773085616007522,1.542336315708187,0.656669206968029
13.2,0.3775896919676592,1.542178305877059,0.6567705006665898
13.225000000000001,0.37786942087496245,1.5420193505490243,0.656871767059285
13.25,0.37814775948538415,1.5418594553049,0.6569730021197226
13.275,0.37842471886652607,1.5416986256976932,0.6570742018931283
13.3,0.37870030999175364,1.5415368672526908,0.6571753624953691
13.325,0.3789745437410704,1.5413741854675516,0.6572764801119922
13.350000000000001,0.37924743090198393,1.5412105858123983,0.6573775509972739
13.375,0.3795189821703624,1.5410460737299096,0.6574785714732817
13.4,0.3797892081512826,1.5408806546354124,0.6575795379289484
13.425,0.38005811935986916,1.5407143339169738,0.6576804468191575
13.45,0.38032572622212524,1.5405471169354954,0.657781294663841
13.475000000000001,0.3805920390757545,1.5403790090248053,0.6578820780470881
13.5,0.3808570681709751,1.540210015491752,0.6579827936162652
13.525,0.38112082367132466,1.5400401416162974,0.6580834380811479
13.55,0.3813833156544579,1.5398693926516116,0.6581840082130633
13.575,0.38164455411293535,1.5396977738241657,0.6582845008440438
13.600000000000001,0.38190454895500475,1.5395252903338268,0.6583849128659907
13.625,0.3821633100053739,1.5393519473539519,0.65848524122985
13.65,0.38242084700597606,1.539177750031483,0.6585854829447972
13.675,0.38267716961672743,1.5390027034870413,0.6586856350774339
13.7,0.3829322874162771,1.5388268128150222,0.6587856947509931
13.725000000000001,0.3831862099027494,1.5386500830836907,0.6588856591445559
13.75,0.3834389464944784,1.5384725193352757,0.6589855254922774
13.775,0.38369050653073594,1.5382941265860663,0.6590852910826231
13.8,0.3839408992724511,1.5381149098265066,0.6591849532576148
13.825,0.3841901339029236,1.537934874021291,0.6592845094120853
13.850000000000001,0.38443821952852913,1.537754024109461,0.6593839569929439
13.875,0.3846851651794183,1.5375723650044995,0.6594832934984507
13.9,0.38493097981020824,1.5373899015944277,0.6595825164774995
13.925,0.3851756723006673,1.5372066387419006,0.6596816235289112
13.95,0.3854192514563931,1.5370225812843028,0.6597806123007349
13.975000000000001,0.3856617260094837,1.5368377340338455,0.6598794804895586
14.0,0.3859031046192021,1.5366521017776613,0.6599782258398282
14.025,0.3861433958726341,1.5364656892779014,0.6600768461431764
14.05,0.3863826082853398,1.5362785012718314,0.6601753392377581
14.075,0.38662075030199855,1.536090542471928,0.6602737030075961
14.100000000000001,0.3868578302970473,1.5359018175659749,0.6603719353819344
14.125,0.38709385657531303,1.5357123312171592,0.6604700343345994
14.15,0.38732883737263873,1.5355220880641682,0.6605679978833701
14.175,0.38756278085650314,1.5353310927212855,0.6606658240893553
14.2,0.38779569512663453,1.5351393497784873,0.66076351105638
14.225000000000001,0.3880275882156184,1.5349468638015387,0.6608610569303782
14.25,0.38825846808949915,1.5347536393320906,0.6609584598987945
14.275,0.38848834264837595,1.5345596808877762,0.6610557181899931
14.3,0.3887172197269927,1.5343649929623064,0.6611528300726737
14.325,0.38894510709532215,1.5341695800255675,0.6612497938552959
14.350000000000001,0.38917201245914457,1.5339734465237163,0.6613466078855103
14.375,0.38939794346062034,1.5337765968792771,0.6614432705495964
14.4,0.38962290767885754,1.5335790354912382,0.6615397802719091
14.425,0.38984691263047333,1.5333807667351473,0.6616361355143306
14.45,0.3900699657701504,1.5331817949632087,0.6617323347757309
14.475000000000001,0.3902920744911879,1.5329821245043787,0.6618283765914335
14.5,0.39051324612604676,1.5327817596644615,0.6619242595326893
14.525,0.39073348794689006,1.5325807047262061,0.6620199822061569
14.55,0.39095280716611797,1.5323789639494017,0.6621155432533887
14.575,0.39117121093689744,1.5321765415709734,0.662210941350325
14.600000000000001,0.39138870635368717,1.531973441805078,0.6623061752067931
14.625,0.39160530045275704,1.5317696688432008,0.662401243566014
14.65,0.3918210002127027,1.531565226854249,0.6624961452041147
14.675,0.3920358125549554,1.5313601199846494,0.6625908789296467
14.7,0.3922497443442865,1.5311543523584428,0.6626854435831115
14.725000000000001,0.3924628023893077,1.5309479280773792,0.6627798380364912
14.75,0.39267499344296586,1.5307408512210137,0.6628740611927854
14.775,0.3928863242030335,1.5305331258468007,0.6629681119855542
14.8,0.3930968013125945,1.5303247559901896,0.663061989378467
14.825,0.39330643136052496,1.5301157456647196,0.6631556923648576
14.850000000000001,0.3935152208819698,1.5299060988621143,0.6632492199672834
14.875,0.39372317635881443,1.5296958195523758,0.663342571237092
14.9,0.3939303042201523,1.52948491168388,0.6634357452539926
14.925,0.39413661084274776,1.529273379183471,0.6635287411256331
14.95,0.3943421025514945,1.5290612259565541,0.6636215579871821
14.975000000000001,0.39454678561986967,1.5288484558871915,0.6637141950009172
15.0,0.3947506662703839,1.5286350728381948,0.6638066513558177
15.025,0.39495375067502675,1.5284210806512197,0.6638989262671631
15.05,0.3951560449557079,1.5282064831468591,0.6639910189761363
15.075,0.39535755518469456,1.5279912841247372,0.6640829287494329
15.100000000000001,0.39555828738504434,1.5277754873636016,0.6641746548788737
15.125,0.3957582475310342,1.5275590966214174,0.6642661966810245
15.15,0.3959574415485854,1.5273421156354603,0.6643575534968188
15.175,0.3961558753156843,1.5271245481224087,0.6644487246911863
15.2,0.3963535546627992,1.5269063977784365,0.6645397096526866
15.225000000000001,0.39655048537329346,1.5266876682793056,0.6646305077931463
15.25,0.39674667318383455,1.5264683632804585,0.6647211185473021
15.275,0.39694212378479915,1.5262484864171098,0.6648115413724479
15.3,0.39713684282067485,1.5260280413043383,0.6649017757480867
15.325,0.39733083589045765,1.525807031537179,0.6649918211755865
15.350000000000001,0.3975241085480459,1.5255854606907142,0.6650816771778413
15.375,0.39771666630263064,1.5253633323201647,0.665171343298936
15.4,0.3979085146190822,1.5251406499609814,0.6652608191038162
15.425,0.39809965891833327,1.5249174171289357,0.6653501041779616
15.45,0.39829010457775804,1.5246936373202105,0.6654391981270641
15.475000000000001,0.39847985693154847,1.5244693140114907,0.66552810057671
15.5,0.3986689212710864,1.5242444506600534,0.6656168111720661
15.525,0.3988573028453125,1.5240190507038582,0.6657053295775701
15.55,0.39904500686109196,1.5237931175616364,0.6657936554766254
15.575,0.39923203848357625,1.5235666546329814,0.6658817885712989
15.600000000000001,0.3994184028365621,1.5233396652984375,0.6659697285820234
15.625,0.3996041050028468,1.5231121529195897,0.6660574752473042
15.65,0.39978915002458026,1.5228841208391524,0.6661450283234286
15.675,0.3999735429036139,1.522655572381058,0.6662323875841799
15.7,0.40015728860184635,1.5224265108505457,0.666319552820555
15.725000000000001,0.40034039204156563,1.5221969395342498,0.6664065238404855
15.75,0.4005228581057886,1.5219668617002875,0.6664933004685627
15.775,0.40070469163859707,1.5217362805983468,0.666579882545766
15.8,0.40088589744547076,1.5215051994597744,0.6666662699291946
15.825,0.40106648029361724,1.5212736214976628,0.6667524624918041
15.850000000000001,0.40124644491229894,1.5210415499069376,0.6668384601221441
15.875,0.4014257959931569,1.5208089878644444,0.6669242627241018
15.9,0.40160453819053193,1.520575938529035,0.667009870216647
15.925,0.4017826761217824,1.5203424050416543,0.6670952825335821
15.95,0.40196021436759943,1.5201083905254265,0.6671804996232936
15.975000000000001,0.40213715747231893,1.5198738980857405,0.6672655214485088
16.0,0.4023135099442311,1.5196389308103362,0.6673503479860542
16.025,0.40248927625588676,1.5194034917693893,0.6674349792266177
16.05,0.40266446084440116,1.5191675840155967,0.6675194151745139
16.075,0.40283906811175485,1.518931210584262,0.6676036558474526
16.1,0.40301310242509175,1.5186943744933792,0.6676877012763104
16.125,0.4031865681170147,1.5184570787437173,0.6677715515049047
16.15,0.40335946948587825,1.518219326318905,0.6678552065897718
16.175,0.40353181079607864,1.5179811201855142,0.6679386665999466
16.2,0.4037035962783413,1.5177424632931438,0.6680219316167466
16.225,0.40387483013000564,1.5175033585745026,0.6681050017335578
16.25,0.4040455165153073,1.5172638089454926,0.6681878770556238
16.275,0.40421565956565786,1.5170238173052926,0.6682705576998377
16.3,0.404385263379922,1.5167833865364395,0.668353043794537
16.325,0.40455433202469204,1.5165425195049116,0.6684353354793006
16.35,0.4047228695345602,1.51630121906021,0.6685174329047492
16.375,0.4048908799123882,1.5160594880354412,0.668599336232348
16.4,0.40505836712957444,1.5158173292473975,0.6686810456342122
16.425,0.405225335126319,1.5155747454966388,0.6687625612929146
16.45,0.40539178781188584,1.5153317395675738,0.668843883401297
16.475,0.4055577290648631,1.5150883142285405,0.6689250121622828
16.5,0.4057231627334207,1.5148444722318863,0.669005947788693
16.525,0.40588809263556563,1.5146002163140488,0.6690866905030639
16.55,0.4060525225593953,1.514355549195635,0.6691672405374681
16.575,0.40621645626334807,1.5141104735815014,0.6692475981333375
16.6,0.4063798974764521,1.513864992160833,0.6693277635412885
16.625,0.4065428498985714,1.5136191076072223,0.6694077370209504
16.65,0.4067053172006503,1.5133728225787488,0.6694875188407945
16.675,0.40686730302495483,1.5131261397180567,0.6695671092779675
16.7,0.4070288109853131,1.512879061652433,0.6696465086181256
16.725,0.40718984466735253,1.5126315909938863,0.6697257171552718
16.75,0.40735040762873537,1.512383730339224,0.669804735191595
16.775,0.4075105033993922,1.5121354822701292,0.6698835630373111
16.8,0.4076701354817531,1.5118868493532387,0.669962201010507
16.825,0.407829307350977,1.5116378341402195,0.6700406494369857
16.85,0.4079880224551787,1.511388439167845,0.6701189086501147
16.875,0.40814628421565413,1.5111386669580713,0.6701969789906755
16.9,0.4083040960271036,1.510888520018114,0.6702748608067156
16.925,0.40846146125785265,1.5106380008405225,0.6703525544534025
16.95,0.40861838325007155,1.5103871119032568,0.6704300602928795
16.975,0.4087748653199923,1.510135855669762,0.6705073786941241
17.0,0.4089309107581241,1.5098842345890429,0.6705845100328075
17.025,0.40908652282946667,1.5096322510957392,0.6706614546911567
17.05,0.4092417047737218,1.509379907610199,0.670738213057818
17.075000000000003,0.40939645980550293,1.509127206538554,0.6708147855277231
17.1,0.4095507911145429,1.5088741502727914,0.6708911725019563
17.125,0.40970470186589997,1.5086207411908295,0.6709673743876239
17.15,0.40985819520016176,1.508366981656589,0.6710433915977255
17.175,0.4100112742336477,1.5081128740200669,0.671119224551027
17.200000000000003,0.41016394205860945,1.5078584206174088,0.6711948736719352
17.225,0.4103162017434297,1.5076036237709811,0.6712703393903745
17.25,0.410468056332819,1.5073484857894432,0.6713456221416649
17.275,0.4106195088480113,1.5070930089678192,0.6714207223664025
17.3,0.41077056228695713,1.506837195587569,0.6714956405103403
17.325000000000003,0.4109212196245156,1.5065810479166601,0.6715703770242721
17.35,0.4110714838126446,1.506324568209638,0.6716449323639176
17.375,0.41122135778058894,1.5060677587076967,0.6717193069898084
17.4,0.4113708444350676,1.5058106216387492,0.6717935013671767
17.425,0.4115199466604585,1.505553159217498,0.6718675159658448
17.450000000000003,0.41166866731898216,1.505295373645504,0.6719413512601164
17.475,0.4118170092508837,1.505037267111256,0.6720150077286698
17.5,0.41196497527461307,1.5047788417902408,0.6720884858544521
17.525,0.4121125681870037,1.504520099845011,0.672161786124575
17.55,0.41225979076344993,1.5042610434252544,0.6722349090302124
17.575000000000003,0.4124066457580824,1.5040016746678615,0.6723078550664993
17.6,0.41255313590394216,1.5037419956969946,0.6723806247324319
17.625,0.4126992639131534,1.5034820086241545,0.6724532185307697
17.65,0.41284503247709436,1.5032217155482486,0.6725256369679383
17.675,0.4129904442665669,1.5029611185556577,0.6725978805539345
17.700000000000003,0.41313550193196463,1.5027002197203034,0.6726699498022318
17.725,0.4132802081034396,1.5024390211037142,0.6727418452296878
17.75,0.41342456539106714,1.5021775247550917,0.6728135673564531
17.775,0.41356857638501004,1.5019157327113777,0.672885116705881
17.8,0.4137122436556805,1.5016536469973187,0.6729564938044391
17.825000000000003,0.4138555697539012,1.5013912696255323,0.6730276991816218
17.85,0.4139985572110647,1.5011286025965715,0.6730987333698639
17.875,0.41414120853929165,1.5008656478989908,0.6731695969044565
17.9,0.4142835262315873,1.5006024075094098,0.6732402903234627
17.925,0.4144255127619972,1.500338883392578,0.6733108141676353
17.950000000000003,0.41456717058576076,1.5000750775014389,0.6733811689803361
17.975,0.4147085021394645,1.499810991777194,0.6734513553074555
18.0,0.41484950984119295,1.4995466281493657,0.6735213736973341
18.025,0.41499019609067894,1.499281988535861,0.6735912247006849
18.05,0.4151305632694523,1.4990170748430347,0.6736609088705168
18.075000000000003,0.4152706137409872,1.4987518889657514,0.6737304267620594
18.1,0.4154103498508487,1.4984864327874485,0.673799778932689
18.125,0.4155497739268372,1.4982207081801981,0.6738689659418555
18.15,0.4156888882791324,1.497954717004769,0.6739379883510102
18.175,0.41582769520043594,1.4976884611106875,0.6740068467235351
18.200000000000003,0.4159661969661121,1.4974219423363004,0.6740755416246732
18.225,0.4161043958343282,1.4971551625088344,0.6741440736214598
18.25,0.4162422940461932,1.4968881234444575,0.6742124432826545
18.275,0.4163798938258954,1.4966208269483396,0.674280651178675
18.3,0.4165171973808389,1.4963532748147124,0.6743486978815308
18.325000000000003,0.4166542069017786,1.4960854688269296,0.6744165839647596
18.35,0.4167909245629546,1.4958174107575264,0.6744843100033624
18.375,0.4169273525222247,1.4955491023682792,0.6745518765737419
18.4,0.4170634929211966,1.495280545410264,0.6746192842536404
18.425,0.41719934788535845,1.4950117416239161,0.6746865336220788
18.450000000000003,0.41733491952420826,1.4947426927390883,0.6747536252592972
18.475,0.4174702099313824,1.494473400475109,0.674820559746696
18.5,0.4176052211847829,1.4942038665408406,0.6748873376667779
18.525,0.4177399553467038,1.493934092634737,0.6749539596030907
18.55,0.41787441446395607,1.4936640804449017,0.6750204261401712
18.575000000000003,0.41800860056799205,1.4933938316491437,0.6750867378634904
18.6,0.4181425156750281,1.493123347915036,0.6751528953593984
18.625,0.41827616178616683,1.4928526308999717,0.6752188992150714
18.65,0.41840954088751797,1.49258168225122,0.6752847500184588
18.675,0.4185426549503183,1.4923105036059827,0.6753504483582315
18.700000000000003,0.41867550593105035,1.492039096591451,0.6754159948237309
18.725,0.41880809577156064,1.4917674628248594,0.6754813900049185
18.75,0.4189404263991762,1.4914956039135423,0.6755466344923267
18.775,0.41907249972682065,1.491223521454989,0.6756117288770102
18.8,0.4192043176531289,1.4909512170368981,0.6756766737504982
18.825000000000003,0.4193358820625612,1.4906786922372328,0.6757414697047476
18.85,0.4194671948255163,1.4904059486242744,0.6758061173320963
18.875,0.4195982577984429,1.4901329877566774,0.675870617225218
18.9,0.41972907282395117,1.489859811183522,0.6759349699770775
18.925,0.4198596417309226,1.489586420444369,0.6759991761808865
18.950000000000003,0.4199899663346192,1.489312817069312,0.6760632364300604
18.975,0.42012004843679185,1.4890390025790314,0.6761271513181759
19.0,0.4202498898257875,1.488764978484847,0.676190921438929
19.025,0.4203794922766556,1.4884907462887695,0.6762545473860937
19.05,0.42050885755125367,1.4882163074835544,0.6763180297534818
19.075000000000003,0.42063798739835184,1.4879416635527525,0.676381369134903
19.1,0.4207668835537367,1.487666815970763,0.6764445661241258
19.125,0.42089554774031407,1.487391766202884,0.6765076213148392
19.15,0.42102398166821103,1.4871165157053645,0.6765705353006146
19.175,0.4211521870348771,1.4868410659254554,0.6766333086748689
19.200000000000003,0.4212801655251844,1.4865654183014594,0.676695942030828
19.225,0.42140791881152717,1.4862895742627826,0.6767584359614907
19.25,0.42153544855392044,1.4860135352299841,0.6768207910595937
19.275,0.4216627564000977,1.4857373026148264,0.6768830079175769
19.3,0.4217898439856079,1.4854608778203249,0.6769450871275493
19.325000000000003,0.4219167129339116,1.4851842622407976,0.6770070292812556
19.35,0.4220433648564761,1.4849074572619145,0.6770688349700432
19.375,0.42216980135287024,1.4846304642607466,0.6771305047848304
19.4,0.42229602401085814,1.4843532846058147,0.6771920393160741
19.425,0.4224220344064919,1.4840759196571376,0.677253439153739
19.450000000000003,0.42254783410420393,1.4837983707662807,0.6773147048872673
19.475,0.4226734246568984,1.4835206392764047,0.6773758371055479
19.5,0.4227988076060417,1.483242726522312,0.6774368363968878
19.525,0.42292398448175256,1.482964633830496,0.6774977033489825
19.55,0.4230489568028909,1.482686362519187,0.6775584385488881
19.575000000000003,0.4231737260771464,1.4824079138984003,0.677619042582993
19.6,0.423298293801126,1.4821292892699824,0.6776795160369907
19.625,0.423422661460441,1.4818504899276586,0.6777398594958532
19.65,0.4235468305297931,1.481571517157078,0.6778000735438042
19.675,0.4236708024730599,1.481292372235861,0.6778601587642934
19.700000000000003,0.42379457874337956,1.4810130564336448,0.6779201157399711
19.725,0.423918160783235,1.4807335710121285,0.6779799450526637
19.75,0.4240415500245373,1.4804539172251199,0.6780396472833485
19.775,0.42416474788870806,1.4801740963185792,0.6780992230121307
19.8,0.4242877557867616,1.4798941095306655,0.6781586728182188
19.825000000000003,0.4244105751193862,1.4796139580917802,0.6782179972799027
19.85,0.42453320727702465,1.479333643224613,0.6782771969745305
19.875,0.4246556536399543,1.4790531661441848,0.6783362724784863
19.9,0.4247779155783662,1.478772528057893,0.6783952243671687
19.925,0.42489999445244386,1.4784917301655547,0.6784540532149697
19.950000000000003,0.42502189161244114,1.4782107736594503,0.6785127595952533
19.975,0.42514360839875953,1.4779296597243676,0.6785713440803358
20.0,0.4252651461420249,1.4776483895376442,0.6786298072414654
20.025,0.4253865061631634,1.477366964269211,0.6786881496488023
20.05,0.4255076897734773,1.4770853850816352,0.6787463718714003
20.075000000000003,0.4256286982747192,1.4768036531301616,0.6788044744771874
20.1,0.4257495329591666,1.4765217695627566,0.6788624580329473
20.125,0.42587019510969537,1.4762397355201489,0.6789203231043021
20.15,0.42599068599985257,1.4759575521358723,0.6789780702556937
20.175,0.426111006893929,1.475675220536307,0.6790357000503674
20.200000000000003,0.4262311590470309,1.475392741840721,0.6790932130503545
20.225,0.4263511437051511,1.475110117161311,0.679150609816456
20.25,0.42647096210523944,1.4748273476032447,0.6792078909082264
20.275,0.42659061547527305,1.4745444342647,0.6792650568839578
20.3,0.42671010503432566,1.4742613782369067,0.6793221083006644
20.325000000000003,0.4268294319926363,1.473978180604186,0.6793790457140678
20.35,0.4269485975516778,1.4736948424439917,0.6794358696785818
20.375,0.4270676029042244,1.4734113648269493,0.679492580747298
20.4,0.42718644923441895,1.4731277488168961,0.6795491794719719
20.425,0.42730513771783946,1.4728439954709205,0.6796056664030091
20.450000000000003,0.42742366952156535,1.4725601058394018,0.6796620420894517
20.475,0.4275420458042427,1.4722760809660487,0.6797183070789652
20.5,0.42766026771614957,1.4719919218879385,0.6797744619178259
20.525,0.42777833639926016,1.471707629635556,0.6798305071509081
20.55,0.4278962529873089,1.471423205232832,0.6798864433216721
20.575000000000003,0.42801401860585375,1.4711386496971808,0.6799422709721522
20.6,0.4281316343723393,1.4708539640395393,0.679997990642945
20.625,0.42824910139615896,1.4705691492644044,0.6800536028731983
20.65,0.4283664207787168,1.470284206369871,0.6801091082005999
20.675,0.42848359361348903,1.4699991363476685,0.6801645071613669
20.700000000000003,0.4286006209860849,1.4697139401831998,0.6802198002902353
20.725,0.42871750397430686,1.4694286188555767,0.6802749881204497
20.75,0.42883424364821054,1.4691431733376579,0.6803300711837535
20.775,0.42895084107016423,1.4688576045960848,0.6803850500103791
20.8,0.42906729729490767,1.468571913591319,0.6804399251290385
20.825000000000003,0.4291836133696104,1.4682861012776776,0.6804946970669143
20.85,0.42929979033392995,1.4680001686033701,0.680549366349651
20.875,0.42941582922006905,1.467714116510534,0.6806039335013458
20.9,0.42953173105283277,1.4674279459352704,0.6806583990445408
20.925,0.42964749684968506,1.4671416578076792,0.6807127635002146
20.950000000000003,0.4297631276208048,1.4668552530518957,0.6807670273877743
20.975,0.4298786243691415,1.466568732586124,0.6808211912250483
21.0,0.4299939880904703,1.4662820973226736,0.6808752555282782
21.025,0.4301092197734469,1.4659953481679926,0.6809292208121125
21.05,0.43022432039966185,1.4657084860227034,0.6809830875895987
21.075000000000003,0.4303392909436942,1.4654215117816372,0.6810368563721773
21.1,0.4304541323731651,1.4651344263338668,0.6810905276696747
21.125,0.4305688456487907,1.4648472305627422,0.6811441019902975
21.15,0.43068343172443474,1.4645599253459236,0.681197579840626
21.175,0.4307978915471606,1.4642725115554152,0.6812509617256085
21.200000000000003,0.430912226057283,1.4639849900575983,0.6813042481485554
21.225,0.43102643618841957,1.4636973617132656,0.681357439611134
21.25,0.43114052286754134,1.4634096273776531,0.6814105366133633
21.275,0.4312544870150234,1.4631217879004739,0.6814635396536086
21.3,0.43136832954469484,1.4628338441259503,0.681516449228577
21.325000000000003,0.4314820513638887,1.4625457968928466,0.6815692658333125
21.35,0.43159565337349076,1.4622576470345017,0.6816219899611915
21.375,0.4317091364679889,1.4619693953788608,0.6816746221039187
21.4,0.43182250153552115,1.461681042748508,0.6817271627515229
21.425,0.431935749457924,1.4613925899606979,0.681779612392353
21.450000000000003,0.43204888111078,1.4611040378273867,0.6818319715130742
21.475,0.4321618973634651,1.4608153871552647,0.6818842405986646
21.5,0.4322747990791956,1.460526638745787,0.6819364201324117
21.525,0.4323875871150746,1.4602377933952047,0.6819885105959093
21.55,0.43250026232213823,1.459948851894596,0.6820405124690541
21.575000000000003,0.4326128255454016,1.459659815029897,0.6820924262300431
21.6,0.432725277623904,1.4593706835819322,0.6821442523553707
21.625,0.4328376193907541,1.459081458326445,0.6821959913198263
21.65,0.4329498516731747,1.4587921400341284,0.6822476435964917
21.675,0.4330619752925469,1.4585027294706543,0.6822992096567388
21.700000000000003,0.4331739910644545,1.4582132273967043,0.6823506899702279
21.725,0.43328589979872706,1.457923634567999,0.6824020850049048
21.75,0.43339770229948377,1.4576339517353272,0.6824533952270003
21.775,0.43350939936517613,1.457344179644577,0.6825046211010274
21.8,0.4336209917886305,1.457054319036763,0.68255576308978
21.825000000000003,0.4337324803570906,1.4567643706480573,0.6826068216543322
21.85,0.4338438658522593,1.456474335209817,0.6826577972540361
21.875,0.43395514905034016,1.4561842134486138,0.6827086903465213
21.9,0.43406633072207884,1.4558940060862624,0.6827595013876936
21.925,0.43417741163280404,1.4556037138398492,0.6828102308317344
21.950000000000003,0.43428839254246804,1.4553133374217606,0.6828608791310999
21.975,0.43439927420568697,1.4550228775397107,0.6829114467365203
22.0,0.43451005737178094,1.45473233489677,0.6829619340969995
22.025,0.4346207427848135,1.454441710191393,0.6830123416598147
22.05,0.43473133118363105,1.4541510041174452,0.6830626698705164
22.075000000000003,0.4348418233019021,1.4538602173642323,0.6831129191729279
22.1,0.43495221986815547,1.4535693506165257,0.6831630900091455
22.125,0.4350625216058193,1.4532784045545908,0.6832131828195388
22.15,0.4351727292332588,1.4529873798542141,0.6832631980427505
22.175,0.43528284346381396,1.4526962771867298,0.6833131361156971
22.200000000000003,0.4353928650058375,1.4524050972190465,0.6833629974735694
22.225,0.43550279456273167,1.4521138406136744,0.6834127825498327
22.25,0.4356126328329853,1.4518225080287512,0.6834624917762279
22.275,0.43572238051021045,1.4515311001180684,0.6835121255827717
22.3,0.43583203828317874,1.451239617531098,0.6835616843977583
22.325000000000003,0.4359416068358574,1.450948060913018,0.6836111686477595
22.35,0.4360510868474451,1.4506564309047387,0.6836605787576264
22.375,0.4361604789924072,1.450364728142928,0.6837099151504903
22.4,0.43626978394051114,1.4500729532600374,0.683759178247764
22.425,0.43637900235686145,1.4497811068843272,0.6838083684691431
22.450000000000003,0.43648813490193417,1.4494891896398918,0.6838574862326074
22.475,0.43659718223161137,1.449197202146685,0.6839065319544231
22.5,0.4367061449972153,1.448905145020545,0.6839555060491431
22.525,0.43681502384554194,1.448613018873219,0.68400440892961
22.55,0.4369238194188951,1.4483208243123882,0.6840532410069572
22.575000000000003,0.43703253235511913,1.4480285619416924,0.6841020026906109
22.6,0.4371411632876325,1.4477362323607543,0.6841506943882923
22.625,0.43724971284546005,1.4474438361652038,0.6841993165060194
22.65,0.4373581816532661,1.4471513739467023,0.6842478694481091
22.675,0.4374665703313863,1.4468588462929668,0.6842963536171796
22.700000000000003,0.43757487949585977,1.4465662537877932,0.6843447694141523
22.725,0.4376831097584609,1.4462735970110812,0.6843931172382549
22.75,0.43779126172673094,1.4459808765388564,0.6844413974870229
22.775,0.4378993360040091,1.4456880929432954,0.6844896105563029
22.8,0.4380073331894637,1.445395246792748,0.6845377568402543
22.825000000000003,0.43811525387812306,1.4451023386517607,0.6845858367313529
22.85,0.43822309866090575,1.4448093690811001,0.6846338506203928
22.875,0.4383308681246512,1.4445163386377753,0.6846817988964898
22.9,0.43843856285214966,1.4442232478750612,0.6847296819470838
22.925,0.4385461834221719,1.443930097342521,0.6847775001579418
22.950000000000003,0.43865373040949907,1.443636887586029,0.6848252539131608
22.975,0.43876120438495186,1.4433436191477926,0.6848729435951713
23.0,0.4388686059154198,1.4430502925663746,0.6849205695847395
23.025,0.43897593556389014,1.442756908376716,0.6849681322609712
23.05,0.4390831938894764,1.442463467110157,0.6850156320013149
23.075000000000003,0.43919038144744715,1.4421699692944603,0.6850630691815645
23.1,0.43929749878925384,1.4418764154538315,0.6851104441758633
23.125,0.4394045464625592,1.4415828061089415,0.685157757356707
23.15,0.43951152501126495,1.441289141776948,0.6852050090949472
23.175,0.4396184349755392,1.4409954229715167,0.6852521997597947
23.200000000000003,0.43972527689184415,1.4407016502028431,0.6852993297188233
23.225,0.439832051292963,1.4404078239776728,0.6853463993379734
23.25,0.439938758708027,1.440113944799323,0.685393408981555
23.275,0.44004539966254225,1.4398200131677037,0.6854403590122523
23.3,0.4401519746784162,1.4395260295793382,0.6854872497911269
23.325000000000003,0.440258484273984,1.4392319945273835,0.6855340816776212
23.35,0.44036492896403456,1.4389379085016516,0.6855808550295629
23.375,0.4404713092598366,1.4386437719886291,0.6856275702031686
23.4,0.44057762566916425,1.4383495854714983,0.6856742275530474
23.425,0.44068387869632275,1.4380553494301567,0.6857208274322053
23.450000000000003,0.44079006884217364,1.4377610643412375,0.6857673701920488
23.475,0.4408961966041599,1.4374667306781297,0.6858138561823891
23.5,0.44100226247633106,1.4371723489109973,0.685860285751446
23.525,0.44110826694936767,1.4368779195067998,0.685906659245852
23.55,0.44121421051060616,1.4365834429293112,0.6859529770106569
23.575000000000003,0.4413200936440631,1.43628891963914,0.6859992393893312
23.6,0.44142591683045923,1.4359943500937482,0.6860454467237707
23.625,0.4415316805472437,1.4356997347474711,0.6860915993543008
23.65,0.4416373852686177,1.4354050740515358,0.6861376976196805
23.675,0.44174303146555827,1.4351103684540805,0.6861837418571068
23.700000000000003,0.4418486196058416,1.4348156184001737,0.6862297324022195
23.725,0.4419541501540663,1.4345208243318326,0.6862756695891046
23.75,0.44205962357167655,1.4342259866880425,0.6863215537502994
23.775,0.44216504031698506,1.4339311059047746,0.6863673852167966
23.8,0.44227040084519575,1.4336361824150048,0.6864131643180492
23.825000000000003,0.44237570560842626,1.4333412166487325,0.6864588913819744
23.85,0.4424809550557304,1.4330462090329985,0.6865045667349582
23.875,0.4425861496331203,1.432751159991903,0.6865501907018603
23.9,0.4426912897835887,1.432456069946624,0.6865957636060184
23.925,0.44279637594713045,1.4321609393154353,0.6866412857692527
23.950000000000003,0.44290140856076454,1.431865768513724,0.6866867575118706
23.975,0.44300638805855547,1.4315705579540086,0.6867321791526713
24.0,0.44311131487163474,1.4312753080459566,0.6867775510089504
24.025,0.443216189428222,1.430980019196402,0.6868228733965049
24.05,0.44332101215364605,1.4306846918093623,0.6868681466296374
24.075000000000003,0.44342578347036593,1.430389326286057,0.6869133710211608
24.1,0.4435305037979914,1.4300939230249232,0.6869585468824035
24.125,0.44363517355330384,1.4297984824216345,0.6870036745232141
24.15,0.4437397931502763,1.4295030048691169,0.6870487542519654
24.175,0.443844363000094,1.4292074907575656,0.6870937863755603
24.200000000000003,0.44394888351117445,1.4289119404744626,0.6871387711994356
24.225,0.4440533550891873,1.428616354404593,0.6871837090275675
24.25,0.4441577781370742,1.4283207329300616,0.6872286001624763
24.275,0.44426215305506844,1.42802507643031,0.6872734449052309
24.3,0.44436648024071457,1.4277293852821322,0.6873182435554539
24.325000000000003,0.4444707600888875,1.4274336598596913,0.6873629964113267
24.35,0.4445749929918119,1.427137900534536,0.687407703769594
24.375,0.44467917933908135,1.4268421076756161,0.6874523659255691
24.4,0.444783319517677,1.4265462816492998,0.6874969831731385
24.425,0.44488741391198666,1.426250422819388,0.6875415558047666
24.450000000000003,0.4449914629038231,1.4259545315471314,0.6875860841115015
24.475,0.4450954668724427,1.4256586081912457,0.6876305683829791
24.5,0.44519942619456404,1.4253626531079278,0.6876750089074286
24.525,0.44530334124438564,1.425066666650871,0.6877194059716771
24.55,0.4454072123936044,1.42477064917128,0.6877637598611548
24.575000000000003,0.44551104001143343,1.4244746010178873,0.6878080708598999
24.6,0.4456148244646198,1.4241785225369679,0.6878523392505639
24.625,0.4457185661174623,1.423882414072355,0.687896565314416
24.65,0.44582226533182895,1.423586275965454,0.6879407493313486
24.675,0.44592592246717433,1.4232901085552592,0.6879848915798823
24.700000000000003,0.446029537880557,1.4229939121783672,0.6880289923371707
24.725,0.4461331119266565,1.422697687168993,0.6880730518790057
24.75,0.4462366449577905,1.4224014338589834,0.6881170704798222
24.775,0.44634013732393146,1.4221051525778334,0.6881610484127035
24.8,0.4464435893727237,1.4218088436526992,0.6882049859493863
24.825000000000003,0.4465470014494998,1.4215125074084138,0.6882488833602654
24.85,0.44665037389729717,1.4212161441675006,0.6882927409143991
24.875,0.44675370705687445,1.4209197542501883,0.6883365588795143
24.9,0.4468570012667277,1.4206233379744253,0.6883803375220114
24.925,0.44696025686310675,1.420326895655893,0.6884240771069695
24.950000000000003,0.44706347418003095,1.4200304276080207,0.6884677778981513
24.975,0.4471666535493052,1.4197339341419992,0.6885114401580084
25.0,0.4472697953005357,1.419437415566795,0.688555064147686
25.025000000000002,0.4473728997611456,1.4191408721891638,0.6885986501270286
25.05,0.4474759672563906,1.4188443043136647,0.6886421983545844
25.075,0.4475789981093744,1.418547712242673,0.688685709087611
25.1,0.4476819926410638,1.418251096276395,0.6887291825820798
25.125,0.4477849511703041,1.4179544567128801,0.688772619092682
25.150000000000002,0.4478878740138342,1.4176577938480357,0.6888160188728326
25.175,0.4479907614863013,1.4173611079756394,0.6888593821746763
25.2,0.44809361390027613,1.4170643993873528,0.6889027092490924
25.225,0.4481964315662674,1.4167676683727344,0.6889460003456994
25.25,0.44829921479273654,1.416470915219253,0.688989255712861
25.275000000000002,0.44840196388611236,1.4161741402123003,0.6890324755976901
25.3,0.4485046791508052,1.4158773436352043,0.6890756602460548
25.325,0.44860736088922143,1.4155805257692422,0.689118809902583
25.35,0.4487100094017776,1.4152836868936525,0.6891619248106674
25.375,0.4488126249869145,1.4149868272856483,0.6892050052124707
25.400000000000002,0.4489152079411113,1.41468994722043,0.689248051348931
25.425,0.4490177585588992,1.4143930469711974,0.689291063459766
25.45,0.44912027713287545,1.4140961268091627,0.689334041783479
25.475,0.44922276395371685,1.4137991870035627,0.6893769865573635
25.5,0.4493252193101935,1.4135022278216705,0.689419898017508
25.525000000000002,0.44942764348918207,1.413205249528809,0.6894627763988016
25.55,0.4495300367756794,1.412908252388362,0.6895056219349386
25.575,0.4496323994528156,1.4126112366617871,0.6895484348584237
25.6,0.44973473180186735,1.412314202608627,0.689591215400577
25.625,0.449837034102271,1.4120171504865224,0.6896339637915391
25.650000000000002,0.4499393066316354,1.4117200805512227,0.6896766802602758
25.675,0.45004154966575494,1.4114229930565987,0.6897193650345836
25.7,0.4501437634786223,1.4111258882546545,0.6897620183410944
25.725,0.45024594834244114,1.4108287663955381,0.6898046404052803
25.75,0.4503481045276387,1.4105316277275541,0.6898472314514591
25.775000000000002,0.4504502323028783,1.410234472497175,0.6898897917027987
25.8,0.4505523319350719,1.4099373009490521,0.6899323213813227
25.825,0.4506544036893922,1.4096401133260277,0.6899748207079146
25.85,0.45075644782928503,1.409342909869146,0.6900172899023237
25.875,0.4508584646164815,1.4090456908176638,0.6900597291831692
25.900000000000002,0.4509604543110099,1.4087484564090633,0.6901021387679454
25.925,0.45106241717120793,1.4084512068790613,0.6901445188730269
25.95,0.45116435345373435,1.4081539424616218,0.6901868697136733
25.975,0.4512662634135809,1.4078566633889664,0.6902291915040341
26.0,0.4513681473040839,1.4075593698915847,0.6902714844571535
26.025000000000002,0.45147000537693605,1.407262062198246,0.6903137487849758
26.05,0.4515718378821977,1.4069647405360097,0.6903559846983495
26.075,0.4516736450683085,1.4066674051302364,0.6903981924070329
26.1,0.4517754271820988,1.4063700562045975,0.6904403721196988
26.125,0.4518771844688007,1.4060726939810875,0.6904825240439387
26.150000000000002,0.4519789171720595,1.4057753186800328,0.6905246483862687
26.175,0.4520806255339447,1.4054779305201035,0.6905667453521336
26.2,0.45218230979496093,1.4051805297183229,0.6906088151459119
26.225,0.45228397019405914,1.4048831164900784,0.6906508579709207
26.25,0.45238560696864727,1.4045856910491314,0.6906928740294208
26.275000000000002,0.45248722035460115,1.4042882536076282,0.6907348635226206
26.3,0.45258881058627515,1.4039908043761091,0.6907768266506819
26.325,0.4526903778965129,1.4036933435635193,0.690818763612724
26.35,0.45279192251665773,1.4033958713772188,0.6908606746068288
26.375,0.45289344467656323,1.4030983880229921,0.6909025598300453
26.400000000000002,0.45299494460460366,1.4028008937050584,0.6909444194783949
26.425,0.4530964225276843,1.4025033886260814,0.6909862537468753
26.45,0.4531978786712515,1.4022058729871787,0.6910280628294657
26.475,0.45329931325930317,1.4019083469879323,0.6910698469191316
26.5,0.45340072651439867,1.4016108108263974,0.6911116062078294
26.525000000000002,0.45350211865766893,1.4013132646991129,0.6911533408865107
26.55,0.45360348990882626,1.4010157088011101,0.6911950511451276
26.575,0.45370484048617443,1.4007181433259228,0.6912367371726369
26.6,0.45380617060661843,1.4004205684655966,0.691278399157005
26.625,0.45390748048567403,1.400122984410698,0.6913200372852123
26.650000000000002,0.4540087703374777,1.399825391350324,0.6913616517432581
26.675,0.4541100403747961,1.3995277894721116,0.6914032427161652
26.7,0.45421129080903544,1.3992301789622466,0.691444810387984
26.725,0.45431252185025134,1.3989325600054725,0.6914863549417977
26.75,0.4544137337071579,1.3986349327851004,0.6915278765597266
26.775000000000002,0.45451492658713694,1.3983372974830175,0.6915693754229326
26.8,0.45461610069624764,1.3980396542796962,0.691610851711624
26.825,0.45471725623923537,1.3977420033542032,0.6916523056050596
26.85,0.45481839341954095,1.397444344884208,0.6916937372815538
26.875,0.45491951243930967,1.397146679045992,0.6917351469184805
26.900000000000002,0.45502061349940043,1.3968490060144576,0.691776534692278
26.925,0.45512169679939435,1.3965513259631357,0.6918179007784534
26.95,0.45522276253760396,1.396253639064196,0.6918592453515869
26.975,0.4553238109110817,1.3959559454884545,0.6919005685853366
27.0,0.45542484211562895,1.3956582454053823,0.6919418706524424
27.025000000000002,0.4555258563458044,1.3953605389831145,0.691983151724731
27.05,0.45562685379493284,1.395062826388458,0.69202441197312
27.075,0.45572783465511363,1.3947651077869,0.6920656515676223
27.1,0.45582879911722923,1.3944673833426176,0.6921068706773507
27.125,0.45592974737095354,1.394169653218484,0.6921480694705217
27.150000000000002,0.4560306796047604,1.3938719175760783,0.6921892481144606
27.175,0.45613159600593167,1.3935741765756933,0.6922304067756055
27.2,0.45623249676056565,1.3932764303763434,0.6922715456195117
27.225,0.45633338205358515,1.392978679135773,0.6923126648108555
27.25,0.4564342520687457,1.3926809230104644,0.6923537645134394
27.275000000000002,0.4565351069886436,1.3923831621556457,0.6923948448901959
27.3,0.4566359469947237,1.392085396725299,0.6924359061031915
27.325,0.4567367722672877,1.3917876268721683,0.6924769483136316
27.35,0.4568375829855018,1.391489852747767,0.6925179716818642
27.375,0.4569383793274046,1.3911920745023862,0.6925589763673845
27.400000000000002,0.4570391614699148,1.3908942922851018,0.6925999625288387
27.425,0.4571399295888391,1.3905965062437828,0.6926409303240285
27.45,0.4572406838588796,1.390298716525099,0.6926818799099155
27.475,0.45734142445364173,1.3900009232745283,0.6927228114426247
27.5,0.4574421515456414,1.389703126636364,0.6927637250774494
27.525000000000002,0.4575428653063129,1.389405326753723,0.6928046209688549
27.55,0.457643565906016,1.3891075237685528,0.6928454992704824
27.575,0.4577442535140437,1.3888097178216392,0.692886360135154
27.6,0.4578449282986291,1.3885119090526135,0.6929272037148758
27.625,0.4579455904269532,1.3882140975999597,0.6929680301608426
27.650000000000002,0.45804624006515177,1.3879162836010224,0.6930088396234417
27.675,0.4581468773783226,1.3876184671920133,0.6930496322522571
27.7,0.45824750253053276,1.387320648508019,0.6930904081960735
27.725,0.45834811568482553,1.3870228276830074,0.6931311676028802
27.75,0.45844871700322753,1.386725004849836,0.6931719106198752
27.775000000000002,0.45854930664675564,1.386427180140258,0.6932126373934692
27.8,0.4586498847754239,1.3861293536849293,0.6932533480692897
27.825,0.45875045154825045,1.3858315256134164,0.6932940427921848
27.85,0.4588510071232643,1.3855336960542022,0.693334721706227
27.875,0.4589515516575122,1.3852358651346937,0.6933753849547176
27.900000000000002,0.4590520853070653,1.3849380329812286,0.6934160326801903
27.925,0.4591526082270258,1.3846401997190823,0.6934566650244149
27.95,0.45925312057153367,1.384342365472474,0.6934972821284018
27.975,0.45935362249377315,1.3840445303645743,0.6935378841324051
28.0,0.4594541141459794,1.3837466945175114,0.6935784711759273
28.025000000000002,0.4595545956794449,1.3834488580523778,0.6936190433977223
28.05,0.4596550672445259,1.383151021089237,0.6936596009358
28.075,0.45975552899064887,1.3828531837471303,0.6937001439274296
28.1,0.4598559810663168,1.3825553461440825,0.6937406725091436
28.125,0.45995642361911565,1.3822575083971094,0.6937811868167415
28.150000000000002,0.4600568567957204,1.3819596706222237,0.6938216869852937
28.175,0.46015728074190143,1.3816618329344412,0.693862173149145
28.200000000000003,0.4602576956025306,1.3813639954477879,0.6939026454419187
28.225,0.4603581015215875,1.3810661582753054,0.6939431039965201
28.25,0.4604584986421654,1.3807683215290583,0.6939835489451402
28.275000000000002,0.4605588871064774,1.380470485320139,0.6940239804192595
28.3,0.4606592670558624,1.3801726497586755,0.6940643985496515
28.325000000000003,0.460759638630791,1.3798748149538365,0.6941048034663867
28.35,0.46086000197087157,1.3795769810138376,0.6941451952988358
28.375,0.46096035721485595,1.3792791480459479,0.6941855741756737
28.400000000000002,0.4610607045006454,1.3789813161564957,0.694225940224883
28.425,0.4611610439652964,1.3786834854508747,0.6942662935737577
28.450000000000003,0.46126137574502624,1.37838565603355,0.6943066343489064
28.475,0.4613616999752189,1.3780878280080635,0.6943469626762564
28.5,0.46146201679043075,1.3777900014770408,0.6943872786810571
28.525000000000002,0.46156232632439603,1.3774921765421961,0.6944275824878833
28.55,0.46166262871003244,1.3771943533043387,0.6944678742206388
28.575000000000003,0.4617629240794469,1.3768965318633783,0.6945081540025604
28.6,0.46186321256394086,1.3765987123183312,0.6945484219562208
28.625,0.4619634942940158,1.376300894767326,0.6945886782035322
28.650000000000002,0.4620637693993787,1.376003079307609,0.6946289228657502
28.675,0.4621640380089475,1.37570526603555,0.6946691560634766
28.700000000000003,0.46226430025085635,1.3754074550466477,0.6947093779166634
28.725,0.462364556252461,1.3751096464355361,0.6947495885446161
28.75,0.46246480614034396,1.374811840295989,0.6947897880659968
28.775000000000002,0.46256505004031995,1.374514036720926,0.694829976598828
28.8,0.4626652880774409,1.3742162358024184,0.6948701542604956
28.825000000000003,0.46276552037600127,1.3739184376316935,0.6949103211677528
28.85,0.46286574705954314,1.3736206422991415,0.6949504774367228
28.875,0.4629659682508612,1.3733228498943195,0.6949906231829027
28.900000000000002,0.4630661840720081,1.3730250605059582,0.6950307585211666
28.925,0.4631663946442991,1.3727272742219658,0.6950708835657688
28.950000000000003,0.46326660008831727,1.3724294911294344,0.6951109984303474
28.975,0.46336680052391854,1.3721317113146445,0.6951511032279272
29.0,0.4634669960702364,1.371833934863071,0.6951911980709232
29.025000000000002,0.46356718684568693,1.3715361618593875,0.695231283071144
29.05,0.4636673729679736,1.3712383923874722,0.6952713583397946
29.075000000000003,0.46376755455409213,1.3709406265304127,0.69531142398748
29.1,0.4638677317203352,1.3706428643705109,0.6953514801242083
29.125,0.4639679045822972,1.3703451059892882,0.695391526859394
29.150000000000002,0.46406807325487914,1.370047351467491,0.6954315643018607
29.175,0.4641682378522931,1.369749600885095,0.6954715925598451
29.200000000000003,0.46426839848806695,1.3694518543213103,0.6955116117409995
29.225,0.464368555275049,1.3691541118545871,0.695551621952395
29.25,0.4644687083254126,1.3688563735626196,0.6955916233005248
29.275000000000002,0.46456885775066065,1.368558639522351,0.6956316158913074
29.3,0.46466900366163016,1.3682609098099792,0.6956715998300895
29.325000000000003,0.4647691461684967,1.3679631845009605,0.6957115752216492
29.35,0.4648692853807788,1.3676654636700152,0.6957515421701989
29.375,0.4649694214073426,1.3673677473911319,0.6957915007793884
29.400000000000002,0.465069554356406,1.3670700357375727,0.6958314511523084
29.425,0.46516968433554323,1.3667723287818772,0.6958713933914926
29.450000000000003,0.46526981145168894,1.3664746265958676,0.6959113275989217
29.475,0.4653699358111428,1.3661769292506536,0.6959512538760257
29.5,0.46547005751957343,1.3658792368166364,0.6959911723236873
29.525000000000002,0.4655701766820231,1.3655815493635135,0.6960310830422445
29.55,0.4656702934029115,1.3652838669602836,0.6960709861314939
29.575000000000003,0.4657704077860402,1.3649861896752509,0.6961108816906934
29.6,0.46587051993459655,1.364688517576029,0.6961507698185653
29.625,0.46597062995115823,1.3643908507295466,0.6961906506132993
29.650000000000002,0.46607073793769693,1.3640931892020505,0.696230524172555
29.675,0.4661708439955826,1.3637955330591114,0.6962703905934653
29.700000000000003,0.46627094822558757,1.3634978823656272,0.6963102499726387
29.725,0.4663710507278903,1.3632002371858283,0.6963501024061627
29.75,0.46647115160207975,1.3629025975832807,0.6963899479896065
29.775000000000002,0.46657125094715896,1.3626049636208917,0.6964297868180236
29.8,0.4666713488615492,1.362307335360913,0.6964696189859548
29.825000000000003,0.46677144544309385,1.3620097128649458,0.6965094445874311
29.85,0.46687154078906223,1.3617120961939442,0.6965492637159764
29.875,0.4669716349961534,1.3614144854082204,0.69658907646461
29.900000000000002,0.46707172816050013,1.3611168805674483,0.6966288829258499
29.925,0.4671718203776726,1.3608192817306672,0.6966686831917154
29.950000000000003,0.4672719117426821,1.3605216889562868,0.6967084773537294
29.975,0.46737200234998505,1.3602241023020907,0.6967482655029218
30.0,0.46747209229348624,1.3599265218252405,0.6967880477298316
30.025000000000002,0.4675721816665431,1.3596289475822807,0.69682782412451
30.05,0.46767227056196875,1.359331379629141,0.6968675947765232
30.075000000000003,0.4677723590720363,1.359033818021142,0.6969073597749544
30.1,0.4678724472884819,1.3587362628129984,0.6969471192084074
30.125,0.46797253530250854,1.3584387140588228,0.6969868731650083
30.150000000000002,0.4680726232047898,1.3581411718121297,0.6970266217324089
30.175,0.4681727110854731,1.35784363612584,0.6970663649977891
30.200000000000003,0.46827279903418334,1.3575461070522838,0.6971061030478591
30.225,0.4683728871400264,1.3572485846432054,0.6971458359688628
30.25,0.4684729754915926,1.3569510689497661,0.6971855638465795
30.275000000000002,0.4685730641769602,1.3566535600225489,0.6972252867663271
30.3,0.46867315328369863,1.3563560579115612,0.6972650048129646
30.325000000000003,0.46877324289887207,1.3560585626662396,0.6973047180708942
30.35,0.46887333310904283,1.3557610743354531,0.6973444266240645
30.375,0.46897342400027453,1.3554635929675067,0.6973841305559724
30.400000000000002,0.4690735156581356,1.3551661186101458,0.697423829949666
30.425,0.4691736081677024,1.3548686513105588,0.6974635248877471
30.450000000000003,0.46927370161356285,1.3545711911153813,0.6975032154523733
30.475,0.4693737960798192,1.3542737380707,0.697542901725261
30.5,0.4694738916500916,1.3539762922220555,0.6975825837876876
30.525000000000002,0.46957398840752135,1.3536788536144468,0.6976222617204937
30.55,0.46967408643477376,1.3533814222923342,0.6976619356040862
30.575000000000003,0.4697741858140416,1.3530839982996428,0.69770160551844
30.6,0.4698742866270483,1.3527865816797664,0.6977412715431008
30.625,0.4699743889550507,1.3524891724755708,0.6977809337571877
30.650000000000002,0.47007449287884273,1.352191770729397,0.6978205922393952
30.675,0.47017459847875787,1.3518943764830647,0.6978602470679954
30.700000000000003,0.47027470583467257,1.3515969897778766,0.6978998983208412
30.725,0.4703748150260093,1.3512996106546202,0.6979395460753677
30.75,0.47047492613173947,1.3510022391535728,0.6979791904085951
30.775000000000002,0.4705750392303864,1.3507048753145035,0.6980188313971312
30.8,0.4706751544000284,1.3504075191766773,0.698058469117173
30.825000000000003,0.4707752717183016,1.3501101707788583,0.6980981036445096
30.85,0.470875391262403,1.3498128301593129,0.6981377350545245
30.875,0.4709755131090934,1.3495154973558128,0.6981773634221974
30.900000000000002,0.47107563733470015,1.3492181724056387,0.698216988822107
30.925,0.4711757640151201,1.3489208553455834,0.6982566113284331
30.950000000000003,0.47127589322582264,1.3486235462119547,0.6982962310149585
30.975,0.47137602504185216,1.3483262450405793,0.6983358479550718
31.0,0.47147615953783123,1.348028951866805,0.6983754622217692
31.025000000000002,0.47157629678796315,1.3477316667255044,0.6984150738876569
31.05,0.4716764368660349,1.3474343896510783,0.6984546830249535
31.075000000000003,0.4717765798454197,1.3471371206774583,0.6984942897054917
31.1,0.4718767257990801,1.3468398598381097,0.6985338940007207
31.125,0.4719768747995702,1.3465426071660356,0.6985734959817088
31.150000000000002,0.4720770269190388,1.3462453626937785,0.6986130957191448
31.175,0.47217718222923194,1.3459481264534248,0.6986526932833407
31.200000000000003,0.4722773408014954,1.3456508984766065,0.6986922887442336
31.225,0.47237750270677764,1.3453536787945053,0.6987318821713879
31.25,0.4724776680156321,1.345056467437855,0.6987714736339976
31.275000000000002,0.4725778367982202,1.344759264436944,0.6988110632008879
31.3,0.4726780091243135,1.3444620698216194,0.6988506509405178
31.325000000000003,0.4727781850632968,1.3441648836212892,0.6988902369209818
31.35,0.47287836468417,1.3438677058649247,0.6989298212100125
31.375,0.4729785480555514,1.3435705365810646,0.6989694038749819
31.400000000000002,0.47307873524567967,1.343273375797817,0.6990089849829042
31.425,0.47317892632241665,1.3429762235428624,0.6990485646004374
31.450000000000003,0.4732791213532497,1.3426790798434567,0.6990881427938854
31.475,0.4733793204052941,1.3423819447264338,0.6991277196292001
31.5,0.4734795235452959,1.3420848182182084,0.6991672951719832
31.525000000000002,0.47357973083963373,1.3417877003447791,0.6992068694874886
31.55,0.4736799423543218,1.3414905911317307,0.6992464426406241
31.575000000000003,0.47378015815501207,1.3411934906042375,0.6992860146959533
31.6,0.47388037830699653,1.3408963987870652,0.6993255857176978
31.625,0.47398060287520977,1.3405993157045744,0.6993651557697389
31.650000000000002,0.4740808319242312,1.3403022413807228,0.69940472491562
31.675,0.47418106551828754,1.3400051758390685,0.6994442932185478
31.700000000000003,0.4742813037212549,1.3397081191027715,0.6994838607413951
31.725,0.47438154659666126,1.3394110711945977,0.6995234275467019
31.75,0.47448179420768893,1.3391140321369202,0.6995629936966778
31.775000000000002,0.4745820466171764,1.3388170019517232,0.6996025592532039
31.8,0.474682303887621,1.3385199806606034,0.6996421242778345
31.825000000000003,0.4747825660811809,1.3382229682847737,0.6996816888317987
31.85,0.47488283325967745,1.3379259648450648,0.6997212529760031
31.875,0.4749831054845974,1.337628970361928,0.6997608167710329
31.900000000000002,0.475083382817095,1.3373319848554381,0.6998003802771539
31.925,0.47518366531799433,1.3370350083452958,0.6998399435543146
31.950000000000003,0.47528395304779136,1.3367380408508294,0.6998795066621477
31.975,0.4753842460666562,1.3364410823909987,0.6999190696599723
32.0,0.4754845444344351,1.3361441329843962,0.6999586326067953
32.025000000000006,0.4755848482106527,1.3358471926492503,0.6999981955613133
32.05,0.47568515745451423,1.3355502614034271,0.7000377585819146
32.075,0.47578547222490725,1.3352533392644337,0.700077321726681
32.1,0.4758857925804042,1.3349564262494196,0.7001168850533892
32.125,0.4759861185792641,1.3346595223751798,0.7001564486195128
32.150000000000006,0.47608645027943475,1.3343626276581568,0.7001960124822239
32.175,0.47618678773855483,1.3340657421144433,0.7002355766983951
32.2,0.4762871310139558,1.333768865759784,0.7002751413246012
32.225,0.4763874801626641,1.3334719986095782,0.7003147064171207
32.25,0.4764878352414028,1.333175140678883,0.7003542720319375
32.275000000000006,0.4765881963065941,1.3328782919824136,0.7003938382247428
32.3,0.47668856341436083,1.3325814525345476,0.7004334050509369
32.325,0.4767889366205286,1.332284622349326,0.7004729725656305
32.35,0.4768893159806279,1.331987801440456,0.7005125408236466
32.375,0.47698970154989573,1.3316909898213132,0.7005521098795222
32.400000000000006,0.4770900933832777,1.3313941875049433,0.70059167978751
32.425,0.4771904915354299,1.3310973945040652,0.7006312506015798
32.45,0.47729089606072095,1.3308006108310724,0.7006708223754204
32.475,0.4773913070132335,1.330503836498036,0.7007103951624412
32.5,0.4774917244467665,1.3302070715167058,0.7007499690157734
32.525000000000006,0.4775921484148369,1.3299103158985135,0.7007895439882723
32.55,0.4776925789706813,1.3296135696545741,0.7008291201325185
32.575,0.47779301616725817,1.3293168327956886,0.7008686975008196
32.6,0.4778934600572494,1.3290201053323454,0.7009082761452116
32.625,0.47799391069306213,1.3287233872747233,0.7009478561174608
32.650000000000006,0.4780943681268306,1.3284266786326928,0.7009874374690651
32.675,0.47819483241041794,1.3281299794158188,0.7010270202512557
32.7,0.47829530359541794,1.327833289633362,0.7010666045149987
32.725,0.4783957817331567,1.3275366092942815,0.7011061903109963
32.75,0.4784962668746946,1.3272399384072369,0.7011457776896889
32.775000000000006,0.47859675907082777,1.3269432769805898,0.7011853667012562
32.8,0.47869725837209,1.326646625022406,0.7012249573956189
32.825,0.4787977648287543,1.3263499825404579,0.70126454982244
32.85,0.47889827849083483,1.3260533495422258,0.7013041440311267
32.875,0.4789987994080884,1.3257567260349004,0.7013437400708314
32.900000000000006,0.4790993276300162,1.3254601120253848,0.7013833379904537
32.925,0.47919986320586544,1.3251635075202963,0.7014229378386415
32.95,0.479300406184631,1.324866912525968,0.7014625396637926
32.975,0.4794009566150571,1.324570327048451,0.701502143514056
33.0,0.479501514545639,1.3242737510935165,0.7015417494373339
33.025000000000006,0.4796020800246245,1.3239771846666577,0.7015813574812825
33.05,0.4797026531000157,1.3236806277730913,0.7016209676933136
33.075,0.47980323381957035,1.3233840804177595,0.7016605801205964
33.1,0.47990382223080363,1.3230875426053321,0.7017001948100584
33.125,0.4800044183809898,1.3227910143402084,0.7017398118083872
33.150000000000006,0.4801050223171635,1.3224944956265186,0.7017794311620317
33.175,0.4802056340861216,1.322197986468126,0.7018190529172036
33.2,0.4803062537344245,1.3219014868686287,0.7018586771198788
33.225,0.4804068813083978,1.3216049968313617,0.7018983038157989
33.25,0.4805075168541339,1.3213085163593978,0.701937933050472
33.275000000000006,0.48060816041749327,1.3210120454555505,0.701977564869175
33.3,0.48070881204410615,1.320715584122375,0.7020171993169539
33.325,0.480809471779374,1.3204191323621703,0.7020568364386263
33.35,0.480910139668471,1.3201226901769811,0.7020964762787817
33.375,0.4810108157563455,1.319826257568599,0.7021361188817835
33.400000000000006,0.48111150008772147,1.3195298345385649,0.7021757642917701
33.425,0.4812121927071,1.31923342108817,0.7022154125526562
33.45,0.4813128936587606,1.3189370172184582,0.7022550637081343
33.475,0.481413602986763,1.3186406229302274,0.7022947178016756
33.5,0.48151432073494804,1.3183442382240311,0.7023343748765319
33.525000000000006,0.4816150469469396,1.3180478631001804,0.7023740349757365
33.55,0.48171578166614565,1.3177514975587454,0.7024136981421053
33.575,0.4818165249357599,1.3174551415995572,0.7024533644182386
33.6,0.4819172767987629,1.317158795222209,0.7024930338465221
33.625,0.48201803729792375,1.3168624584260582,0.702532706469128
33.650000000000006,0.48211880647580124,1.3165661312102277,0.7025723823280167
33.675,0.48221958437474527,1.316269813573608,0.7026120614649375
33.7,0.48232037103689823,1.315973505514858,0.7026517439214304
33.725,0.4824211665041963,1.3156772070324074,0.7026914297388269
33.75,0.4825219708183708,1.315380918124458,0.7027311189582516
33.775000000000006,0.4826227840209495,1.315084638788985,0.7027708116206229
33.8,0.482723606153258,1.314788369023739,0.7028105077666549
33.825,0.482824437256421,1.3144921088262471,0.702850207436858
33.85,0.4829252773713635,1.314195858193815,0.7028899106715406
33.875,0.4830261265388122,1.3138996171235278,0.7029296175108098
33.900000000000006,0.4831269847992969,1.3136033856122524,0.7029693279945731
33.925,0.4832278521931514,1.3133071636566382,0.7030090421625391
33.95,0.48332872876051514,1.3130109512531192,0.7030487600542191
33.975,0.4834296145413342,1.3127147483979151,0.703088481708928
34.0,0.4835305095753628,1.312418555087033,0.7031282071657856
34.025000000000006,0.4836314139021643,1.3121223713162689,0.7031679364637177
34.05,0.48373232756111245,1.3118261970812086,0.703207669641457
34.075,0.48383325059139276,1.3115300323772305,0.7032474067375448
34.1,0.48393418303200364,1.3112338771995056,0.703287147790332
34.125,0.4840351249217576,1.3109377315429995,0.7033268928379794
34.150000000000006,0.4841360762992824,1.3106415954024744,0.7033666419184603
34.175,0.48423703720302236,1.3103454687724891,0.7034063950695603
34.2,0.48433800767123936,1.3100493516474023,0.7034461523288789
34.225,0.48443898774201416,1.3097532440213722,0.7034859137338308
34.25,0.4845399774532476,1.309457145888359,0.7035256793216471
34.275000000000006,0.4846409768426616,1.3091610572421264,0.7035654491293756
34.3,0.4847419859478004,1.3088649780762418,0.7036052231938827
34.325,0.4848430048060317,1.3085689083840788,0.7036450015518543
34.35,0.4849440334545478,1.3082728481588182,0.7036847842397964
34.375,0.4850450719303667,1.3079767973934493,0.7037245712940369
34.400000000000006,0.48514612027033327,1.3076807560807713,0.703764362750726
34.425,0.48524717851112026,1.3073847242133945,0.7038041586458378
34.45,0.48534824668922955,1.307088701783742,0.7038439590151712
34.475,0.4854493248409931,1.3067926887840506,0.7038837638943505
34.5,0.4855504130025742,1.3064966852063724,0.703923573318827
34.525000000000006,0.4856515112099683,1.3062006910425756,0.70396338732388
34.55,0.4857526194990044,1.3059047062843467,0.7040032059446172
34.575,0.48585373790534586,1.3056087309231907,0.7040430292159766
34.6,0.48595486646449165,1.3053127649504335,0.704082857172727
34.625,0.4860560052117773,1.305016808357222,0.7041226898494689
34.650000000000006,0.4861571541823759,1.3047208611345265,0.704162527280636
34.675,0.4862583134112992,1.304424923273141,0.7042023695004956
34.7,0.4863594829333988,1.3041289947636852,0.7042422165431503
34.725,0.48646066278336686,1.303833075596605,0.7042820684425382
34.75,0.48656185299573734,1.3035371657621746,0.7043219252324343
34.775000000000006,0.486663053604887,1.3032412652504968,0.7043617869464518
34.8,0.48676426464503625,1.302945374051505,0.7044016536180424
34.825,0.4868654861502504,1.3026494921549636,0.7044415252804976
34.85,0.48696671815444037,1.3023536195504701,0.7044814019669499
34.875,0.487067960691364,1.3020577562274558,0.704521283710373
34.900000000000006,0.48716921379462663,1.301761902175187,0.7045611705435838
34.925,0.48727047749768243,1.301466057382766,0.7046010624992425
34.95,0.48737175183383524,1.301170221839133,0.7046409596098537
34.975,0.4874730368362394,1.300874395533066,0.7046808619077678
35.0,0.4875743325379009,1.3005785784531831,0.7047207694251812
35.025,0.4876793800367661,1.2966246408533915,0.7047606865821499
35.05,0.4877918721783552,1.2926867517907505,0.7048006351905289
35.075,0.48791173717804476,1.2887648229053026,0.7048406410117858
35.1,0.4880389039918998,1.28485876621876,0.7048807293353473
35.125,0.48817330230776185,1.2809684941367327,0.7049209249853428
35.15,0.4883148625364494,1.2770939194508422,0.7049612523272648
35.175,0.4884635158030697,1.273234955340725,0.7050017352745489
35.2,0.4886191939384397,1.2693915153759292,0.7050423972950717
35.225,0.48878182947061605,1.2655635135177048,0.7050832614175699
35.25,0.48895135561653086,1.2617508641206918,0.7051243502379801
35.275,0.4891277062737339,1.2579534819345082,0.7051656859256994
35.3,0.4893108160122386,1.2541712821052389,0.7052072902297682
35.325,0.48950062006647055,1.2504041801768304,0.705249184484977
35.35,0.48969705432731825,1.2466520920923911,0.7052913896178953
35.375,0.48990005533428327,1.2429149341954007,0.7053339261528259
35.4,0.49010956026772984,1.2391926232308312,0.7053768142176837
35.425,0.49032550694123184,1.2354850763461804,0.7054200735498006
35.45,0.49054783379401634,1.2317922110924218,0.7054637235016564
35.475,0.4907764798835022,1.2281139454248702,0.7055077830465374
35.5,0.49101138487793267,1.224450197703969,0.7055522707841226
35.525,0.49125248904910074,1.2208008866959976,0.7055972049459986
35.55,0.491499733265166,1.2171659315737022,0.7056426034011037
35.575,0.4917530589835618,1.2135452519168526,0.7056884836611022
35.6,0.4920124082439919,1.2099387677127258,0.705734862885689
35.625,0.4922777236615149,1.2063463993565193,0.7057817578878267
35.65,0.49254894841971564,1.202768067651694,0.7058291851389136
35.675,0.4928260262639626,1.1992036938102517,0.705877160773885
35.7,0.49310890149474995,1.1956531994529447,0.7059257005962483
35.725,0.4933975189611231,1.1921165066094237,0.7059748200830521
35.75,0.4936918240541869,1.1885935377183223,0.7060245343897901
35.775,0.4939917627006953,1.185084215627281,0.7060748583552408
35.8,0.4942972813567217,1.181588463592912,0.7061258065062435
35.825,0.4946083270014082,1.1781062052807074,0.7061773930624112
35.85,0.4949248471307938,1.1746373647648911,0.7062296319407811
35.875,0.49524678975171965,1.1711818665282154,0.7062825367604034
35.9,0.49557410337581054,1.1677396354617067,0.7063361208468694
35.925,0.49590673701353233,1.1643105968643574,0.7063903972367787
35.95,0.4962446401683233,1.16089467644277,0.7064453786821475
35.975,0.49658776283079936,1.15749180031075,0.7065010776547574
36.0,0.4969360554730313,1.1541018949888544,0.7065575063504457
36.025,0.49728946904289434,1.1507248874038922,0.7066146766933381
36.05,0.49764795495848757,1.14736070488838,0.7066726003400249
36.075,0.4980114651026238,1.144009275179956,0.70673128868368
36.1,0.498379951817388,1.1406705264207497,0.7067907528581243
36.125,0.4987533678987636,1.137344387156713,0.7068510037418348
36.15,0.49913166659132635,1.1340307863369086,0.706912051961898
36.175,0.49951480158300376,1.1307296533127627,0.7069739078979096
36.2,0.4999027269999006,1.1274409178372784,0.7070365816858221
36.225,0.5002953974011886,1.1241645100642137,0.7071000832217382
36.25,0.5006927677740597,1.1209003605472234,0.7071644221656535
36.275,0.5010947935287428,1.1176484002389675,0.7072296079451464
36.3,0.5015014304935819,1.1144085604901868,0.7072956497590187
36.325,0.5019126349101762,1.111180773048745,0.7073625565808846
36.35,0.5023283634285801,1.1079649700586418,0.7074303371627111
36.375,0.5027485731025634,1.1047610840589936,0.7074990000383085
36.4,0.5031732213849301,1.101569047982987,0.7075685535267731
36.425,0.5036022661228959,1.098388795156802,0.7076390057358819
36.45,0.5040356655535224,1.0952202592985114,0.7077103645654395
36.475,0.5044733782992089,1.0920633745169492,0.7077826377105787
36.5,0.5049153633632394,1.0889180753105574,0.7078558326650152
36.525,0.5053615801253856,1.0857842965662057,0.7079299567242556
36.55,0.5058119883375637,1.0826619735579885,0.708005016988762
36.575,0.5062665481195457,1.079551041945999,0.7080810203670698
36.6,0.5067252199547237,1.0764514377750805,0.7081579735788642
36.625,0.5071879646859264,1.0733630974735562,0.7082358831580111
36.65,0.5076547435112877,1.0702859578519393,0.7083147554555459
36.675,0.5081255179801664,1.0672199561016222,0.7083945966426204
36.7,0.5086002499891165,1.0641650297935474,0.708475412713407
36.725,0.509078901777907,1.0611211168768584,0.7085572094879619
36.75,0.5095614359255916,1.0580881556775352,0.7086399926150477
36.775,0.5100478153466258,1.0550660848970106,0.7087237675749157
36.8,0.5105380032870335,1.052054843610771,0.7088085396820478
36.825,0.5110319633206195,1.049054371266942,0.7088943140878597
36.85,0.5115296593452299,1.0460646076848577,0.7089810957833653
36.875,0.5120310555790575,1.043085493053616,0.7090688896018021
36.9,0.512536116556994,1.0401169679306208,0.7091577002212198
36.925,0.5130448071270264,1.0371589732401092,0.7092475321670305
36.95,0.5135570924466775,1.034211450271668,0.7093383898145229
36.975,0.514072937979491,1.031274340678736,0.7094302773913395
37.0,0.5145923094915598,1.0283475864770966,0.709523198979918
37.025,0.5151151730480962,1.0254311300433583,0.7096171585198975
37.05,0.5156414950100452,1.0225249141134243,0.7097121598104891
37.075,0.516171242030739,1.0196288817809533,0.7098082065128124
37.1,0.5167043810525928,1.0167429764958098,0.7099053021521979
37.125,0.5172408793038404,1.0138671420625056,0.7100034501204553
37.15,0.5177807042953116,1.011001322638633,0.7101026536781085
37.175,0.5183238238172471,1.0081454627332895,0.7102029159565989
37.2,0.5188702059361536,1.0052995072054958,0.7103042399604544
37.225,0.519419818991698,1.0024634012626046,0.7104066285694283
37.25,0.5199726315936378,0.9996370904587055,0.7105100845406052
37.275,0.5205286126187912,0.9968205206930211,0.7106146105104768
37.3,0.5210877312080427,0.9940136382082979,0.7107202089969863
37.325,0.5216499567633862,0.9912163895891927,0.7108268824015428
37.35,0.522215258945004,0.9884287217606521,0.7109346330110056
37.375,0.5227836076683813,0.9856505819862892,0.7110434629996388
37.4,0.5233549731014565,0.9828819178667539,0.7111533744310377
37.425,0.5239293256618058,0.980122677338101,0.7112643692600247
37.45,0.5245066360138625,0.9773728086701529,0.7113764493345188
37.475,0.5250868750661697,0.9746322604648607,0.7114896163973757
37.5,0.5256700139686674,0.9719009816546613,0.7116038720882006
37.525,0.5262560241100118,0.9691789215008316,0.7117192179451342
37.55,0.526844877114928,0.966466029591841,0.711835655406611
37.575,0.527436544841594,0.9637622558417018,0.7119531858130922
37.6,0.5280309993790576,0.9610675504883174,0.7120718104087712
37.625,0.5286282130446842,0.9583818640918293,0.7121915303432542
37.65,0.5292281583816356,0.9557051475329634,0.7123123466732147
37.675,0.5298308081563796,0.9530373520113743,0.7124342603640235
37.7,0.5304361353562297,0.9503784290439901,0.7125572722913528
37.725,0.531044113186915,0.9477283304633561,0.7126813832427578
37.75,0.5316547150701796,0.9450870084159793,0.7128065939192318
37.775,0.5322679146414103,0.9424544153606714,0.7129329049367397
37.8,0.5328836857472945,0.9398305040668944,0.713060316827726
37.825,0.5335020024435052,0.9372152276131046,0.7131888300426014
37.85,0.534122838992415,0.9346085393850992,0.7133184449512057
37.875,0.534746169860837,0.932010393074363,0.7134491618442481
37.9,0.5353719697177939,0.9294207426764163,0.7135809809347259
37.925,0.5360002134323134,0.9268395424891654,0.7137139023593204
37.95,0.5366308760712507,0.9242667471112537,0.7138479261797722
37.975,0.537263932897137,0.9217023114404146,0.7139830523842342
38.0,0.5378993593660544,0.9191461906718277,0.7141192808886045
38.025,0.5385371311255363,0.9165983402964759,0.7142566115378381
38.05,0.5391772240124929,0.914058716099506,0.7143950441072381
38.075,0.5398196140511625,0.9115272741585909,0.7145345783037268
38.1,0.5404642774510867,0.9090039708422959,0.7146752137670973
38.125,0.5411111906051104,0.9064887628084466,0.714816950071245
38.15,0.541760330087406,0.903981607002501,0.7149597867253803
38.175,0.5424116726515215,0.901482460655924,0.7151037231752214
38.2,0.5430651952284516,0.8989912812845664,0.7152487588041694
38.225,0.543720874924733,0.8965080266870462,0.7153948929344641
38.25,0.5443786890205612,0.8940326549431346,0.715542124828322
38.275,0.5450386149679318,0.8915651244121452,0.7156904536890558
38.3,0.5457006303888025,0.8891053937313278,0.7158398786621765
38.325,0.5463647130732782,0.8866534218142658,0.7159903988364781
38.35,0.5470308409778176,0.8842091678492779,0.7161420132451047
38.375,0.5476989922234617,0.8817725912978246,0.7162947208666011
38.4,0.548369145094083,0.8793436518929182,0.7164485206259457
38.425,0.5490412780346559,0.8769223096375385,0.716603411395568
38.45,0.5497153696495486,0.8745085248030523,0.7167593919963493
38.475,0.5503913987008345,0.8721022579276385,0.7169164611986067
38.5,0.5510693441066247,0.869703469814717,0.7170746177230627
38.525,0.5517491849394195,0.8673121215313837,0.7172338602417976
38.55,0.5524309004244812,0.8649281744068499,0.7173941873791878
38.575,0.5531144699382247,0.8625515900308868,0.7175555977128282
38.6,0.5537998730066288,0.8601823302522758,0.71771808977444
38.625,0.554487089303666,0.8578203571772635,0.7178816620507632
38.65,0.5551760986497506,0.8554656331680227,0.7180463129844357
38.675,0.5558668810102063,0.8531181208411186,0.7182120409748567
38.7,0.556559416493752,0.8507777830659801,0.7183788443790371
38.725,0.5572536853510047,0.8484445829633774,0.7185467215124354
38.75,0.557949667973002,0.8461184839039055,0.7187156706497799
38.775,0.5586473448897411,0.8437994495064725,0.7188856900258781
38.8,0.5593466967687352,0.8414874436367941,0.7190567778364116
38.825,0.5600477044135881,0.8391824304058948,0.719228932238719
38.85,0.5607503487625853,0.8368843741686139,0.7194021513525649
38.875,0.5614546108873019,0.8345932395221181,0.7195764332608973
38.9,0.5621604719912268,0.8323089913044196,0.7197517760105911
38.925,0.5628679134084045,0.8300315945929014,0.7199281776131807
38.95,0.563576916602092,0.8277610147028477,0.720105636045579
38.975,0.5642874631634324,0.8254972171859805,0.7202841492507852
39.0,0.564999534810144,0.8232401678290031,0.7204637151385808
39.025,0.5657131133852253,0.8209898326521495,0.7206443315862134
39.05,0.5664281808556754,0.8187461779077401,0.7208259964390697
39.075,0.5671447193112292,0.8165091700787434,0.7210087075113366
39.1,0.5678627109631093,0.8142787758773449,0.7211924625866513
39.125,0.5685821381427905,0.8120549622435217,0.7213772594187405
39.15,0.5693029833007809,0.8098376963436238,0.7215630957320491
39.175,0.5700252290054169,0.8076269455689615,0.7217499692223573
39.2,0.5707488579416723,0.8054226775344003,0.7219378775573883
39.225,0.5714738529099824,0.803224860076961,0.7221268183774043
39.25,0.5722001968250813,0.8010334612544272,0.7223167892957943
39.275,0.5729278727148536,0.7988484493439589,0.7225077878996498
39.3,0.5736568637191997,0.7966697928407135,0.7226998117503314
39.325,0.5743871530889146,0.7944974604564718,0.7228928583840262
39.35,0.5751187241845804,0.7923314211182726,0.7230869253122949
39.375,0.5758515604754714,0.7901716439670521,0.7232820100226096
39.4,0.5765856455384726,0.7880180983562912,0.7234781099788823
39.425,0.5773209630570115,0.785870753850669,0.7236752226219841
39.45,0.5780574968200024,0.7837295802247225,0.7238733453702562
39.475,0.5787952307208027,0.7815945474615141,0.7240724756200101
39.5,0.5795341487561827,0.7794656257513046,0.7242726107460215
39.525,0.5802742350253071,0.7773427854902334,0.7244737481020131
39.55,0.5810154737287285,0.7752259972790055,0.7246758850211312
39.575,0.581757849167394,0.773115231921585,0.7248790188164119
39.6,0.5825013457416621,0.7710104604238954,0.7250831467812404
39.625,0.5832459479503326,0.7689116539925264,0.7252882661898016
39.65,0.5839916403896874,0.7668187840334474,0.7254943742975226
39.675,0.5847384077525436,0.7647318221507281,0.7257014683415081
39.7,0.5854862348273168,0.7626507401452655,0.7259095455409668
39.725,0.5862351064970965,0.7605755100135172,0.7261186030976313
39.75,0.5869850077387323,0.7585061039462422,0.7263286381961698
39.775,0.5877359236219307,0.7564424943272476,0.7265396480045906
39.8,0.5884878393083636,0.7543846537321426,0.7267516296746392
39.825,0.5892407400507862,0.7523325549270985,0.7269645803421888
39.85,0.589994611192167,0.7502861708676161,0.7271784971276225
39.875,0.5907494381648268,0.7482454746972992,0.7273933771362098
39.9,0.591505206489589,0.7462104397466349,0.7276092174584755
39.925,0.5922619017749396,0.7441810395317807,0.7278260151705623
39.95,0.5930195097161977,0.7421572477533577,0.7280437673345863
39.975,0.593778016094695,0.7401390382952511,0.7282624709989862
40.0,0.5945374067769672,0.7381263852234167,0.7284821231988661
40.025,0.5952976677139525,0.7361192627846945,0.7287027209563319
40.05,0.5960587849402017,0.7341176454056284,0.7289242612808216
40.075,0.5968207445730969,0.7321215076912926,0.7291467411694289
40.1,0.59758353281208,0.7301308244241246,0.7293701576072218
40.125,0.5983471359378905,0.7281455705627647,0.7295945075675542
40.15,0.5991115403118119,0.7261657212409023,0.729819788012372
40.175,0.5998767323749281,0.7241912517661275,0.7300459958925138
40.2,0.600642698647388,0.7222221376187912,0.7302731281480056
40.225,0.6014094257276792,0.7202583544508693,0.7305011817083497
40.25,0.6021769002919111,0.7182998780848354,0.7307301534928086
40.275,0.6029451090931056,0.7163466845125387,0.730960040410683
40.3,0.6037140389604972,0.7143987498940885,0.7311908393615851
40.325,0.6044836767988412,0.7124560505567452,0.731422547235706
40.35,0.6052540095877303,0.7105185629938179,0.7316551609140781
40.375,0.6060250243809199,0.7085862638635674,0.731888677268833
40.4,0.6067967083056607,0.706659129988117,0.7321230931634536
40.425,0.6075690485620406,0.704737138352368,0.7323584054530219
40.45,0.6083420324223339,0.7028202661029224,0.7325946109844615
40.475,0.6091156472303576,0.7009084905470119,0.732831706596776
40.5,0.6098898804008378,0.6990017891514325,0.7330696891212817
40.525,0.6106647194187814,0.6971001395414858,0.7333085553818368
40.55,0.6114401518388572,0.6952035194999259,0.7335483021950656
40.575,0.6122161652847834,0.6933119069659134,0.7337889263705778
40.6,0.6129927474487232,0.6914252800339746,0.7340304247111843
40.625,0.613769886090688,0.6895436169529673,0.7342727940131081
40.65,0.6145475690379473,0.687666896125052,0.734516031066191
40.675,0.6153257841844458,0.6857950961046705,0.7347601326540966
40.7,0.6161045194902289,0.6839281955975287,0.7350050955545084
40.725,0.6168837629808736,0.6820661734595871,0.7352509165393247
40.75,0.617663502746927,0.6802090086960559,0.7354975923748491
40.775,0.6184437269433528,0.6783566804603973,0.735745119821977
40.8,0.6192244237889827,0.6765091680533323,0.7359934956363785
40.825,0.620005581565976,0.6746664509218544,0.7362427165686778
40.85,0.6207871886192855,0.6728285086582491,0.736492779364628
40.875,0.6215692333561299,0.6709953209991187,0.7367436807652834
40.9,0.6223517042454727,0.6691668678244135,0.7369954175071672
40.925,0.6231345898175079,0.667343129156468,0.7372479863224364
40.95,0.6239178786631517,0.6655240851590437,0.7375013839390429
40.975,0.6247015594335408,0.6637097161363771,0.737755607080891
41.0,0.6254856208395364,0.6619000025322335,0.7380106524679927
41.025,0.6262700516512357,0.6600949249289663,0.7382665168166175
41.05,0.6270548406974881,0.6582944640465825,0.7385231968394413
41.075,0.6278399768654178,0.6564986007418131,0.7387806892456912
41.1,0.6286254490999533,0.6547073160071892,0.7390389907412861
41.125,0.6294112464033614,0.6529205909701244,0.7392980980289765
41.15,0.6301973578347883,0.6511384068920016,0.739558007808479
41.175,0.6309837725098054,0.649360745167266,0.7398187167766096
41.2,0.6317704795999621,0.6475875873225235,0.7400802216274129
41.225,0.632557468332343,0.6458189150156441,0.7403425190522892
41.25,0.6333447279891316,0.6440547100348714,0.7406056057401182
41.275,0.6341322479071785,0.6422949542979365,0.7408694783773807
41.3,0.6349200174775769,0.6405396298511785,0.7411341336482764
41.325,0.6357080261452414,0.6387887188686694,0.7413995682348405
41.35,0.6364962634084937,0.6370422036513442,0.7416657788170565
41.375,0.637284718818653,0.6353000666261369,0.7419327620729671
41.4,0.6380733819796313,0.6335622903451213,0.7422005146787822
41.425,0.6388622425475348,0.6318288574846572,0.7424690333089847
41.45,0.6396512902302697,0.6300997508445413,0.7427383146364338
41.475,0.6404405147871534,0.628374953347164,0.7430083553324655
41.5,0.6412299060285304,0.6266544480366707,0.7432791520669916
41.525,0.6420194538153936,0.6249382180781284,0.7435507015085957
41.55,0.6428091480590103,0.6232262467566976,0.743823000324627
41.575,0.6435989787205532,0.6215185174768083,0.7440960451812925
41.6,0.6443889358107353,0.6198150137613424,0.7443698327437458
41.625,0.6451790093894516,0.6181157192508197,0.7446443596761754
41.65,0.6459691895654232,0.6164206177025897,0.7449196226418894
41.675,0.6467594664958473,0.6147296929900283,0.745195618303399
41.7,0.647549830386052,0.6130429291017387,0.7454723433224998
41.725,0.648340271489155,0.6113603101407576,0.7457497943603509
41.75,0.6491307801057268,0.6096818203237664,0.7460279680775525
41.775,0.649921346583459,0.6080074439803067,0.7463068611342208
41.8,0.6507119613168364,0.6063371655520011,0.7465864701900623
41.825,0.6515026147468136,0.6046709695917785,0.7468667919044449
41.85,0.6522932973604963,0.6030088407631036,0.7471478229364681
41.875,0.6530839996908263,0.6013507638392119,0.747429559945031
41.9,0.653874712316271,0.599696723702349,0.747711999588899
41.925,0.6546654258605171,0.5980467053430144,0.7479951385267682
41.95,0.6554561309921684,0.5964006938592097,0.7482789734173287
41.975,0.6562468184244474,0.5947586744556922,0.7485635009193259
42.0,0.657037478914902,0.5931206324432321,0.7488487176916203
42.025,0.6578281032651145,0.5914865532378746,0.7491346203932462
42.05,0.6586186823204159,0.5898564223602064,0.7494212056834678
42.075,0.6594092069696035,0.588230225434627,0.7497084702218351
42.1,0.6601996681446629,0.5866079481886238,0.749996410668237
42.125,0.6609900568204933,0.584989576452052,0.7502850236829541
42.15,0.6617803640146365,0.5833750961564186,0.7505743059267098
42.175,0.6625705807870104,0.5817644933341714,0.7508642540607192
42.2,0.6633606982396454,0.5801577541179912,0.7511548647467379
42.225,0.6641507075164249,0.5785548647400894,0.7514461346471082
42.25,0.6649405998028295,0.5769558115315091,0.7517380604248055
42.275,0.665730366325684,0.5753605809214304,0.752030638743482
42.3,0.6665199983529096,0.5737691594364808,0.7523238662675097
42.325,0.6673094871932777,0.5721815337000487,0.7526177396620227
42.35,0.6680988241961681,0.5705976904316015,0.7529122555929577
42.375,0.6688880007513313,0.5690176164460081,0.7532074107270931
42.4,0.6696770082886527,0.567441298652865,0.7535032017320877
42.425,0.6704658382779216,0.5658687240558264,0.7537996252765181
42.45,0.6712544822286024,0.5642998797519394,0.7540966780299144
42.475,0.6720429316896097,0.5627347529309815,0.7543943566627955
42.5,0.6728311782490868,0.5611733308748037,0.7546926578467035
42.525,0.6736192135341867,0.5596156009566764,0.7549915782542359
42.55,0.6744070292108573,0.5580615506406401,0.7552911145590785
42.575,0.6751946169836284,0.5565111674808594,0.755591263436036
42.6,0.6759819685954035,0.5549644391209809,0.7558920215610624
42.625,0.6767690758272531,0.5534213532934958,0.7561933856112898
42.65,0.6775559304982122,0.5518818978191051,0.7564953522650573
42.675,0.67834252446508,0.5503460606060894,0.7567979182019378
42.7,0.6791288496222232,0.5488138296496822,0.757101080102765
42.725,0.6799148979013817,0.5472851930314473,0.7574048346496591
42.75,0.6807006612714778,0.5457601389186596,0.7577091785260516
42.775,0.6814861317384278,0.5442386555636896,0.7580141084167092
42.8,0.6822713013449566,0.5427207313033915,0.7583196210077577
42.825,0.6830561621704156,0.5412063545584955,0.7586257129867042
42.85,0.6838407063306025,0.5396955138330034,0.758932381042459
42.875,0.6846249259775842,0.5381881977135873,0.7592396218653568
42.9,0.6854088132995231,0.5366843948689929,0.7595474321471771
42.925,0.6861923605205051,0.5351840940494454,0.7598558085811643
42.95,0.6869755599003711,0.53368728408606,0.760164747862046
42.975,0.6877584037345501,0.5321939538902547,0.7604742466860525
43.0,0.6885408843538964,0.5307040924531674,0.7607843017509335
43.025,0.6893229941245279,0.5292176888450764,0.7610949097559765
43.05,0.6901047254476681,0.527734732214824,0.7614060674020227
43.075,0.6908860707594898,0.5262552117892441,0.761717771391483
43.1,0.6916670225309618,0.5247791168725923,0.7620300184283542
43.125,0.6924475732676976,0.5233064368459803,0.762342805218233
43.15,0.6932277155098072,0.5218371611668134,0.7626561284683316
43.175,0.694007441831751,0.520371279368231,0.7629699848874907
43.2,0.6947867448421956,0.5189087810585505,0.7632843711861931
43.225,0.6955656171838727,0.5174496559207151,0.7635992840765772
43.25,0.6963440515334399,0.5159938937117439,0.7639147202724491
43.275,0.6971220406013441,0.5145414842621858,0.7642306764892948
43.3,0.6978995771316868,0.5130924174755771,0.7645471494442916
43.325,0.698676653902092,0.5116466833279012,0.7648641358563197
43.35,0.6994532637235759,0.5102042718670522,0.7651816324459729
43.375,0.7002293994404195,0.5087651732123016,0.7654996359355689
43.4,0.7010050539300428,0.5073293775537683,0.7658181430491595
43.425,0.701780220102881,0.5058968751518909,0.7661371505125403
43.45,0.7025548909022635,0.504467656336904,0.7664566550532598
43.475,0.7033290593042946,0.5030417115083177,0.766776653400629
43.5,0.7041027183177359,0.5016190311343989,0.7670971422857294
43.525,0.7048758609838915,0.500199605751657,0.7674181184414223
43.55,0.705648480376495,0.49878342596433217,0.7677395786023558
43.575,0.7064205696015978,0.497370482443886,0.7680615195049734
43.6,0.7071921217974605,0.49596076592849614,0.7683839378875215
43.625,0.7079631301344453,0.4945542672225533,0.7687068304900563
43.65,0.7087335878149112,0.49315097719616124,0.7690301940544513
43.675,0.70950348807311,0.4917508867846398,0.7693540253244038
43.7,0.7102728241750852,0.4903539869880308,0.7696783210454416
43.725,0.7110415894185723,0.4889602688706068,0.7700030779649295
43.75,0.7118097771329011,0.48756972356038264,0.7703282928320753
43.775,0.7125773806788992,0.48618234224863016,0.7706539623979357
43.8,0.7133443934487986,0.4847981161893953,0.7709800834154226
43.825,0.7141108088661426,0.4834170366990181,0.7713066526393081
43.85,0.7148766203856955,0.482039095155656,0.7716336668262306
43.875,0.7156418214933535,0.4806642829988092,0.7719611227346997
43.9,0.7164064057060573,0.47929259172884914,0.7722890171251018
43.925,0.7171703665717065,0.47792401290654973,0.7726173467597044
43.95,0.7179336976690761,0.47655853815262117,0.7729461084026622
43.975,0.7186963926077338,0.47519615914724656,0.773275298820021
44.0,0.7194584450279593,0.4738368676296212,0.7736049147797228
44.025,0.7202198486006656,0.4724806553974944,0.7739349530516106
44.05,0.7209805970273209,0.4711275143067143,0.7742654104074328
44.075,0.721740684039873,0.46977743627077484,0.7745962836208476
44.1,0.722500103400675,0.46843041326036566,0.7749275694674279
44.125,0.7232588489024121,0.46708643730292454,0.7752592647246651
44.15,0.7240169143680301,0.4657455004821925,0.7755913661719738
44.175,0.7247742936506657,0.4644075949377711,0.775923870590696
44.2,0.7255309806335778,0.46307271286468293,0.7762567747641056
44.225,0.7262869692300804,0.46174084651293396,0.7765900754774122
44.25,0.727042253383477,0.4604119881870788,0.7769237695177658
44.275,0.7277968270669963,0.4590861302457884,0.7772578536742606
44.3,0.7285506842837293,0.45776326510142035,0.7775923247379398
44.325,0.7293038190665673,0.45644338521959105,0.7779271795017993
44.35,0.7300562254781422,0.45512648311875126,0.7782624147607923
44.375,0.7308078976107675,0.45381255136976334,0.7785980273118333
44.4,0.7315588295863802,0.45250158259548134,0.7789340139538027
44.425,0.7323090155564849,0.4511935694703333,0.779270371487551
44.45,0.7330584497020983,0.4498885047199058,0.7796070967159032
44.475,0.7338071262336958,0.44858638112053145,0.7799441864436634
44.5,0.7345550393911583,0.447287191498878,0.7802816374776189
44.525,0.7353021834437208,0.4459909287315404,0.7806194466265453
44.55,0.7360485526899224,0.44469758574463486,0.7809576107012105
44.575,0.736794141457557,0.4434071555133953,0.7812961265143803
44.6,0.7375389441036249,0.4421196310617723,0.7816349908808222
44.625,0.7382829550142868,0.440835005462034,0.781974200617311
44.65,0.7390261686048171,0.4395532718343696,0.7823137525426335
44.675,0.7397685793195597,0.43827442334649475,0.7826536434775934
44.7,0.7405101816318845,0.4369984532132597,0.7829938702450168
44.725,0.7412509700441444,0.4357253546962593,0.7833344296697574
44.75,0.741990939087634,0.4344551211034452,0.7836753185787018
44.775,0.7427300833225491,0.43318774578874064,0.7840165338007749
44.8,0.7434683973379471,0.431923222151657,0.7843580721669459
44.825,0.7442058757517086,0.4306615436369128,0.7846999305102338
44.85,0.7449425132104996,0.42940270373405465,0.7850421056657134
44.875,0.7456783043897351,0.42814669597708077,0.7853845944705214
44.9,0.7464132439935433,0.42689351394406616,0.7857273937638626
44.925,0.7471473267547305,0.42564315125679025,0.7860705003870159
44.95,0.747880547434748,0.4243956015803665,0.7864139111833411
44.975,0.7486129008236582,0.4231508586228741,0.786757622998286
45.0,0.7493443817401031,0.421908916134992,0.7871016326793921
45.025,0.7500749850312728,0.4206697679096346,0.7874459370763026
45.05,0.7508047055728747,0.41943340778159005,0.7877905330407691
45.075,0.7515335382691045,0.41819982962716,0.7881354174266589
45.1,0.7522614780526168,0.41696902736380204,0.7884805870899628
45.125,0.752988519884497,0.41574099494977357,0.7888260388888024
45.15,0.7537146587542346,0.41451572638377815,0.7891717696834382
45.175,0.7544398896796959,0.41329321570461375,0.7895177763362774
45.2,0.7551642077070986,0.4120734569908227,0.7898640557118828
45.225,0.7558876079109866,0.41085644436034413,0.7902106046769805
45.25,0.7566100853942056,0.409642171970168,0.7905574201004687
45.275,0.7573316352878793,0.4084306340159913,0.7909044988534271
45.3,0.7580522527513862,0.40722182473187607,0.791251837809125
45.325,0.7587719329723378,0.4060157383899095,0.7915994338430316
45.35,0.7594906711665561,0.40481236929986597,0.7919472838328246
45.375,0.760208462578053,0.40361171180887084,0.7922953846584004
45.4,0.7609253024790092,0.4024137603010663,0.7926437332018839
45.425,0.7616411861697553,0.40121850919727914,0.792992326347638
45.45,0.7623561089787513,0.40002595295469046,0.7933411609822754
45.475,0.7630700662625683,0.3988360860665069,0.7936902339946673
45.5,0.7637830534058707,0.39764890306163436,0.7940395422759556
45.525,0.7644950658213977,0.39646439850435305,0.7943890827195635
45.55,0.7652060989499465,0.3952825669939946,0.7947388522212064
45.575,0.7659161482603559,0.39410340316462117,0.7950888476789039
45.6,0.7666252092494895,0.392926901684706,0.795439065992991
45.625,0.7673332774422207,0.3917530572568163,0.7957895040661304
45.65,0.7680403483914168,0.39058186461729744,0.7961401588033247
45.675,0.7687464176779245,0.38941331853595934,0.7964910271119287
45.7,0.7694514809105558,0.38824741381576455,0.7968421059016619
45.725,0.7701555337260737,0.3870841452925179,0.7971933920846219
45.75,0.7708585717891786,0.38592350783455825,0.7975448825752969
45.775,0.7715605907924955,0.384765496342452,0.7978965742905797
45.8,0.7722615864565611,0.38361010574868787,0.798248464149781
45.825,0.7729615545298112,0.3824573310173742,0.7986005490746436
45.85,0.7736604907885689,0.3813071671439374,0.7989528259893561
45.875,0.774358391037033,0.38015960915482233,0.7993052918205676
45.9,0.7750552511072661,0.3790146521071945,0.7996579434974026
45.925,0.7757510668591843,0.37787229108864384,0.8000107779514753
45.95,0.7764458341805455,0.3767325212168904,0.8003637921169053
45.975,0.7771395489869397,0.37559533763949127,0.8007169829303329
46.0,0.7778322072217785,0.37446073553355,0.8010703473309344
46.025,0.7785238048562849,0.3733287101054269,0.8014238822604386
46.05,0.7792143378894841,0.3721992565904514,0.8017775846631428
46.075,0.7799038023481936,0.3710723702526361,0.8021314514859289
46.1,0.780592194287014,0.3699480463843926,0.8024854796782807
46.125,0.7812795097883201,0.3688262803062485,0.8028396661923004
46.15,0.7819657449622518,0.36770706736656644,0.8031940079827263
46.175,0.7826508959467059,0.366590402941265,0.8035485020069498
46.2,0.7833349589073269,0.3654762824335405,0.8039031452250336
46.225,0.7840179300374991,0.3643647012735913,0.8042579345997292
46.25,0.7846998055583385,0.3632556549183428,0.8046128670964957
46.275,0.7853805817186843,0.36214913885117506,0.8049679396835183
46.3,0.7860602547950912,0.3610451485816512,0.8053231493317268
46.325,0.7867388210918216,0.3599436796452477,0.8056784930148146
46.35,0.7874162769408377,0.35884472760308644,0.8060339677092588
46.375,0.7880926187017939,0.3577482880416681,0.806389570394339
46.4,0.7887678427620293,0.35665435657260713,0.8067452980521573
46.425,0.7894419455365599,0.3555629288323686,0.8071011476676588
46.45,0.7901149234680716,0.3544740004820063,0.8074571162286516
46.475,0.790786773026912,0.35338756720690223,0.8078132007258275
46.5,0.7914574907110838,0.35230362471650845,0.8081693981527832
46.525,0.792127073046237,0.3512221687440894,0.8085257055060412
46.55,0.7927955165856612,0.3501431950464666,0.8088821197850713
46.575,0.7934628179102787,0.3490666994037645,0.8092386379923121
46.6,0.794128973628637,0.3479926776191578,0.8095952571331934
46.625,0.7947939803769011,0.34692112551862064,0.8099519742161579
46.65,0.795457834818846,0.34585203895067695,0.8103087862526841
46.675,0.7961205336458497,0.34478541378615235,0.8106656902573086
46.7,0.7967820735768846,0.34372124591792785,0.8110226832476496
46.725,0.7974424513585108,0.34265953126069465,0.8113797622444294
46.75,0.7981016637648678,0.34160026575071073,0.8117369242714988
46.775,0.7987597075976667,0.34054344534555875,0.81209416635586
46.8,0.7994165796861823,0.33948906602390555,0.812451485527691
46.825,0.800072276887245,0.33843712378526297,0.81280887882037
46.85,0.8007267960852327,0.3373876146497503,0.8131663432704995
46.875,0.8013801341920622,0.3363405346578581,0.8135238759179314
46.9,0.802032288147181,0.33529587987021353,0.8138814738057917
46.925,0.8026832549175583,0.334253646367347,0.8142391339805057
46.95,0.8033330314976768,0.33321383024946044,0.8145968534918242
46.975,0.803981614909523,0.332176427636197,0.8149546293928481
47.0,0.8046290022025786,0.3311414346664118,0.8153124587400554
47.025,0.8052751904538107,0.330108847497945,0.8156703385933268
47.05,0.8059201767676626,0.32907866230739513,0.8160282660159723
47.075,0.8065639582760438,0.32805087528989474,0.8163862380747581
47.1,0.80720653213832,0.32702548265888715,0.8167442518399332
47.125,0.8078478955413033,0.32600248064590454,0.8171023043852567
47.15,0.8084880456992409,0.3249818655003475,0.8174603927880253
47.175,0.8091269798538051,0.3239636334892662,0.817818514129101
47.2,0.8097646952740819,0.3229477808971424,0.8181766654929387
47.225,0.8104011892565601,0.3219343040256734,0.8185348439676142
47.25,0.8110364591251196,0.3209231991935574,0.8188930466448533
47.275,0.8116705022310192,0.31991446273627955,0.8192512706200592
47.3,0.8123033159528854,0.31890809100590023,0.8196095129923421
47.325,0.8129348976966991,0.31790408037084417,0.819967770864548
47.35,0.8135652448957834,0.316902427215691,0.8203260413432877
47.375,0.8141943550107903,0.3159031279409675,0.8206843215389664
47.4,0.8148222255296875,0.3149061789629406,0.8210426085658135
47.425,0.8154488539677448,0.31391157671341247,0.8214008995419119
47.45,0.8160742378675195,0.31291931763951625,0.8217591915892287
47.475,0.8166983747988429,0.3119293982035136,0.8221174818336452
47.5,0.8173212623588045,0.3109418148825935,0.8224757674049872
47.525,0.8179428981717379,0.3099565641686721,0.8228340454370558
47.55,0.8185632798892046,0.3089736425681945,0.8231923130676588
47.575,0.8191824051899784,0.307993046601937,0.8235505674386409
47.6,0.8198002717800291,0.30701477280481165,0.8239088056959153
47.625,0.8204168773925058,0.30603881772567126,0.8242670249894957
47.65,0.8210322197877198,0.30506517792711635,0.8246252224735273
47.675,0.8216462967531273,0.3040938499853029,0.8249833953063191
47.7,0.8222591061033112,0.303124830489752,0.8253415406503757
47.725,0.822870645679963,0.30215811604316,0.8256996556724294
47.75,0.8234809133518641,0.301193703261211,0.8260577375434732
47.775,0.8240899070148664,0.30023158877238953,0.8264157834387927
47.8,0.8246976245918726,0.2992717692177954,0.8267737905379994
47.825,0.8253040640328165,0.29831424125095934,0.8271317560250633
47.85,0.8259092233146421,0.2973590015376601,0.8274896770883463
47.875,0.8265131004412827,0.2964060467557428,0.8278475509206353
47.9,0.8271156934436392,0.2954553735949385,0.8282053747191758
47.925,0.8277170003795586,0.2945069787566854,0.8285631456857053
47.95,0.8283170193338112,0.2935608589539506,0.8289208610264874
47.975,0.8289157484180675,0.29261701091105385,0.8292785179523455
48.0,0.8295131857708752,0.291675431363492,0.829636113678697
48.025,0.8301093295576352,0.29073611705776514,0.8299936454255876
48.05,0.8307041779705766,0.28979906475120387,0.8303511104177256
48.075,0.8312977292287325,0.28886427121179753,0.8307085058845164
48.1,0.8318899815779139,0.2879317332180241,0.8310658290600975
48.125,0.8324809332906844,0.2870014475586812,0.8314230771833729
48.15,0.8330705826663327,0.2860734110327179,0.8317802474980487
48.175,0.8336589280308465,0.2851476204490687,0.8321373372526673
48.2,0.8342459677368843,0.28422407262648797,0.8324943437006436
48.225,0.8348317001637475,0.28330276439338564,0.8328512641002997
48.25,0.8354161237173516,0.2823836925876646,0.8332080957149008
48.275,0.8359992368301971,0.28146685405655897,0.8335648358126907
48.3,0.8365810379613394,0.28055224565647363,0.8339214816669274
48.325,0.837161525596359,0.27963986425282505,0.8342780305559191
48.35,0.8377406982473299,0.27872970671988323,0.8346344797630603
48.375,0.8383185544527884,0.277821769940615,0.8349908265768676
48.4,0.8388950927777011,0.2769160508065285,0.8353470682910163
48.425,0.8394703118134322,0.2760125462175184,0.8357032022043762
48.45,0.8400442101777102,0.2751112530817133,0.8360592256210483
48.475,0.8406167865145941,0.27421216831532336,0.8364151358504013
48.5,0.8411880394944389,0.2733152888424896,0.8367709302071082
48.525,0.8417579678138606,0.2724206115951344,0.837126606011183
48.55,0.8423265701957008,0.27152813351281296,0.8374821605880174
48.575,0.8428938453889903,0.2706378515425661,0.8378375912684175
48.6,0.8434597921689121,0.26974976263877426,0.8381928953886412
48.625,0.8440244093367643,0.26886386376301274,0.8385480702904347
48.65,0.8445876957199219,0.2679801518839078,0.83890311332107
48.675,0.8451496501717982,0.2670986239769942,0.8392580218333822
48.7,0.8457102715718056,0.266219277024574,0.839612793185806
48.725,0.8462695588253152,0.2653421080155762,0.8399674247424137
48.75,0.8468275108636171,0.2644671139454178,0.8403219138729523
48.775,0.8473841266438785,0.2635942918158659,0.840676257952881
48.8,0.8479394051491025,0.26272363863490117,0.8410304543634087
48.825,0.8484933453880853,0.26185515141658205,0.8413845004915314
48.85,0.8490459463953732,0.26098882718091043,0.8417383937300696
48.875,0.8495972072312192,0.2601246629536984,0.8420921314777069
48.9,0.8501471269815385,0.2592626557664363,0.8424457111390261
48.925,0.8506957047578634,0.2584028026561615,0.8427991301245483
48.95,0.8512429396972979,0.25754510066532876,0.84315238585077
48.975,0.8517888309624715,0.2566895468416814,0.8435054757402008
49.0,0.8523333777414921,0.2558361382381238,0.8438583972214015
49.025,0.8528765792478987,0.25498487191259506,0.8442111477290218
49.05,0.8534184347206132,0.2541357449279435,0.844563724703838
49.075,0.8539589434238911,0.2532887543518026,0.844916125592791
49.1,0.8544981046472728,0.2524438972564679,0.8452683478490242
49.125,0.8550359177055329,0.2516011707187751,0.8456203889319213
49.15,0.8555723819386294,0.25076057181997913,0.8459722463071443
49.175,0.8561074967116526,0.24992209764563458,0.8463239174466712
49.2,0.8566412614147729,0.2490857452854769,0.8466753998288341
49.225,0.8571736754631878,0.24825151183330496,0.8470266909383569
49.25,0.8577047382970686,0.24741939438686475,0.8473777882663933
49.275,0.8582344493815066,0.24658939004773392,0.8477286893105648
49.3,0.8587628082064579,0.24576149592120763,0.848079391574998
49.325,0.8592898142866884,0.24493570911618545,0.8484298925703632
49.35,0.8598154671617175,0.24411202674505927,0.8487801898139116
49.375,0.8603397663957617,0.24329044592360238,0.8491302808295135
49.4,0.8608627115776767,0.2424709637708596,0.8494801631476958
49.425,0.8613843023208999,0.2416535774090386,0.8498298343056798
49.45,0.8619045382633915,0.24083828396340198,0.8501792918474189
49.475,0.8624234190675751,0.24002508056216088,0.8505285333236363
49.5,0.8629409444202779,0.23921396433636924,0.8508775562918625
49.525,0.8634571140326698,0.23840493241981942,0.8512263583164729
49.55,0.863971927640202,0.23759798194893872,0.8515749369687253
49.575,0.8644853850025456,0.23679311006268705,0.8519232898267977
49.6,0.8649974859035282,0.23599031390245562,0.8522714144758248
49.625,0.8655082301510713,0.23518959061196665,0.8526193085079364
49.65,0.8660176175771256,0.23439093733717425,0.8529669695222943
49.675,0.8665256480376071,0.23359435122616626,0.853314395125129
49.7,0.8670323214123318,0.23279982942906707,0.8536615829297775
49.725,0.867537637604949,0.2320073690979417,0.8540085305567199
49.75,0.8680415965428757,0.23121696738670067,0.8543552356336169
49.775,0.868544198177229,0.2304286214510061,0.8547016957953463
49.8,0.8690454424827583,0.22964232844817875,0.8550479086840397
49.825,0.8695453294577764,0.22885808553710613,0.8553938719491198
49.85,0.870043859124091,0.22807588987815158,0.8557395832473362
49.875,0.8705410315269346,0.22729573863306443,0.8560850402428031
49.9,0.8710368467348941,0.22651762896489117,0.8564302406070344
49.925,0.8715313048398398,0.22574155803788762,0.8567751820189811
49.95,0.8720244059568533,0.2249675230174322,0.857119862165067
49.975,0.8725161502241557,0.22419552106994003,0.8574642787392249
50.0,0.8730065378030345,0.22342554936277828,0.857808429442933
50.025,0.8734955688777698,0.22265760506418228,0.85815231198525
50.05,0.8739832436555601,0.2218916853431728,0.8584959240828517
50.075,0.8744695623664477,0.2211277873694743,0.8588392634600662
50.1,0.8749545252632428,0.22036590831343417,0.8591823278489096
50.125,0.8754381326214478,0.21960604534594286,0.8595251149891211
50.15,0.8759203847391801,0.2188481956383552,0.8598676226281987
50.175,0.8764012819370955,0.2180923563624125,0.8602098485214342
50.2,0.8768808245583096,0.21733852469016582,0.860551790431948
50.225,0.8773590129683194,0.21658669779390002,0.8608934461307238
50.25,0.8778358475549243,0.215836872846059,0.8612348133966441
50.275,0.8783113287281459,0.2150890470191718,0.8615758900165238
50.3,0.8787854569201483,0.21434321748577956,0.8619166737851452
50.325,0.8792582325851567,0.21359938141836368,0.862257162505292
50.35,0.8797296561993757,0.21285753598927484,0.8625973539877836
50.375,0.8801997282609076,0.21211767837066284,0.8629372460515085
50.4,0.8806684492896693,0.21137980573440765,0.8632768365234588
50.425,0.8811358198273088,0.21064391525205126,0.8636161232387631
50.45,0.8816018404371222,0.20991000409473043,0.8639551040407206
50.475,0.882066511703968,0.20917806943311057,0.8642937767808337
50.5,0.8825298342341829,0.2084481084373204,0.8646321393188414
50.525,0.8829918086554959,0.20772011827688755,0.8649701895227522
50.55,0.8834524356169421,0.20699409612067526,0.8653079252688765
50.575,0.8839117157887759,0.20627003913681982,0.8656453444418595
50.6,0.884369649862384,0.20554794449266903,0.8659824449347134
50.625,0.8848262385501972,0.2048278093547216,0.8663192246488495
50.65,0.8852814825856019,0.20410963088856746,0.8666556814941098
50.675,0.8857353827228517,0.2033934062588289,0.8669918133887994
50.7,0.8861879397369773,0.20267913262910278,0.8673276182597175
50.725,0.886639154423697,0.2019668071619035,0.867663094042189
50.75,0.8870890275993257,0.201256427018607,0.8679982386800955
50.775,0.8875375601006841,0.20054798935939558,0.8683330501259062
50.8,0.8879847527850069,0.19984149134320367,0.8686675263407087
50.825,0.8884306065298508,0.19913693012766442,0.8690016652942392
50.85,0.8888751222330022,0.19843430286905733,0.8693354649649131
50.875,0.8893183008123833,0.19773360672225657,0.869668923339855
50.9,0.889760143205959,0.1970348388406804,0.8700020384149283
50.925,0.8902006503716426,0.19633799637624127,0.8703348081947649
50.95,0.8906398232872014,0.19564307647929693,0.8706672306927946
50.975,0.8910776629501611,0.1949500762986024,0.870999303931274
51.0,0.8915141703777109,0.19425899298126273,0.8713310259413157
51.025,0.8919483069547323,0.19424521805718267,0.8716623932534627
51.05,0.8923790539381025,0.1942300423900286,0.8719933964294633
51.075,0.8928064419516321,0.19421347869752983,0.8723240246951242
51.1,0.8932305013334952,0.19419553959075553,0.8726542674625691
51.125,0.8936512621391168,0.19417623757503946,0.872984114327891
51.15,0.8940687541440242,0.19415558505089583,0.8733135550688336
51.175,0.8944830068466636,0.19413359431492588,0.8736425796425016
51.2,0.8948940494711825,0.19411027756071578,0.8739711781830993
51.225,0.8953019109701772,0.19408564687972568,0.8742993409996973
51.25,0.8957066200274083,0.19405971426217009,0.8746270585740257
51.275,0.8961082050604819,0.1940324915978897,0.8749543215582959
51.3,0.8965066942234995,0.19400399067721494,0.8752811207730479
51.325,0.8969021154096755,0.1939742231918208,0.8756074472050246
51.35,0.8972944962539237,0.19394320073557395,0.8759332920050719
51.375,0.8976838641354131,0.19391093480537125,0.8762586464860642
51.4,0.898070246180093,0.19387743680197056,0.8765835021208557
51.425,0.8984536692631884,0.19384271803081346,0.8769078505402558
51.45,0.8988341600116659,0.19380678970284015,0.8772316835310298
51.475,0.8992117448066712,0.19376966293529677,0.8775549930339234
51.5,0.8995864497859373,0.1937313487525348,0.8778777711417113
51.525,0.8999583008461652,0.19369185808680325,0.8782000100972691
51.55,0.9003273236453773,0.19365120177903303,0.8785217022916687
51.575,0.9006935436052422,0.19360939057961424,0.8788428402622963
51.6,0.9010569859133749,0.19356643514916613,0.8791634166909935
51.625,0.9014176755256084,0.19352234605929972,0.87948342440222
51.65,0.9017756371682408,0.19347713379337345,0.879802856361239
51.675,0.9021308953402566,0.1934308087472418,0.8801217056723236
51.7,0.9024834743155221,0.1933833812299969,0.8804399655769853
51.725,0.9028333981449568,0.19333486146470336,0.8807576294522234
51.75,0.9031806906586798,0.19328525958912618,0.8810746908087944
51.775,0.9035253754681324,0.19323458565645218,0.8813911432895036
51.8,0.903867475968177,0.19318284963600466,0.8817069806675156
51.825,0.9042070153391722,0.19313006141395145,0.8820221968446852
51.85,0.9045440165490255,0.1930762307940067,0.8823367858499082
51.875,0.9048785023552224,0.19302136749812607,0.8826507418374918
51.9,0.9052104953068342,0.19296548116719564,0.8829640590855442
51.925,0.9055400177465027,0.19290858136171468,0.8832767319943826
51.95,0.905867091812404,0.19285067756247212,0.8835887550849607
51.975,0.9061917394401902,0.1927917791712169,0.8839001229973145
52.0,0.9065139823649103,0.19273189551132228,0.8842108304890259
52.025,0.9068338421229106,0.19267103582844428,0.8845208724337053
52.05,0.9071513400537136,0.1926092092911741,0.8848302438194905
52.075,0.9074664973018775,0.19254642499168462,0.8851389397475651
52.1,0.9077793348188355,0.1924826919463713,0.8854469554306923
52.125,0.9080898733647156,0.19241801909648723,0.8857542861917672
52.15,0.9083981335101401,0.19235241530877253,0.8860609274623855
52.175,0.9087041356380071,0.1922858893760782,0.8863668747814286
52.2,0.9090078999452528,0.19221845001798443,0.8866721237936659
52.225,0.9093094464445943,0.19215010588141326,0.8869766702483726
52.25,0.9096087949662555,0.19208086554123616,0.887280509997964
52.275,0.9099059651596733,0.19201073750087588,0.8875836389966459
52.3,0.9102009764951873,0.19193973019290328,0.8878860532990801
52.325,0.910493848265711,0.1918678519796287,0.8881877490590655
52.35,0.910784599588386,0.19179511115368825,0.8884887225282349
52.375,0.9110732494062186,0.19172151593862496,0.8887889700547664
52.4,0.9113598164897,0.1916470744894648,0.8890884880821104
52.425,0.9116443194384094,0.19157179489328763,0.8893872731477299
52.45,0.9119267766826006,0.1914956851697933,0.8896853218818574
52.475,0.9122072064847726,0.19141875327186264,0.8899826310062643
52.5,0.9124856269412237,0.19134100708611376,0.8902791973330455
52.525,0.9127620559835902,0.19126245443345335,0.8905750177634177
52.55,0.9130365113803688,0.1911831030696233,0.8908700892865319
52.575,0.9133090107384245,0.19110296068574253,0.8911644089782987
52.6,0.9135795715044824,0.19102203490884417,0.8914579740002285
52.625,0.9138482109666044,0.19094033330240812,0.8917507815982837
52.65,0.9141149462556517,0.19085786336688892,0.8920428291017448
52.675,0.9143797943467321,0.19077463254023927,0.8923341139220895
52.7,0.914642772060633,0.19069064819842876,0.8926246335518846
52.725,0.9149038960652398,0.1906059176559584,0.8929143855636904
52.75,0.9151631828769404,0.19052044816637068,0.8932033676089781
52.775,0.9154206488620158,0.1904342469227551,0.8934915774170594
52.8,0.9156763102380167,0.19034732105824959,0.8937790127940284
52.825,0.9159301830751264,0.19025967764653756,0.8940656716217155
52.85,0.9161822832975106,0.1901713237023407,0.8943515518566534
52.875,0.9164326266846536,0.19008226618190746,0.8946366515290554
52.9,0.9166812288726814,0.1899925119834977,0.8949209687418044
52.925,0.9169281053556719,0.18990206794786288,0.8952045016694546
52.95,0.9171732714869522,0.18981094085872233,0.8954872485572438
52.975,0.9174167424803831,0.1897191374432354,0.8957692077201174
53.0,0.9176585334116318,0.1896266643724698,0.8960503775417634
53.025,0.9178986592194313,0.1895335282618657,0.896330756473659
53.05,0.9181371347068277,0.18943973567169609,0.8966103430341271
53.075,0.9183739745424162,0.18934529310752318,0.8968891358074045
53.1,0.9186091932615645,0.18925020702065104,0.8971671334427201
53.125,0.9188428052676245,0.18915448380857425,0.8974443346533848
53.15,0.9190748248331323,0.18905812981542294,0.89772073821589
53.175,0.9193052661009969,0.18896115133240396,0.8979963429690183
53.2,0.9195341430856775,0.18886355459823845,0.8982711478129628
53.225,0.9197614696743489,0.18876534579959567,0.8985451517084576
53.25,0.919987259628057,0.18866653107152312,0.898818353675918
53.275,0.9202115265828623,0.18856711649787322,0.8990907527945902
53.3,0.9204342840509724,0.18846710811172632,0.8993623482017107
53.325,0.9206555454218648,0.18836651189581013,0.8996331390916762
53.35,0.9208753239633981,0.18826533378291568,0.8999031247152218
53.375,0.921093632822913,0.1881635796563098,0.9001723043786096
53.4,0.9213104850283229,0.18806125535014426,0.9004406774428261
53.425,0.9215258934891943,0.18795836664986124,0.9007082433227886
53.45,0.921739870997817,0.18785491929259568,0.900975001486562
53.475,0.9219524302302639,0.18775091896757412,0.901240951454582
53.5,0.9221635837474416,0.18764637131651032,0.9015060927988907
53.525,0.9223733439961305,0.18754128193399747,0.9017704251423776
53.55,0.9225817233100153,0.18743565636789722,0.9020339481580315
53.575,0.9227887339107061,0.1873295001197255,0.9022966615682003
53.6,0.92299438790875,0.18722281864503498,0.9025585651438592
53.625,0.9231986973046327,0.18711561735379464,0.9028196587038876
53.65,0.9234016739897716,0.18700790161076583,0.9030799421143539
53.675,0.9236033297474993,0.18689967673587557,0.9033394152878093
53.7,0.9238036762540379,0.18679094800458643,0.9035980781825883
53.725,0.9240027250794645,0.18668172064826358,0.9038559308021196
53.75,0.9242004876886672,0.18657199985453873,0.904112973194242
53.775,0.9243969754422938,0.18646179076767105,0.9043692054505311
53.8,0.9245921995976893,0.18635109848890505,0.9046246277056315
53.825,0.9247861713098273,0.18623992807682557,0.9048792401365979
53.85,0.9249789016322311,0.18612828454770988,0.9051330429622438
53.875,0.9251704015178872,0.18601617287587674,0.9053860364424973
53.9,0.9253606818201501,0.18590359799403272,0.905638220877764
53.925,0.9255497532936389,0.18579056479361555,0.9058895966082989
53.95,0.9257376265951255,0.18567707812513468,0.9061401640135837
53.975,0.9259243122844153,0.18556314279850905,0.9063899235117122
54.0,0.926109820825219,0.1854487635834021,0.9066388755587832
54.025,0.9262941625860169,0.18533394520955387,0.9068870206482993
54.05,0.9264773478409157,0.1852186923671106,0.9071343593105742
54.075,0.9266593867704966,0.18510300970695145,0.9073808921121455
54.1,0.9268402894626566,0.1849869018410125,0.9076266196551951
54.125,0.9270200659134415,0.18487037334260822,0.9078715425769764
54.15,0.9271987260278718,0.1847534287467503,0.9081156615492479
54.175,0.9273762796207607,0.18463607255046366,0.9083589772777133
54.2,0.9275527364175254,0.18451830921310008,0.9086014905014684
54.225,0.92772810605499,0.18440014315664913,0.9088432019924547
54.25,0.9279023980821819,0.18428157876604662,0.9090841125549188
54.275,0.9280756219611209,0.18416262038948042,0.9093242230248787
54.3,0.9282477870676015,0.1840432723386939,0.9095635342695958
54.325,0.928418902691967,0.18392353888928673,0.9098020471870539
54.35,0.9285889780398782,0.18380342428101337,0.9100397627054435
54.375,0.9287580222330735,0.183682932718079,0.9102766817826525
54.4,0.9289260443101239,0.183562068369433,0.9105128054057633
54.425,0.92909305322718,0.1834408353690601,0.910748134590555
54.45,0.9292590578587127,0.1833192378162692,0.9109826703810124
54.475,0.9294240669982468,0.18319727977597958,0.9112164138488401
54.5,0.9295880893590892,0.1830749652790051,0.9114493660929825
54.525,0.9297511335750496,0.18295229832233575,0.9116815282391502
54.55,0.9299132082011544,0.1828292828694171,0.9119129014393504
54.575,0.9300743217143556,0.1827059228504274,0.9121434868714252
54.6,0.9302344825142318,0.18258222216255235,0.9123732857385931
54.625,0.9303936989236843,0.1824581846702578,0.9126022992689974
54.65,0.930551979189626,0.1823338142055599,0.9128305287152594
54.675,0.9307093314836646,0.18220911456829345,0.9130579753540374
54.7,0.9308657639027798,0.18208408952637758,0.9132846404855905
54.725,0.9310212844699939,0.18195874281607977,0.9135105254333477
54.75,0.9311759011350372,0.1818330781422772,0.9137356315434823
54.775,0.931329621775007,0.18170709917871639,0.9139599601844918
54.8,0.9314824541950205,0.1815808095682704,0.914183512746782
54.825,0.9316344061288627,0.18145421292319422,0.9144062906422568
54.85,0.9317854852396279,0.18132731282537762,0.9146282953039124
54.875,0.9319356991203553,0.18120011282659648,0.9148495281854374
54.9,0.9320850552946599,0.1810726164487617,0.9150699907608163
54.925,0.9322335612173568,0.18094482718416607,0.9152896845239391
54.95,0.9323812242750803,0.18081674849572943,0.9155086109882149
54.975,0.932528051786898,0.18068838381724137,0.9157267716861905
55.0,0.9326740510049186,0.18055973655360236,0.9159441681691737
55.025,0.932819229114895,0.18043081008106268,0.9161608020068605
55.05,0.9329635932368215,0.1803016077474594,0.9163766747869682
55.075,0.9331071504255264,0.1801721328724515,0.9165917881148716
55.1,0.9332499076712586,0.18004238874775305,0.9168061436132449
55.125,0.9333918719002695,0.17991237863736442,0.9170197429217064
55.15,0.9335330499753897,0.17978210577780165,0.9172325876964698
55.175,0.9336734486966002,0.17965157337832394,0.9174446796099973
55.2,0.9338130748015991,0.17952078462115928,0.9176560203506594
55.225,0.9339519349663631,0.17938974266172822,0.9178666116223968
55.25,0.9340900358057036,0.17925845062886578,0.9180764551443878
55.275,0.9342273838738185,0.1791269116250416,0.9182855526507199
55.3,0.9343639856648392,0.17899512872657825,0.9184939058900642
55.325,0.9344998476133717,0.1788631049838678,0.9187015166253553
55.35,0.9346349760950341,0.17873084342158646,0.9189083866334745
55.375,0.9347693774269891,0.17859834703890778,0.9191145177049371
55.4,0.934903057868471,0.1784656188097137,0.9193199116435835
55.425,0.9350360236213094,0.17833266168280426,0.9195245702662742
55.45,0.9351682808304468,0.17819947858210525,0.9197284954025889
55.475,0.9352998355844528,0.17806607240687441,0.9199316888945294
55.5,0.9354306939160334,0.17793244603190583,0.9201341525962253
55.525,0.9355608618025352,0.17779860230773273,0.9203358883736452
55.55,0.9356903451664461,0.17766454406082843,0.9205368981043097
55.575,0.9358191498758912,0.17753027409380592,0.9207371836770096
55.6,0.935947281745124,0.1773957951856156,0.9209367469915266
55.625,0.9360747465350135,0.17726111009174142,0.921135589958358
55.65,0.9362015499535276,0.17712622154439553,0.9213337144984448
55.675,0.9363276976562107,0.17699113225271118,0.9215311225429039
55.7,0.9364531952466592,0.17685584490293418,0.9217278160327627
55.725,0.9365780482769906,0.17672036215861267,0.9219237969186976
55.75,0.9367022622483105,0.1765846866607854,0.9221190671607766
55.775,0.9368258426111736,0.17644882102816845,0.9223136287282039
55.8,0.9369487947660422,0.17631276785734043,0.9225074835990685
55.825,0.9370711240637397,0.1761765297229262,0.9227006337600965
55.85,0.9371928358059004,0.17604010917777888,0.9228930812064057
55.875,0.9373139352454155,0.1759035087531607,0.9230848279412641
55.9,0.9374344275868747,0.17576673095892204,0.9232758759758516
55.925,0.9375543179870043,0.17562977828367923,0.9234662273290238
55.95,0.9376736115551015,0.17549265319499077,0.9236558840270807
55.975,0.9377923133534647,0.17535535813953215,0.9238448481035365
56.0,0.9379104283978194,0.17521789554326916,0.9240331215988942
56.025,0.9380279616577417,0.17508026781162994,0.9242207065604215
56.05,0.9381449180570769,0.1749424773296754,0.9244076050419315
56.075,0.9382613024743549,0.17480452646226846,0.9245938191035646
56.1,0.9383771197432017,0.1746664175542417,0.9247793508115746
56.125,0.9384923746527476,0.17452815293056376,0.9249642022381167
56.15,0.9386070719480314,0.17438973489650433,0.9251483754610393
56.175,0.9387212163304014,0.1742511657377978,0.9253318725636779
56.2,0.9388348124579124,0.1741124477208055,0.9255146956346518
56.225,0.9389478649457199,0.17397358309267674,0.9256968467676643
56.25,0.9390603783664699,0.17383457408150835,0.9258783280613042
56.275,0.9391723572506863,0.17369542289650303,0.9260591416188519
56.3,0.9392838060871536,0.1735561317281264,0.9262392895480864
56.325,0.9393947293232976,0.17341670274826268,0.926418773961096
56.35,0.9395051313655618,0.17327713811036913,0.926597596974091
56.375,0.9396150165797806,0.1731374399496292,0.9267757607072198
56.4,0.9397243892915497,0.17299761038310452,0.9269532672843862
56.425,0.9398332537865923,0.1728576515098854,0.9271301188330708
56.45,0.9399416143111234,0.17271756541124045,0.9273063174841539
56.475,0.9400494750722095,0.1725773541507645,0.9274818653717407
56.5,0.9401568402381256,0.1724370197745258,0.9276567646329897
56.525,0.9402637139387099,0.17229656431121163,0.9278310174079433
56.55,0.9403701002657139,0.17215598977227287,0.9280046258393602
56.575,0.9404760032731504,0.17201529815206734,0.9281775920725509
56.6,0.940581426977638,0.17187449142800204,0.9283499182552154
56.625,0.940686375358743,0.17173357156067406,0.9285216065372824
56.65,0.9407908523593174,0.17159254049401043,0.9286926590707524
56.675,0.9408948618858349,0.17145140015540683,0.928863078009541
56.7,0.9409984078087235,0.1713101524558651,0.9290328655093265
56.725,0.9411014939626946,0.17116879929012957,0.9292020237273981
56.75,0.9412041241470703,0.17102734253682253,0.9293705548225073
56.775,0.9413063021261069,0.17088578405857816,0.9295384609547209
56.8,0.9414080316293157,0.17074412570217565,0.9297057442852764
56.825,0.9415093163517815,0.17060236929867117,0.9298724069764395
56.85,0.9416101599544772,0.17046051666352877,0.9300384511913635
56.875,0.9417105660645769,0.17031856959674999,0.9302038790939511
56.9,0.9418105382757654,0.1701765298830027,0.9303686928487178
56.925,0.9419100801485447,0.17003439929174866,0.9305328946206578
56.95,0.9420091952105387,0.16989217957737018,0.9306964865751117
56.975,0.9421078869567944,0.16974987247929554,0.9308594708776359
57.0,0.9422061588500807,0.16960747972212353,0.9310218496938745
57.025,0.942304014321185,0.1694650030157469,0.9311836251894325
57.05,0.942401456769206,0.16932244405547486,0.9313447995297519
57.075,0.9424984895618448,0.16917980452215436,0.9315053748799882
57.1,0.9425951160356938,0.16903708608229068,0.9316653534048903
57.125,0.9426913394965215,0.1688942903881667,0.9318247372686813
57.15,0.9427871632195565,0.16875141907796143,0.9319835286349414
57.175,0.9428825904497674,0.1686084737758674,0.9321417296664924
57.2,0.9429776244021418,0.16846545609220714,0.932299342525285
57.225,0.9430722682619614,0.1683223676235487,0.932456369372286
57.25,0.9431665251850753,0.16817920995282026,0.932612812367369
57.275,0.9432603982981708,0.16803598464942357,0.932768673669206
57.3,0.9433538906990419,0.16789269326934675,0.9329239554351606
57.325,0.9434470054568551,0.16774933735527595,0.9330786598211834
57.35,0.9435397456124133,0.16760591843670616,0.9332327889817089
57.375,0.9436321141784163,0.16746243803005112,0.9333863450695536
57.4,0.9437241141397207,0.16731889763875218,0.9335393302358164
57.425,0.9438157484535956,0.1671752987533865,0.9336917466297799
57.45,0.9439070200499775,0.16703164285177402,0.9338435963988144
57.475,0.943997931831722,0.16688793139908392,0.9339948816882819
57.5,0.9440884866748533,0.1667441658479399,0.9341456046414434
57.525,0.9441786874288126,0.16660034763852472,0.9342957673993659
57.55,0.9442685369167023,0.16645647819868378,0.934445372100833
57.575,0.94435803793553,0.16631255894402802,0.934594420882255
57.6,0.9444471932564488,0.16616859127803574,0.9347429158775816
57.625,0.9445360056249964,0.1660245765921537,0.9348908592182164
57.65,0.9446244777613317,0.16588051626589737,0.9350382530329313
57.675,0.9447126123604692,0.1657364116669503,0.9351850994477845
57.7,0.9448004120925114,0.16559226415126274,0.9353314005860378
57.725,0.944887879602879,0.16544807506314937,0.9354771585680768
57.75,0.9449750175125394,0.16530384573538623,0.9356223755113316
57.775,0.9450618284182327,0.16515957748930682,0.9357670535301998
57.8,0.9451483148926959,0.1650152716348975,0.9359111947359697
57.825,0.9452344794848849,0.16487092947089196,0.9360548012367456
57.85,0.945320324720195,0.16472655228486505,0.9361978751373743
57.875,0.9454058531006786,0.16458214135332563,0.9363404185393729
57.9,0.9454910671052617,0.16443769794180887,0.9364824335408578
57.925,0.9455759691899579,0.16429322330496762,0.9366239222364748
57.95,0.945660561788081,0.16414871868666306,0.9367648867173312
57.975,0.9457448473104552,0.1640041853200546,0.9369053290709278
58.0,0.9458288281456236,0.1638596244276891,0.9370452513810941
58.025,0.9459125066600551,0.1637150372215892,0.9371846557279224
58.05,0.9459958851983488,0.16357042490334106,0.9373235441877052
58.075,0.9460789660834368,0.16342578866418123,0.9374619188328723
58.1,0.9461617516167858,0.1632811296850829,0.9375997817319298
58.125,0.9462442440785962,0.16313644913684142,0.9377371349494004
58.15,0.9463264457279992,0.16299174818015905,0.9378739805457639
58.175,0.9464083588032527,0.162847027965729,0.9380103205774001
58.2,0.9464899855219354,0.1627022896343189,0.938146157096532
58.225,0.9465713280811388,0.16255753431685338,0.9382814921511704
58.25,0.9466523886576572,0.16241276313449607,0.9384163277850591
58.275,0.9467331694081773,0.1622679771987309,0.938550666037622
58.3,0.9468136724694644,0.16212317761144276,0.9386845089439109
58.325,0.9468938999585479,0.1619783654649974,0.9388178585345536
58.35,0.9469738539729051,0.16183354184232068,0.9389507168357047
58.375,0.9470535365906431,0.16168870781697728,0.939083085868996
58.4,0.9471329498706786,0.16154386445324853,0.9392149676514882
58.425,0.9472120958529174,0.1613990128062098,0.9393463641956238
58.45,0.9472909765584309,0.16125415392180714,0.9394772775091815
58.475,0.9473695939896313,0.16110928883693326,0.9396077095952307
58.5,0.947447950130446,0.16096441857950294,0.9397376624520869
58.525,0.9475260469464897,0.16081954416852776,0.9398671380732692
58.55,0.9476038863852349,0.16067466661419022,0.9399961384474574
58.575,0.9476814703761811,0.16052978691791725,0.9401246655584513
58.6,0.9477588008310226,0.16038490607245307,0.9402527213851295
58.625,0.9478358796438142,0.16024002506193152,0.9403803079014105
58.65,0.9479127086911362,0.16009514486194765,0.9405074270762135
58.675,0.9479892898322572,0.15995026643962887,0.9406340808734212
58.7,0.9480656249092956,0.15980539075370534,0.9407602712518424
58.725,0.94814171574738,0.1596605187545799,0.9408860001651764
58.75,0.9482175641548078,0.15951565138439736,0.9410112695619777
58.775,0.948293171923202,0.1593707895771132,0.9411360813856214
58.8,0.9483685408276673,0.15922593425856174,0.9412604375742702
58.825,0.9484436726269447,0.15908108634652368,0.9413843400608414
58.85,0.9485185690635639,0.15893624675079307,0.9415077907729748
58.875,0.9485932318639951,0.15879141637324384,0.9416307916330021
58.9,0.9486676627387992,0.15864659610789558,0.9417533445579166
58.925,0.9487418633827766,0.15850178684097893,0.9418754514593433
58.95,0.9488158354751143,0.15835698945100035,0.9419971142435102
58.975,0.9488895806795324,0.15821220480880635,0.9421183348112209
59.0,0.9489631006444289,0.15806743377764715,0.9422391150578266
59.025,0.9490363970030224,0.1579226772132399,0.9423594568732003
59.05,0.9491094713734952,0.1577779359638313,0.9424793621417105
59.075,0.9491823253591332,0.1576332108702597,0.9425988327421962
59.1,0.9492549605484658,0.15748850276601664,0.9427178705479432
59.125,0.9493273785154045,0.157343812477308,0.9428364774266595
59.15,0.949399580819379,0.15719914082311448,0.9429546552404532
59.175,0.9494715690054739,0.1570544886152517,0.9430724058458095
59.2,0.9495433446045622,0.1569098566584297,0.9431897310935698
59.225,0.9496149091334394,0.15676524575031206,0.9433066328289106
59.25,0.9496862640949548,0.1566206566815743,0.9434231128913226
59.275,0.9497574109781428,0.15647609023596207,0.9435391731145922
59.3,0.9498283512583522,0.15633154719034864,0.9436548153267814
59.325,0.9498990863973746,0.156187028314792,0.9437700413502103
59.35,0.9499696178435719,0.1560425343725915,0.9438848530014388
59.375,0.9500399470320021,0.1558980661203439,0.9439992520912499
59.4,0.9501100753845442,0.1557536243079991,0.9441132404246328
59.425,0.950180004310022,0.15560920967891526,0.9442268198007674
59.45,0.9502497352043268,0.15546482296991357,0.9443399920130086
59.475,0.9503192694505386,0.15532046491133247,0.9444527588488716
59.5,0.9503886084190468,0.1551761362270815,0.9445651220900181
59.525,0.9504577534676691,0.15503183763469466,0.9446770835122423
59.55,0.9505267059417701,0.1548875698453832,0.9447886448854579
59.575,0.9505954671743778,0.15474333356408826,0.9448998079736857
59.6,0.9506640384862999,0.1545991294895327,0.9450105745350414
59.625,0.9507324211862386,0.1544549583142728,0.9451209463217248
59.65,0.9508006165709048,0.15431082072474941,0.9452309250800082
59.675,0.9508686259251302,0.1541667174013386,0.9453405125502261
59.7,0.9509364505219797,0.15402264901840196,0.9454497104667657
59.725,0.9510040916228618,0.1538786162443365,0.9455585205580574
59.75,0.9510715504776385,0.15373461974162408,0.9456669445465657
59.775,0.9511388283247335,0.15359066016688044,0.9457749841487811
59.8,0.9512059263912405,0.1534467381709038,0.9458826410752119
59.825,0.9512728458930295,0.15330285439872304,0.9459899170303772
59.85,0.9513395880348526,0.15315900948964564,0.9460968137127994
59.875,0.9514061540104489,0.15301520407730487,0.9462033328149984
59.9,0.9514725450026477,0.152871438789707,0.9463094760234848
59.925,0.9515387621834718,0.1527277142492777,0.9464152450187551
59.95,0.9516048067142392,0.1525840310729084,0.9465206414752858
59.975,0.951670679745664,0.1524403898720021,0.9466256670615294
60.0,0.9517363824179561,0.1522967912525187,0.9467303234399096
