t,C,M,R
0.0,0.8,1.6,0.8
0.025,0.7973450020891496,1.5980448422367226,0.8004430651117397
0.05,0.7947152392446405,1.5960993397291667,0.8008723869057289
0.07500000000000001,0.7921104821663599,1.5941634486286187,0.801288153879146
0.1,0.7895305032727402,1.5922371250605474,0.8016905529393047
0.125,0.7869750766981157,1.5903203251291569,0.8020797694004405
0.15000000000000002,0.7844439782898142,1.5884130049218725,0.8024559869810097
0.17500000000000002,0.7819369856049906,1.5865151205137589,0.8028193878014892
0.2,0.7794538779072092,1.5846266279718695,0.803170152382662
0.225,0.7769944361627796,1.5827474833595305,0.8035084596443772
0.25,0.7745584430368546,1.5808776427405566,0.803834486904771
0.275,0.7721456828892946,1.579017062183398,0.8041484098799346
0.30000000000000004,0.769755941770306,1.5771656977652229,0.8044504026840198
0.325,0.767389007415859,1.57532350557593,0.8047406378297661
0.35000000000000003,0.7650446692428909,1.5734904417220974,0.8050192862294411
0.375,0.7627227183443017,1.5716664623308614,0.8052865171961787
0.4,0.7604229474837467,1.5698515235537318,0.8055424984457069
0.42500000000000004,0.758145151090233,1.5680455815703398,0.8057873960984505
0.45,0.7558891252525253,1.56624859259212,0.8060213746820003
0.47500000000000003,0.7536546677133669,1.5644605128659268,0.806244597133935
0.5,0.7514415778635212,1.5626812986775873,0.8064572248049876
0.525,0.7492496567356395,1.5609109063553865,0.8066594174625431
0.55,0.747078706997961,1.5591492922734904,0.8068513332944587
0.5750000000000001,0.7449285329478493,1.5573964128553046,0.8070331289131956
0.6000000000000001,0.7427989405051726,1.555652224576768,0.8072049593602519
0.625,0.7406897372055303,1.5539166839695857,0.8073669781108876
0.65,0.7386007321933342,1.552189747624396,0.8075193370791307
0.675,0.7365317362147467,1.5504713721938783,0.8076621866230558
0.7000000000000001,0.7344825616104826,1.5487615143957971,0.8077956755503254
0.7250000000000001,0.7324530223084795,1.5470601310159853,0.8079199511239851
0.75,0.7304429338164404,1.5453671789112664,0.8080351590685027
0.775,0.7284521132142546,1.5436826150123175,0.8081414435760435
0.8,0.7264803791463014,1.542006396326471,0.8082389473129726
0.8250000000000001,0.7245275518136401,1.5403384799404576,0.8083278114265755
0.8500000000000001,0.722593452966093,1.5386788230230912,0.808408175551989
0.875,0.7206779058942233,1.5370273828278949,0.8084801778193341
0.9,0.7187807354212146,1.5353841166956697,0.8085439548610437
0.925,0.7169017678946547,1.533748982057006,0.8085996418193753
0.9500000000000001,0.7150408311782288,1.5321219364347394,0.8086473723541036
0.9750000000000001,0.7131977546433266,1.5305029374463492,0.8086872786503835
1.0,0.7113723691605652,1.5288919428063033,0.8087194914267779
1.0250000000000001,0.7095645070912354,1.5272889103283467,0.808744139943441
1.05,0.7077740022786717,1.5256937979277383,0.8087613520104524
1.075,0.7060006900395525,1.5241065636234312,0.8087712539962939
1.1,0.7042444071551324,1.522527165540203,0.8087739708364625
1.125,0.7025049918624121,1.520955561910732,0.808769626042213
1.1500000000000001,0.700782283845248,1.5193917110776225,0.8087583417094247
1.175,0.6990761242254052,1.5178355714953795,0.8087402385275845
1.2000000000000002,0.6973863555535587,1.5162871017323318,0.8087154357888814
1.225,0.6957128218002443,1.5147462604725066,0.8086840513974067
1.25,0.6940553683467644,1.5132130065174547,0.8086462018784535
1.2750000000000001,0.6924138419760503,1.5116872987880268,0.808602002387909
1.3,0.690788090863485,1.5101690963261016,0.8085515667217369
1.3250000000000002,0.6891779645676902,1.5086583582962685,0.8084950073255414
1.35,0.6875833140212785,1.5071550439874615,0.8084324353042094
1.375,0.6860039915215765,1.5056591128145478,0.8083639604316258
1.4000000000000001,0.6844398507213196,1.5041705243198724,0.8082896911604559
1.425,0.6828907466193219,1.502689238174756,0.8082097346319908
1.4500000000000002,0.6813565355511244,1.5012152141809503,0.8081241966860512
1.475,0.6798370751796239,1.4997484122720481,0.8080331818709452
1.5,0.6783322244856846,1.4982887925148538,0.8079367934534741
1.5250000000000001,0.6768418437587368,1.4968363151107074,0.8078351334289844
1.55,0.6753657945873625,1.49539094039677,0.8077283025314592
1.5750000000000002,0.6739039398498726,1.493952628847268,0.8076164002436471
1.6,0.6724561437048776,1.4925213410746954,0.8074995248072231
1.625,0.6710222715818529,1.4910970378309774,0.807377773232978
1.6500000000000001,0.6696021901717023,1.4896796800085952,0.8072512413110333
1.675,0.6681957674173217,1.4882692286416712,0.8071200236210769
1.7000000000000002,0.6668028725041641,1.4868656449070172,0.8069842135426164
1.725,0.6654233758508097,1.4854688901251447,0.8068439032652469
1.75,0.6640571490995412,1.4840789257612386,0.8066991837989295
1.7750000000000001,0.6627040651069276,1.482695713426095,0.8065501449842777
1.8,0.6613639979344185,1.4813192148770227,0.806396875502848
1.8250000000000002,0.6600368228389493,1.4799493920187108,0.8062394628874321
1.85,0.6587224162635609,1.4785862069040605,0.8060779935323475
1.875,0.6574206558280341,1.4772296217349847,0.8059125527037241
1.9000000000000001,0.6561314203195421,1.475879598863173,0.8057432245497825
1.925,0.6548545896833203,1.474536100790824,0.8055700921111044
1.9500000000000002,0.6535900450133579,1.4731990901713468,0.8053932373308884
1.975,0.6523376685431105,1.4718685298100291,0.8052127410651926
2.0,0.651097343636236,1.470544382664676,0.8050286830931587
2.025,0.649868954777356,1.4692266118462167,0.8048411421272169
2.0500000000000003,0.6486523875628429,1.4679151806192825,0.8046501958232688
2.075,0.6474475286916348,1.4666100524027545,0.8044559207908454
2.1,0.6462542659560789,1.465311190770283,0.8042583926032396
2.125,0.6450724882328057,1.4640185594507777,0.8040576858076104
2.15,0.6439020854736339,1.462732122328872,0.8038538739350557
2.1750000000000003,0.6427429486965084,1.461451843445357,0.8036470295106539
2.2,0.6415949699764717,1.4601776869975909,0.8034372240634712
2.225,0.6404580424366703,1.4589096173398817,0.8032245281365324
2.25,0.6393320602393965,1.457647598983843,0.8030090112967554
2.275,0.6382169185771678,1.4563915965987262,0.8027907421448452
2.3000000000000003,0.6371125136638435,1.4551415750117258,0.8025697883251485
2.325,0.6360187427257805,1.4538974992082623,0.8023462165354645
2.35,0.6349355039930287,1.4526593343322396,0.8021200925368135
2.375,0.6338626966905668,1.45142704568628,0.8018914811631598
2.4000000000000004,0.6328002210295799,1.450200598731935,0.8016604463310879
2.4250000000000003,0.6317479781987789,1.4489799590898766,0.8014270510494315
2.45,0.6307058703557634,1.4477650925400616,0.8011913574288534
2.475,0.6296738006184277,1.4465559650218784,0.8009534266913757
2.5,0.6286516730564117,1.445352542634272,0.8007133191798579
2.5250000000000004,0.6276393926825968,1.4441547916358455,0.8004710943674239
2.5500000000000003,0.6266368654446477,1.4429626784449452,0.800226810866835
2.575,0.6256439982166,1.4417761696397229,0.799980526439809
2.6,0.6246606987904952,1.4405952319581798,0.7997322980062841
2.625,0.6236868758680636,1.4394198322981917,0.7994821816536266
2.6500000000000004,0.6227224390524538,1.4382499377175142,0.7992302326457823
2.6750000000000003,0.6217672988400127,1.4370855154337714,0.7989765054323698
2.7,0.6208213666121126,1.435926532824425,0.7987210536577153
2.725,0.6198845546270293,1.434772957426728,0.7984639301698291
2.75,0.6189567760118685,1.433624756937659,0.7982051870293216
2.7750000000000004,0.618037944754544,1.4324818992138408,0.7979448755182595
2.8000000000000003,0.6171279756958056,1.431344352271444,0.7976830461489607
2.825,0.616226784521318,1.4302120842860717,0.7974197486727278
2.85,0.6153342877537914,1.4290850635926315,0.7971550320885201
2.875,0.6144504027451635,1.4279632586851907,0.7968889446515623
2.9000000000000004,0.6135750476688331,1.4268466382168166,0.7966215338818912
2.9250000000000003,0.6127081415119462,1.4257351709994028,0.796352846572838
2.95,0.6118496040677346,1.4246288260034812,0.7960829287994484
2.975,0.6109993559279064,1.4235275723580194,0.7958118259268372
3.0,0.6101573184750905,1.4224313793502057,0.7955395826184793
3.0250000000000004,0.6093234138753324,1.4213402164252202,0.7952662428444363
3.0500000000000003,0.6084975650706447,1.420254053185993,0.7949918498895173
3.075,0.6076796957716101,1.4191728593929498,0.7947164463613757
3.1,0.6068697304500378,1.4180966049637453,0.7944400741985398
3.125,0.6060675943316738,1.4170252599729856,0.7941627746783781
3.1500000000000004,0.6052732133889642,1.4159587946519363,0.7938845884249994
3.1750000000000003,0.6044865143338731,1.414897179388223,0.7936055554170863
3.2,0.6037074246107529,1.4138403847255168,0.7933257149956636
3.225,0.6029358723892697,1.4127883813632123,0.7930451058718003
3.25,0.602171786557382,1.4117411401560926,0.7927637661342456
3.2750000000000004,0.6014150967143728,1.410698632113986,0.7924817332569989
3.3000000000000003,0.600665733163936,1.4096608284014114,0.7921990441068136
3.325,0.599923626907317,1.4086277003372143,0.791915734950635
3.35,0.5991887096365062,1.4075992193941942,0.7916318414629722
3.375,0.5984609137274864,1.4065753571987216,0.791347398733203
3.4000000000000004,0.5977401722335351,1.4055560855303473,0.7910624412728148
3.4250000000000003,0.5970264188785785,1.4045413763214014,0.7907770030225773
3.45,0.5963195880506008,1.4035312016565857,0.7904911173596513
3.475,0.5956196147951058,1.402525533772557,0.7902048171046305
3.5,0.5949264348086329,1.4015243450575023,0.7899181345285187
3.5250000000000004,0.5942399844323255,1.4005276080507065,0.7896311013596405
3.5500000000000003,0.5935602006455527,1.3995352954421127,0.7893437487904883
3.575,0.5928870210595847,1.3985473800718757,0.7890561074845022
3.6,0.5922203839113204,1.3975638349299073,0.7887682075827864
3.625,0.5915602280570682,1.396584633155416,0.7884800787107611
3.6500000000000004,0.5909064929663791,1.3956097480364384,0.7881917499847481
3.6750000000000003,0.5902591187159324,1.3946391530093671,0.787903250018494
3.7,0.5896180459834736,1.3936728216584693,0.7876146069296288
3.725,0.5889832160418045,1.3927107277154012,0.7873258483460597
3.75,0.5883545707528253,1.391752845058716,0.7870370014123025
3.7750000000000004,0.5877320525616281,1.3907991477133668,0.7867480927957493
3.8000000000000003,0.5871156044906423,1.3898496098502031,0.7864591486928731
3.825,0.5865051701338307,1.3889042057854635,0.7861701948353697
3.85,0.585900693650938,1.3879629099802622,0.7858812564962367
3.875,0.5853021197617884,1.3870256970400705,0.7855923584957916
3.9000000000000004,0.5847093937406351,1.3860925417141954,0.7853035252076261
3.9250000000000003,0.5841224614105605,1.3851634188952509,0.785014780564501
3.95,0.5835412691379248,1.3842383036186277,0.7847261480641782
3.975,0.582965763826867,1.3833171710619567,0.7844376507751925
4.0,0.5823958929138536,1.38239999654457,0.784149311342563
4.025,0.5818316043622779,1.3814867555269563,0.7838611519934444
4.05,0.5812728466571078,1.3805774236102148,0.7835731945427173
4.075,0.5807195687995831,1.3796719765355034,0.7832854603985209
4.1000000000000005,0.5801717203019612,1.378770390183485,0.7829979705677247
4.125,0.5796292511823112,1.3778726405737698,0.7827107456613428
4.15,0.5790921119593563,1.376978703864355,0.7824238058998894
4.175,0.5785602536473637,1.3760885563510614,0.7821371711186755
4.2,0.5780336277510827,1.3752021744669662,0.7818508607730497
4.2250000000000005,0.5775121862607292,1.3743195347818347,0.7815648939435796
4.25,0.5769958816470183,1.3734406140015485,0.7812792893411786
4.275,0.5764846668562427,1.3725653889675318,0.7809940653121741
4.3,0.5759784953053979,1.3716938366561742,0.7807092398433213
4.325,0.5754773208773538,1.3708259341782534,0.7804248305667605
4.3500000000000005,0.5749810979160717,1.3699616587783536,0.7801408547649193
4.375,0.5744897812218669,1.3691009878342837,0.7798573293753601
4.4,0.5740033260467169,1.3682438988564924,0.7795742709955729
4.425,0.5735216880896143,1.3673903694874834,0.7792916958877142
4.45,0.5730448234919644,1.366540377501226,0.7790096199832925
4.4750000000000005,0.5725726888330268,1.3656939008025677,0.7787280588878002
4.5,0.5721052411254017,1.364850917426643,0.7784470278852927
4.525,0.5716424378105596,1.364011405538282,0.7781665419429159
4.55,0.5711842367544139,1.363175343431417,0.7778866157153804
4.575,0.5707305962429375,1.3623427095284897,0.7776072635493856
4.6000000000000005,0.5702814749778219,1.361513482379855,0.7773284994879915
4.625,0.569836832072178,1.3606876406631858,0.7770503372749409
4.65,0.5693966270462801,1.359865163182877,0.77677279035893
4.675,0.5689608198233518,1.359046028869448,0.7764958718978308
4.7,0.5685293707253921,1.3582302167789442,0.7762195947628623
4.7250000000000005,0.5681022404690443,1.3574177060923396,0.7759439715427146
4.75,0.5676793901615048,1.3566084761149377,0.7756690145476223
4.775,0.5672607812964731,1.3558025062757726,0.7753947358133919
4.800000000000001,0.5668463757501412,1.3549997761270094,0.77512114710538
4.825,0.5664361357772244,1.3542002653433451,0.7748482599224248
4.8500000000000005,0.5660300240070302,1.3534039537214089,0.7745760855007301
4.875,0.5656280034395674,1.352610821179162,0.7743046348177042
4.9,0.5652300374416943,1.3518208477552995,0.7740339185957513
4.925000000000001,0.5648360897433049,1.3510340136086492,0.7737639473060182
4.95,0.5644461244335542,1.3502502990175735,0.7734947311720952
4.9750000000000005,0.5640601059571212,1.3494696843793705,0.7732262801736729
5.0,0.5636779991105095,1.3486921502096747,0.772958604050154
5.025,0.5603569712949545,1.3500288065343309,0.7721090711040601
5.05,0.5570725132406622,1.3513632239491895,0.7712546248518736
5.075,0.5538241513119306,1.3526954506670588,0.7703954777945157
5.1,0.5506114182095598,1.3540255339317009,0.7695318384454666
5.125,0.54743385289741,1.3553535200327358,0.7686639113811224
5.15,0.5442910005292637,1.3566794543203884,0.7677918972910609
5.175,0.541182412376014,1.358003381220079,0.7669159930281928
5.2,0.5381076457531998,1.3593253442468551,0.7660363916587786
5.225,0.5350662639489089,1.3606453860196663,0.7651532825122878
5.25,0.532057836152069,1.3619635482754784,0.7642668512310833
5.275,0.5290819373811432,1.3632798718832304,0.7633772798199111
5.3,0.5261381484132481,1.3645943968576326,0.7624847466951773
5.325,0.5232260557137117,1.365907162372804,0.7615894267339963
5.35,0.5203452513660839,1.3672182067757526,0.7606914913229943
5.375,0.5174953330026166,1.3685275675996953,0.7597911084068513
5.4,0.5146759037352261,1.3698352815772208,0.7588884425365696
5.425,0.5118865720869488,1.371141384653292,0.7579836549174538
5.45,0.509126951923905,1.3724459119980925,0.7570769034567887
5.475,0.5063966623877793,1.3737488980197134,0.7561683428112056
5.5,0.5036953278288293,1.3750503763766846,0.7552581244337225
5.525,0.501022577739432,1.3763503799903485,0.7543463966204503
5.55,0.49837804668817604,1.377648941057078,0.7534333045569525
5.575,0.4957613742545087,1.378946091060339,0.7525189903642506
5.6,0.49317220496394554,1.3802418607825984,0.7516035931444663
5.625,0.4906101882238479,1.3815362803170772,0.7506872490260911
5.65,0.4880749782597768,1.3828293790793527,0.7497700912088766
5.675,0.4855662340524272,1.3841211858188052,0.7488522500083388
5.7,0.4830836192751486,1.3854117286299166,0.7479338528998682
5.725,0.4806268022320564,1.386701034963416,0.7470150245624421
5.75,0.47819545579673833,1.3879891316372766,0.7460958869219299
5.775,0.4757892573515593,1.389276044847565,0.7451765591939907
5.8,0.4734078887275677,1.390561800179141,0.7442571579265552
5.825,0.47105103614500665,1.391846422616214,0.7433377970418883
5.85,0.46871839015443106,1.3931299365527496,0.7424185878782302
5.875,0.46640964557843395,1.3944123658027372,0.7414996392310107
5.9,0.464124501453982,1.39569373361031,0.7405810573936344
5.925,0.4618626609753624,1.3969740626597262,0.7396629461978349
5.95,0.4596238314377414,1.398253375085208,0.7387454070535938
5.975,0.45740772418133446,1.399531692480641,0.737828538988625
6.0,0.4552140545361888,1.4008090359091359,0.7369124386874205
6.025,0.45304254176757736,1.4020854259124536,0.7359972005298576
6.05,0.4508929090220038,1.4033608825202932,0.7350829166293664
6.075,0.44876488327381786,1.4046354252594464,0.7341696768706562
6.1,0.4466581952724395,1.4059090731628188,0.7332575689470007
6.125,0.4445725794901907,1.4071818447783184,0.732346678397083
6.15,0.44250777407073294,1.4084537581776155,0.7314370886413977
6.175,0.4404635207781087,1.4097248309647705,0.7305288810182129
6.2,0.43843956494638464,1.4109950802847357,0.7296221348190922
6.225,0.4364356554298942,1.4122645228317308,0.728716927323976
6.25,0.4344515445540771,1.4135331748574913,0.7278133338358241
6.275,0.4324869880669124,1.4148010521793948,0.7269114277148221
6.3,0.4305417450909434,1.4160681701884636,0.726011280412149
6.325,0.4286155780758898,1.4173345438572467,0.7251129615033125
6.35,0.42670825275184493,1.4186001877475816,0.7242165387210493
6.375,0.4248195380830541,1.4198651160182374,0.723322077987795
6.4,0.42294920622227067,1.421129342432442,0.7224296434477246
6.425,0.42109703246568575,1.4223928803652917,0.7215392974983654
6.45,0.41926279520842863,1.4236557428110475,0.7206511008217852
6.475,0.41744627590063266,1.424917942390318,0.7197651124153579
6.5,0.41564725900406363,1.4261794913571308,0.718881389622109
6.525,0.41386553194930575,1.4274404016058935,0.7179999881606439
6.55,0.41210088509350146,1.4287006846782448,0.7171209621546609
6.575,0.41035311167864025,1.4299603517697999,0.7162443641620532
6.6,0.4086220077903925,1.4312194137367864,0.7153702452036009
6.625,0.4069073723174833,1.432477881102579,0.7144986547912583
6.65,0.4052090069116021,1.4337357640641266,0.7136296409560369
6.675,0.4035267159478432,1.4349930724982811,0.7127632502754901
6.7,0.4018603064856725,1.4362498159680213,0.7118995279008009
6.725,0.40020958823041614,1.4375060037285787,0.7110385175834761
6.75,0.39857437349526487,1.4387616447334661,0.7101802617016516
6.775,0.3969544771637912,1.4400167476404064,0.7093248012860105
6.8,0.39534971665297247,1.4412713208171675,0.7084721760453193
6.825,0.39375991187671666,1.4425253723473017,0.7076224243915841
6.85,0.3921848852098845,1.4437789100357923,0.7067755834648312
6.875,0.3906244614528035,1.4450319414146073,0.705931689157516
6.9,0.3890784677962694,1.4462844737481628,0.7050907761385634
6.925,0.38754673378702875,1.4475365140386969,0.7042528778770425
6.95,0.3860290912937386,1.4487880690315547,0.7034180266654816
6.975,0.38452537447339785,1.4500391452203865,0.7025862536428251
7.0,0.38303541973824506,1.4512897488522596,0.701757588817037
7.025,0.38155906572311776,1.4525398859326866,0.7009320610873543
7.050000000000001,0.3800961532532683,1.4537895622305677,0.7001096982661953
7.075,0.37864652531263066,1.4550387832830534,0.6992905271007248
7.1,0.3772100270125339,1.456287554400324,0.6984745732940815
7.125,0.3757865055608564,1.4575358806702892,0.6976618615262702
7.15,0.37437581023161604,1.45878376696321,0.6968524154747242
7.175000000000001,0.37297779233499173,1.4600312179362414,0.6960462578345403
7.2,0.37159230518777053,1.4612782380378988,0.6952434103383908
7.225,0.37021920408421577,1.4625248315124495,0.6944438937761159
7.25,0.3688583462673508,1.4637710024042287,0.693647728014002
7.275,0.36750959090065394,1.4650167545618826,0.6928549320137465
7.300000000000001,0.366172799040159,1.4662620916425393,0.6920655238511166
7.325,0.3648478336069566,1.4675070171159081,0.6912795207343037
7.35,0.3635345593600918,1.4687515342683088,0.6904969390219763
7.375,0.3622328428698525,1.469995646206632,0.6897177942410389
7.4,0.3609425524914439,1.4712393558622299,0.6889421011040963
7.425000000000001,0.35966355833904445,1.4724826659947428,0.68816987352663
7.45,0.3583957322602382,1.4737255791958563,0.6874011246438894
7.475,0.3571389478108188,1.4749680978929958,0.6866358668275011
7.5,0.3558930802299604,1.4762102243529551,0.6858741117018016
7.525,0.3546580064157507,1.4774519606854633,0.6851158701598943
7.550000000000001,0.3534336049010814,1.478693308846688,0.6843611523794381
7.575,0.35221975582989157,1.4799342706426788,0.6836099678381674
7.6,0.35101634093375916,1.481174847732749,0.6828623253291506
7.625,0.349823243508836,1.4824150416327992,0.6821182329757878
7.65,0.34864034839312197,1.4836548537185812,0.6813776982465531
7.675000000000001,0.3474675419440736,1.484894285228905,0.6806407279694848
7.7,0.3463047120165426,1.4861333372687893,0.6799073283464258
7.725,0.34515174794104025,1.4873720108125548,0.6791775049670189
7.75,0.3440085405023227,1.488610306706865,0.6784512628224609
7.775,0.3428749819182933,1.4898482256737104,0.6777286063190169
7.800000000000001,0.3417509658192173,1.491085768313341,0.6770095392912998
7.825,0.34063638722724504,1.4923229351071452,0.6762940650153187
7.85,0.3395311425362388,1.4935597264204787,0.6755821862212976
7.875,0.33843512949189974,1.494796142505441,0.67487390510627
7.9,0.3373482471721904,1.4960321835036026,0.6741692233464509
7.925000000000001,0.3362703959680488,1.497267849448683,0.6734681421093905
7.95,0.33520147756438984,1.498503140269181,0.6727706620659123
7.975,0.3341413949213904,1.4997380557909556,0.6720767834018387
8.0,0.3330900522560539,1.5009725957397613,0.6713865058295082
8.025,0.33204735502405025,1.5022067597437372,0.6706998285990856
8.05,0.3310132099018275,1.5034405473358505,0.6700167505096699
8.075,0.3299875247689912,1.504673957956295,0.6693372699202021
8.1,0.3289702086909481,1.5059069909548464,0.6686613847601764
8.125,0.32796117190180973,1.507139645593173,0.667989092540157
8.15,0.3269603257875523,1.5083719210471056,0.6673203903621043
8.175,0.32596758286942995,1.509603816408865,0.666655274929513
8.2,0.3249828567876367,1.5108353306892466,0.6659937425573653
8.225,0.3240060622852143,1.5120664628197673,0.6653357891819011
8.25,0.3230371151922017,1.5132972116547703,0.6646814103702094
8.275,0.3220759324100236,1.5145275759734915,0.6640306013296433
8.3,0.32112243189611345,1.515757554482088,0.6633833569170596
8.325,0.3201765326487686,1.5169871458156274,0.6627396716478888
8.35,0.3192381546922332,1.5182163485400408,0.6620995397050358
8.375,0.31830721906200626,1.5194451611540383,0.6614629549476144
8.4,0.31738364779037137,1.5206735820909891,0.6608299109195196
8.425,0.3164673638921446,1.5219016097207658,0.6602004008578377
8.45,0.31555829135063745,1.5231292423515534,0.6595744177011
8.475,0.314656355103832,1.5243564782316252,0.6589519540973795
8.5,0.31376148103076457,1.525583315551083,0.658333002412235
8.525,0.3128735959381153,1.5268097524435658,0.6577175547365046
8.55,0.3119926275470003,1.5280357869879255,0.6571056028939509
8.575,0.31111850447996336,1.5292614172098693,0.6564971384487603
8.6,0.31025115624816446,1.5304866410835722,0.6558921527128991
8.625,0.309390513238762,1.5317114565332575,0.6552906367533278
8.65,0.30853650670248556,1.5329358614347466,0.6546925813990772
8.675,0.3076890687413971,1.5341598536169796,0.6540979772481877
8.7,0.306848132296837,1.5353834308635055,0.6535068146745144
8.725,0.3060136311375523,1.536606590913944,0.6529190838343993
8.75,0.30518549984800514,1.5378293314654186,0.6523347746732148
8.775,0.30436367381685736,1.5390516501739617,0.651753876931778
8.8,0.30354808922563004,1.540273544655892,0.6511763801526409
8.825,0.3027386830375341,1.5414950124891642,0.6506022736862553
8.85,0.3019353929864702,1.5427160512146938,0.6500315466970175
8.875,0.30113815756619505,1.5439366583376535,0.6494641881691923
8.9,0.3003469160196515,1.545156831328746,0.6489001869127208
8.925,0.2995616083284603,1.5463765676254497,0.6483395315689116
8.95,0.2987821752025705,1.5475958646332406,0.6477822106160184
8.975,0.2980085580700667,1.548814719726789,0.647228212374707
9.0,0.2972406990671303,1.5500331302511328,0.6466775250134109
9.025,0.29803642135288877,1.5461338464902419,0.6466150908851793
9.05,0.29883256206948444,1.5422478416587615,0.6465558239311875
9.075,0.2996291257861354,1.5383750311732276,0.646499694280985
9.1,0.30042611697072397,1.534515331270765,0.6464466724055814
9.125,0.30122353999103013,1.5306686589987526,0.6463967291133745
9.15,0.3020213991159473,1.5268349322046428,0.646349835546129
9.175,0.3028196985166818,1.5230140695259295,0.6463059631750044
9.2,0.30361844226793633,1.5192059903802648,0.6462650837966323
9.225,0.30441763434907704,1.5154106149557203,0.6462271695292418
9.25,0.3052172786452848,1.5116278642011916,0.646192192808833
9.275,0.30601737894869097,1.507857659816943,0.6461601263853972
9.3,0.3068179389594979,1.5040999242452922,0.6461309433191837
9.325,0.307618962287084,1.5003545806614271,0.6461046169770129
9.35,0.30842045245109445,1.496621552964362,0.6460811210286338
9.375,0.3092224128825166,1.4929007657680204,0.6460604294431271
9.4,0.3100248469247415,1.489192144392451,0.646042516485352
9.425,0.3108277578346108,1.4854956148551686,0.6460273567124364
9.45,0.31163114878344983,1.481811103862623,0.6460149249703102
9.475,0.31243502285808683,1.4781385388017894,0.6460051963902814
9.5,0.31323938306185856,1.4744778477318812,0.6459981463856532
9.525,0.3140442323156024,1.470828959376182,0.6459937506483833
9.55,0.3148495734586355,1.467191803113996,0.6459919851457829
9.575,0.3156554092497207,1.4635663089727133,0.6459928261172576
9.6,0.31646174236801955,1.4599524076199895,0.6459962500710862
9.625,0.31726857541403314,1.4563500303560375,0.6460022337812399
9.65,0.3180759109105298,1.4527591091060301,0.6460107542842399
9.675,0.3188837513034611,1.4491795764126105,0.6460217888760531
9.7,0.3196920989628656,1.44561136542851,0.6460353151090255
9.725,0.32050095618376057,1.4420544099092711,0.6460513107888528
9.75,0.32131032518702196,1.4385086442060742,0.6460697539715886
9.775,0.3221202081202531,1.4349740032586655,0.6460906229606871
9.8,0.3229306070586416,1.431450422588387,0.6461138963040834
9.825,0.32374152400580525,1.4279378382913033,0.6461395527913083
9.85,0.32455296089462665,1.4244361870314262,0.6461675714506379
9.875,0.3253649195880773,1.4209454060340365,0.6461979315462779
9.9,0.3261774018800304,1.417465433079098,0.6462306125755825
9.925,0.32699040949606356,1.4139962064947649,0.6462655942663051
9.95,0.32780394409425057,1.4105376651509818,0.646302856573885
9.975,0.3286180072659433,1.4070897484531713,0.6463423796787634
10.0,0.32943260053654305,1.4036523963360117,0.6463841439837349
10.025,0.33024772536626223,1.400225549257302,0.6464281301113288
10.05,0.33106338315087586,1.396809148191911,0.6464743189012229
10.075,0.33187957522246353,1.3934031346258131,0.6465226914076877
10.1,0.33269630285014173,1.3900074505502058,0.6465732288970624
10.125,0.3335135672407866,1.3866220384557089,0.6466259128452598
10.15,0.33433136953974757,1.383246841326645,0.6466807249353027
10.175,0.33514971083155143,1.3798818026353996,0.6467376470548882
10.2,0.3359685921405978,1.3765268663368584,0.6467966612939826
10.225,0.33678801443184536,1.3731819768629223,0.6468577499424442
10.25,0.33760797861148917,1.369847079117098,0.6469208954876751
10.275,0.3384284855276296,1.366522118469163,0.6469860806123008
10.3,0.3392495359709325,1.3632070407499044,0.6470532881918778
10.325,0.3400711306752808,1.3599017922459298,0.647122501292628
10.35,0.340893270318418,1.3566063196945495,0.6471937031692011
10.375,0.3417159555225835,1.353320570278729,0.6472668772624627
10.4,0.3425391868551394,1.3500444916221104,0.6473420071973095
10.425,0.3433629648291897,1.3467780317841025,0.6474190767805104
10.45,0.34418728990419145,1.3435211392550364,0.6474980699985727
10.475,0.34501216248655814,1.340273762951389,0.6475789710156351
10.5,0.3458375829302554,1.3370358522110704,0.647661764171384
10.525,0.3466635515373892,1.3338073567887752,0.6477464339789958
10.55,0.34749006855878656,1.3305882268513978,0.6478329651231034
10.575,0.3483171341945688,1.3273784129735084,0.6479213424577867
10.6,0.3491447485947176,1.3241778661328922,0.6480115510045867
10.625,0.3499729118596341,1.3209865377061463,0.6481035759505442
10.65,0.35080162404069043,1.3178043794643384,0.6481974026462604
10.675,0.3516308851407749,1.3146313435687225,0.6482930166039808
10.7,0.3524606951148297,1.3114673825665126,0.6483904034957029
10.725,0.3532910538703824,1.3083124493867129,0.6484895491513051
10.75,0.3541219612680703,1.3051664973360046,0.6485904395566979
10.775,0.3549534171221584,1.3020294800946868,0.6486930608519976
10.8,0.35578542120105083,1.2989013517126724,0.6487973993297206
10.825,0.35661797322779587,1.2957820666055369,0.6489034414329998
10.85,0.3574510728805846,1.2926715795506198,0.6490111737538221
10.875,0.35828471979324333,1.2895698456831788,0.6491205830312857
10.9,0.35911891355571984,1.2864768204925938,0.6492316561498794
10.925,0.3599536537145635,1.283392459818622,0.6493443801377807
10.95,0.3607889397733996,1.2803167198477021,0.6494587421651751
10.975,0.3616247711933974,1.2772495571093083,0.6495747295425943
11.0,0.3624611473937327,1.2741909284723507,0.6496923297192748
11.025,0.3632980677520444,1.2711407911416248,0.649811530281535
11.05,0.3641355316048854,1.2680991026543074,0.6499323189511719
11.075,0.36497353824816814,1.2650658208764973,0.6500546835838761
11.1,0.3658120869376043,1.262040903999803,0.6501786121676663
11.125,0.3666511768891391,1.2590243105379744,0.6503040928213408
11.15,0.3674908072793804,1.2560159993235773,0.6504311137929487
11.175,0.3683309772460221,1.2530159295047143,0.6505596634582776
11.2,0.3691716858882629,1.2500240605417852,0.6506897303193602
11.225,0.37001293226721915,1.2470403522042914,0.6508213030029971
11.25,0.3708547154063334,1.244064764567682,0.6509543702592985
11.275,0.37169703429177703,1.2410972580102386,0.6510889209602413
11.3,0.3725398878728486,1.2381377932100042,0.651224944098244
11.325,0.37338327506236696,1.2351863311417475,0.6513624287847583
11.35,0.37422719473705973,1.2322428330739699,0.6515013642488762
11.375,0.3750716457379467,1.229307260565949,0.6516417398359546
11.4,0.3759166268707188,1.2263795754648212,0.6517835450062555
11.425,0.37676213690611227,1.2234597399027012,0.6519267693336009
11.45,0.3776081745802782,1.2205477162938383,0.6520714025040456
11.475,0.3784547385951477,1.2176434673318102,0.652217434314563
11.5,0.3793018276187926,1.2147469559867508,0.6523648546717482
11.525,0.38014944028578135,1.2118581455026152,0.6525136535905349
11.55,0.3809975751975311,1.2089769993944788,0.6526638211929279
11.575,0.3818462309226552,1.2061034814458704,0.6528153477067498
11.6,0.38269540599730645,1.2032375557061397,0.6529682234644028
11.625,0.3835450989255162,1.2003791864878577,0.6531224389016442
11.65,0.38439530817952944,1.1975283383642505,0.6532779845563769
11.675,0.38524603220013554,1.1946849761666651,0.653434851067453
11.7,0.3860972693969953,1.1918490649820677,0.6535930291734923
11.725,0.3869490181489637,1.1890205701505723,0.6537525097117132
11.75,0.38780127680440907,1.1861994572630021,0.6539132836167783
11.775,0.388654043681528,1.18338569215848,0.6540753419196528
11.8,0.38950731706865693,1.1805792409220501,0.6542386757464761
11.825,0.3903610952245794,1.1777800698823284,0.6544032763174464
11.85,0.39121537637883,1.1749881456091833,0.6545691349457186
11.875,0.39207015873199474,1.172203434911445,0.6547362430363138
11.9,0.39292544045600714,1.1694259048346427,0.6549045920850431
11.925,0.39378121969444163,1.1666555226587707,0.6550741736774424
11.95,0.39463749456280267,1.163892255896082,0.6552449794877194
11.975,0.395494263148811,1.1611360722889088,0.6554170012777143
12.0,0.39635152351268577,1.1583869398075102,0.6555902308958704
12.025,0.3972092736874242,1.1556448266479467,0.6557646602762183
12.05,0.3980675116790769,1.1529097012299803,0.65594028143737
12.075,0.39892623546702055,1.1501815321950006,0.6561170864815268
12.1,0.3997854430042272,1.147460288403977,0.6562950675934962
12.125,0.4006451322175302,1.1447459389354344,0.6564742170397218
12.15,0.401505301007887,1.1420384530834555,0.6566545271673235
12.175,0.402365947250639,1.139337800355706,0.6568359904031492
12.2,0.4032270687957681,1.1366439504714845,0.6570185992528367
12.225,0.4040886634681501,1.1339568733597962,0.6572023462998867
12.25,0.4049507290678056,1.1312765391574497,0.657387224204747
12.275,0.40581326337014734,1.1286029182071766,0.6575732257039059
12.3,0.40667626412622493,1.1259359810557745,0.6577603436089968
12.325,0.40753972906296665,1.1232756984522718,0.6579485708059133
12.35,0.4084036558834183,1.1206220413461145,0.6581379002539334
12.375,0.4092680422669794,1.117974980885376,0.6583283249848546
12.4,0.4101328858696362,1.1153344884149863,0.6585198381021384
12.425,0.4109981843241928,1.1127005354749844,0.6587124327800647
12.45,0.4118639352404984,1.11007309379879,0.6589061022628957
12.475,0.412730136205673,1.1074521353114972,0.6591008398640493
12.5,0.41359678478432954,1.1048376321281876,0.6592966389652825
12.525,0.4144638785187942,1.1022295565522635,0.6594934930158828
12.55,0.4153314149293235,1.099627881073801,0.6596913955318704
12.575,0.4161993915143194,1.0970325783679225,0.659890340095208
12.6,0.41706780575054136,1.094443621293189,0.6600903203530205
12.625,0.41793665509331657,1.0918609828900103,0.660291330016823
12.65,0.41880593697674706,1.0892846363790747,0.6604933628617582
12.675,0.419675648813915,1.086714555159797,0.6606964127258413
12.7,0.42054578799708525,1.0841507128087842,0.6609004735092151
12.725,0.4214163518979057,1.0815930830783196,0.6611055391734119
12.75,0.42228733786760536,1.0790416398948643,0.6613116037406245
12.775,0.42315874323719005,1.0764963573575772,0.6615186612929858
12.8,0.4240305653176359,1.07395720973685,0.6617267059718557
12.825,0.42490280140008074,1.071424171472861,0.6619357319771166
12.85,0.4257754487560132,1.0688972171741453,0.6621457335664768
12.875,0.4266485046374594,1.0663763216161815,0.6623567050547813
12.9,0.4275219662771682,1.0638614597399936,0.6625686408133311
12.925,0.4283958308887935,1.0613526066507706,0.6627815352692097
12.95,0.4292700956670752,1.058849737616501,0.6629953829046171
12.975,0.43014475778801753,1.056352828066623,0.6632101782562118
13.0,0.43101981440906595,1.0538618535906905,0.663425915914459
13.025,0.4318952626692815,1.0513767899370536,0.6636425905229881
13.05,0.43277109968951355,1.048897613011555,0.6638601967779555
13.075,0.43364732257257044,1.0464242988762404,0.6640787294274154
13.100000000000001,0.4345239284033884,1.043956823748084,0.6642981832706978
13.125,0.4354009142491982,1.0414951639977283,0.6645185531577931
13.15,0.4362782771596906,1.0390392961482378,0.6647398339887435
13.175,0.43715601416717914,1.0365891968738667,0.6649620207130419
13.2,0.4380341222867619,1.0341448429988416,0.6651851083290367
13.225000000000001,0.43891259851648107,1.0317062114961562,0.6654090918833436
13.25,0.43979143983748054,1.02927327948638,0.6656339664702642
13.275,0.4406706432141624,1.026846024236481,0.6658597272312106
13.3,0.4415502055943412,1.0244244231586608,0.6660863693541366
13.325,0.44243012390939684,1.0220084538092025,0.6663138880729756
13.350000000000001,0.4433103950744255,1.0195980938873315,0.6665422786670845
13.375,0.44419101598838906,1.0171933212340898,0.6667715364606932
13.4,0.4450719835342632,1.0147941138312209,0.6670016568223613
13.425,0.4459532945791833,1.0124004498000683,0.6672326351644402
13.45,0.44683494597458945,1.0100123074004863,0.6674644669425411
13.475000000000001,0.4477169345563693,1.0076296650297611,0.6676971476550093
13.5,0.4485992571449998,1.0052525012215456,0.6679306728424039
13.525,0.44948191054568726,1.0028807946448044,0.6681650380869838
13.55,0.45036489154850595,1.0005145241027706,0.6684002390121986
13.575,0.45124819692853524,0.9981536685319148,0.668636271282186
13.600000000000001,0.45213182344599534,0.9957982070009237,0.6688731306012743
13.625,0.45301576784638153,0.9934481187096911,0.6691108127134905
13.65,0.4539000268605971,0.9911033829883187,0.6693493134020735
13.675,0.4547845972050848,0.9887639792961284,0.6695886284889933
13.7,0.45566947558195703,0.9864298872206846,0.6698287538344749
13.725000000000001,0.45655465867912465,0.9841010864768273,0.6700696853365282
13.75,0.4574401431704244,0.9817775569057152,0.6703114189304822
13.775,0.4583259257157452,0.9794592784738795,0.6705539505885245
13.8,0.45921200296115283,0.9771462312722868,0.6707972763192467
13.825,0.4600983715390138,0.974838395515413,0.6710413921671938
13.850000000000001,0.46098502806811753,0.9725357515403257,0.6712862942124191
13.875,0.46187196915379786,0.9702382798057776,0.6715319785700437
13.9,0.46275919138805255,0.9679459608913085,0.6717784413898207
13.925,0.46364669134966235,0.9656587754963567,0.6720256788557053
13.95,0.4645344656043086,0.9633767044393802,0.6722736871854277
13.975000000000001,0.4654225107046895,0.9610997286569863,0.6725224626300724
14.0,0.4663108231906355,0.9588278292030713,0.6727720014736611
14.025,0.4671993995892236,0.9565609872479676,0.6730223000327406
14.05,0.46808823641489017,0.9542991840776008,0.6732733546559748
14.075,0.4689773301695433,0.9520424010926556,0.673525161723742
14.100000000000001,0.4698666773426734,0.9497906198077487,0.6737777176477354
14.125,0.4707562744114633,0.9475438218506121,0.6740310188705689
14.15,0.47164611784089694,0.9453019889612834,0.6742850618653868
14.175,0.47253620408386743,0.9430651029913046,0.6745398431354777
14.2,0.47342652958128356,0.9408331459029298,0.6747953592138926
14.225000000000001,0.47431709076217593,0.9386060997683394,0.6750516066630677
14.25,0.4752078840438016,0.936383946768864,0.6753085820744505
14.275,0.47609890583174813,0.9341666691942148,0.6755662820681303
14.3,0.4769901525200365,0.9319542494417216,0.6758247032924727
14.325,0.4778816204912232,0.92974667001558,0.6760838424237581
14.350000000000001,0.4787733061165012,0.9275439135261043,0.6763436961658241
14.375,0.47966520575580057,0.9253459626889889,0.676604261249712
14.4,0.4805573157578874,0.9231528003245763,0.6768655344333161
14.425,0.4814496324604626,0.9209644093571329,0.6771275125010383
14.45,0.4823421521902594,0.918780772814132,0.6773901922634455
14.475000000000001,0.48323487126314024,0.9166018738255431,0.6776535705569307
14.5,0.48412778598419276,0.9144276956231291,0.6779176442433776
14.525,0.48502089264782494,0.9122582215397492,0.6781824102098301
14.55,0.4859141875378595,0.9100934350086701,0.6784478653681634
14.575,0.48680766692762745,0.9079333195628824,0.6787140066547601
14.600000000000001,0.48770132708006114,0.9057778588344244,0.6789808310301894
14.625,0.4885951642477861,0.9036270365537125,0.6792483354788892
14.65,0.48948917467321246,0.9014808365488775,0.6795165170088523
14.675,0.4903833545886257,0.8993392427451075,0.6797853726513159
14.7,0.49127770021627637,0.8972022391639974,0.6800548994604538
14.725000000000001,0.4921722077684694,0.8950698099229042,0.6803250945130729
14.75,0.4930668734476527,0.8929419392343082,0.6805959549083116
14.775,0.49396169344650487,0.8908186114051809,0.680867477767343
14.8,0.49485666394802236,0.8886998108363585,0.6811396602330799
14.825,0.49575178112560614,0.886585522021921,0.6814124994698838
14.850000000000001,0.4966470411431475,0.8844757295485777,0.6816859926632766
14.875,0.49754244015511334,0.8823704180950578,0.6819601370196553
14.9,0.49843797430663084,0.8802695724315072,0.6822349297660105
14.925,0.49933363973357153,0.8781731774188907,0.6825103681496467
14.95,0.5002294325626347,0.8760812180083996,0.6827864494379063
14.975000000000001,0.5011253489114303,0.8739936792408647,0.6830631709178969
15.0,0.5020213848885614,0.8719105462461751,0.6833405298962202
15.025,0.5029175365937055,0.869831804242702,0.6836185236987052
15.05,0.5038138001176966,0.8677574385367273,0.6838971496701436
15.075,0.5047101715426049,0.8656874345218784,0.6841764051740276
15.100000000000001,0.5056066469418176,0.8636217776785673,0.684456287592291
15.125,0.5065032223801185,0.8615604535734354,0.6847367943250534
15.15,0.5073998939137669,0.8595034478588021,0.6850179227903659
15.175,0.5082966575905766,0.8574507462721199,0.6852996704239607
15.2,0.5091935094499938,0.8554023346354334,0.6855820346790027
15.225000000000001,0.5100904455231747,0.8533581988548429,0.6858650130258439
15.25,0.5109874618330635,0.8513183249199736,0.6861486029517803
15.275,0.5118845543944684,0.8492826989034489,0.6864328019608111
15.3,0.5127817192141384,0.8472513069603681,0.6867176075734016
15.325,0.513678952290839,0.8452241353277896,0.6870030173262468
15.350000000000001,0.5145762496154282,0.8432011703242174,0.6872890287720389
15.375,0.5154736071709313,0.8411823983490931,0.6875756394792367
15.4,0.5163710209326153,0.8391678058822917,0.6878628470318373
15.425,0.5172684868680641,0.8371573794836218,0.6881506490291507
15.45,0.5181660009372518,0.8351511057923304,0.688439043085576
15.475000000000001,0.5190635590926165,0.8331489715266116,0.6887280268303807
15.5,0.5199611572791336,0.8311509634831196,0.6890175979074817
15.525,0.5208587914343887,0.8291570685364859,0.6893077539752294
15.55,0.5217564574886502,0.8271672736388404,0.6895984927061926
15.575,0.5226541513649412,0.8251815658193369,0.6898898117869475
15.600000000000001,0.523551868979112,0.8231999321836821,0.6901817089178675
15.625,0.5244496062399112,0.8212223599136689,0.6904741818129154
15.65,0.5253473590490573,0.8192488362667132,0.6907672281994388
15.675,0.5262451233013095,0.817279348575395,0.6910608458179661
15.7,0.5271428948845384,0.8153138842470031,0.6913550324220058
15.725000000000001,0.5280406696797966,0.8133524307630835,0.6916497857778471
15.75,0.5289384435613889,0.8113949756789911,0.6919451036643632
15.775,0.529836212396942,0.8094415066234459,0.6922409838728166
15.8,0.5307339720474745,0.8074920112980923,0.6925374242066656
15.825,0.5316317183674658,0.8055464774770619,0.6928344224813738
15.850000000000001,0.5325294472049258,0.8036048930065397,0.6931319765242211
15.875,0.5334271544014634,0.8016672458043345,0.6934300841741167
15.9,0.5343248357923557,0.7997335238594516,0.6937287432814141
15.925,0.5352224872066162,0.7978037152316703,0.694027951707728
15.95,0.5361201044670634,0.7958778080511232,0.6943277073257531
15.975000000000001,0.5370176833903882,0.79395579051788,0.6946280080190848
16.0,0.5379152197872231,0.792037650901534,0.6949288516820412
16.025,0.5388127094622088,0.790123377540792,0.6952302362194884
16.05,0.5397101482140624,0.7882129588430673,0.6955321595466659
16.075,0.5406075318356445,0.786306383284076,0.6958346195890147
16.1,0.5415048561140267,0.7844036394074361,0.6961376142820073
16.125,0.5424021168305586,0.7825047158242701,0.6964411415709788
16.15,0.5432993097609351,0.7806096012128101,0.6967451994109605
16.175,0.5441964306752625,0.7787182843180066,0.6970497857665143
16.2,0.5450934753381258,0.7768307539511395,0.6973548986115702
16.225,0.5459904395086552,0.7749469989894328,0.6976605359292637
16.25,0.5468873189405926,0.7730670083756711,0.6979666957117765
16.275,0.5477841093823577,0.7711907711178204,0.6982733759601776
16.3,0.5486808065771143,0.7693182762886506,0.6985805746842669
16.325,0.5495774062628369,0.767449513025361,0.69888828990242
16.35,0.5504739041723763,0.765584470529209,0.6991965196414346
16.375,0.5513702960335257,0.7637231380651408,0.6995052619363786
16.4,0.5522665775690869,0.7618655049614258,0.6998145148304398
16.425,0.5531627444969358,0.7600115606092923,0.7001242763747768
16.45,0.5540587925300883,0.7581612944625673,0.7004345446283722
16.475,0.554954717376766,0.7563146960373177,0.7007453176578861
16.5,0.5558505147404623,0.7544717549114947,0.7010565935375124
16.525,0.5567461803200074,0.7526324607245802,0.7013683703488356
16.55,0.5576417098096342,0.750796803177237,0.7016806461806898
16.575,0.558537098899044,0.7489647720309591,0.7019934191290185
16.6,0.5594323432734719,0.7471363571077272,0.7023066872967362
16.625,0.5603274386137522,0.7453115482896643,0.7026204487935915
16.65,0.5612223805963843,0.7434903355186953,0.7029347017360316
16.675,0.5621171648935976,0.7416727087962078,0.7032494442470674
16.7,0.5630117871734178,0.7398586581827162,0.7035646744561415
16.725,0.5639062430997318,0.7380481737975271,0.7038803904989961
16.75,0.5648005283323532,0.7362412458184078,0.7041965905175432
16.775,0.5656946385270882,0.7344378644812567,0.7045132726597357
16.8,0.566588569335801,0.7326380200797761,0.70483043507944
16.825,0.5674823164064792,0.7308417029651465,0.7051480759363095
16.85,0.5683758753832995,0.7290489035457041,0.7054661933956601
16.875,0.5692692419066935,0.7272596122866197,0.7057847856283467
16.9,0.5701624116134131,0.7254738197095802,0.7061038508106406
16.925,0.5710553801365965,0.7236915163924716,0.7064233871241087
16.95,0.5719481431058336,0.7219126929690645,0.7067433927554932
16.975,0.5728406961472323,0.7201373401287013,0.7070638658965941
17.0,0.5737330348834839,0.7183654486159865,0.7073848047441506
17.025,0.5746251549339294,0.716597009230477,0.7077062074997257
17.05,0.5755170519146253,0.7148320128263762,0.7080280723695913
17.075000000000003,0.5764087214384098,0.7130704503122292,0.7083503975646144
17.1,0.577300159114969,0.7113123126506198,0.7086731813001442
17.125,0.578191360550903,0.7095575908578701,0.7089964217959013
17.15,0.5790823213497924,0.7078062760037411,0.7093201172758667
17.175,0.5799730371122647,0.7060583592111361,0.7096442659681736
17.200000000000003,0.5808635034360605,0.7043138316558047,0.7099688661049988
17.225,0.5817537159161007,0.70257268456605,0.7102939159224559
17.25,0.5826436701445528,0.7008349092224364,0.7106194136604901
17.275,0.5835333617108979,0.6991004969575001,0.7109453575627727
17.3,0.5844227862019976,0.6973694391554607,0.7112717458765984
17.325000000000003,0.5853119392021611,0.6956417272519346,0.7115985768527825
17.35,0.5862008162932122,0.6939173527336506,0.7119258487455594
17.375,0.5870894130545569,0.6921963071381668,0.7122535598124826
17.4,0.5879777250632507,0.6904785820535888,0.7125817083143251
17.425,0.5888657478940662,0.6887641691182905,0.7129102925149812
17.450000000000003,0.5897534771195606,0.6870530600206356,0.7132393106813696
17.475,0.5906409083101439,0.6853452464987013,0.7135687610833369
17.5,0.5915280370341466,0.6836407203400032,0.7138986419935627
17.525,0.5924148588578879,0.6819394733812223,0.7142289516874651
17.55,0.593301369345744,0.6802414975079327,0.7145596884431081
17.575000000000003,0.5941875640602166,0.6785467846543318,0.7148908505411087
17.6,0.5950734385620012,0.6768553268029713,0.7152224362645463
17.625,0.5959589884100565,0.6751671159844901,0.715554443898872
17.65,0.5968442091616722,0.6734821442773483,0.71588687173182
17.675,0.5977290963725395,0.6718004038075635,0.7162197180533184
17.700000000000003,0.5986136455968188,0.6701218867484471,0.7165529811554026
17.725,0.5994978523872107,0.6684465853203436,0.7168866593321283
17.75,0.600381712295024,0.6667744917903703,0.7172207508794864
17.775,0.6012652208702468,0.6651055984721588,0.7175552540953184
17.8,0.6021483736616157,0.6634398977255976,0.7178901672792323
17.825000000000003,0.603031166216686,0.6617773819565766,0.7182254887325201
17.85,0.6039135940819021,0.6601180436167323,0.7185612167580762
17.875,0.6047956528026684,0.6584618752031948,0.7188973496603158
17.9,0.6056773379234193,0.6568088692583357,0.7192338857450955
17.925,0.6065586449876903,0.6551590183695181,0.7195708233196334
17.950000000000003,0.6074395695381894,0.6535123151688469,0.7199081606924311
17.975,0.6083201071168681,0.651868752332921,0.7202458961731963
18.0,0.6092002532649928,0.6502283225825864,0.7205840280727659
18.025,0.6100800035232168,0.6485910186826914,0.7209225547030301
18.05,0.6109593534316516,0.6469568334418415,0.7212614743768581
18.075000000000003,0.61183829852994,0.645325759712157,0.721600785408023
18.1,0.6127168343573272,0.643697790389031,0.7219404861111293
18.125,0.6135949564527341,0.6420729184108886,0.7222805748015401
18.15,0.6144726603548298,0.6404511367589482,0.7226210497953054
18.175,0.6153499416021047,0.6388324384569821,0.7229619094090913
18.200000000000003,0.6162267957329431,0.6372168165710806,0.72330315196011
18.225,0.6171032182856975,0.6356042642094152,0.7236447757660504
18.25,0.617979204798761,0.6339947745220039,0.7239867791450096
18.275,0.6188547508106423,0.632388340700478,0.7243291604154256
18.3,0.6197298518600389,0.6307849559778487,0.7246719178960099
18.325000000000003,0.6206045034859119,0.629184613628276,0.7250150499056816
18.35,0.6214787012275599,0.6275873069668385,0.7253585547635019
18.375,0.6223524406246943,0.6259930293493033,0.7257024307886097
18.4,0.6232257172175141,0.6244017741718982,0.7260466763001576
18.425,0.6240985265467807,0.6228135348710844,0.7263912896172486
18.450000000000003,0.6249708641538936,0.6212283049233299,0.7267362690588742
18.475,0.6258427255809661,0.6196460778448846,0.7270816129438523
18.5,0.6267141063709011,0.6180668471915557,0.7274273195907667
18.525,0.627585002067467,0.6164906065584849,0.7277733873179064
18.55,0.6284554082153744,0.6149173495799257,0.7281198144432068
18.575000000000003,0.6293253203603523,0.6133470699290225,0.7284665992841906
18.6,0.6301947340492252,0.61177976131759,0.7288137401579097
18.625,0.6310636448299901,0.6102154174958941,0.7291612353808883
18.65,0.6319320482518936,0.6086540322524332,0.7295090832690659
18.675,0.6327999398655096,0.6070955994137207,0.7298572821377417
18.700000000000003,0.633667315222817,0.6055401128440688,0.730205830301519
18.725,0.6345341698772778,0.6039875664453727,0.7305547260742511
18.75,0.6354004993839152,0.6024379541568955,0.7309039677689874
18.775,0.636266299299392,0.6008912699550548,0.73125355369792
18.8,0.6371315651820899,0.5993475078532097,0.7316034821723315
18.825000000000003,0.6379962925921877,0.5978066619014484,0.731953751502543
18.85,0.6388604770917411,0.596268726186377,0.7323043599978633
18.875,0.6397241142447618,0.5947336948309098,0.7326553059665378
18.9,0.6405871996172975,0.5932015619940587,0.7330065877156995
18.925,0.6414497287775115,0.5916723218707254,0.7333582035513191
18.950000000000003,0.6423116972957631,0.5901459686914932,0.7337101517781571
18.975,0.6431731007446881,0.5886224967224197,0.7340624306997157
19.0,0.6440339346992794,0.5871019002648314,0.7344150386181912
19.025,0.6448941947369676,0.5855841736551174,0.7347679738344285
19.05,0.6457538764377028,0.5840693112645251,0.7351212346478739
19.075000000000003,0.6466129753840353,0.5825573074989566,0.7354748193565308
19.1,0.6474714871611977,0.5810481567987654,0.7358287262569144
19.125,0.6483294073571868,0.5795418536385541,0.7361829536440081
19.15,0.6491867315628453,0.5780383925269732,0.7365374998112197
19.175,0.6500434553719446,0.5765377680065198,0.736892363050339
19.200000000000003,0.6508995743812672,0.575039974653338,0.7372475416514953
19.225,0.6517550841906895,0.5735450070770197,0.737603033903116
19.25,0.6526099804032649,0.5720528599204057,0.7379588380918854
19.275,0.6534642586253071,0.5705635278593879,0.738314952502705
19.3,0.6543179144664739,0.5690770056027128,0.7386713754186528
19.325000000000003,0.6551709435398507,0.5675932878917844,0.739028105120945
19.35,0.6560233414620346,0.5661123695004691,0.7393851398888968
19.375,0.6568751038532183,0.5646342452349,0.7397424779998848
19.4,0.6577262263372755,0.5631589099332834,0.7401001177293097
19.425,0.6585767045418447,0.5616863584657049,0.7404580573505594
19.450000000000003,0.6594265340984145,0.5602165857339363,0.7408162951349724
19.475,0.6602757106424088,0.5587495866712433,0.741174829351803
19.5,0.6611242298132721,0.5572853562421944,0.7415336582681855
19.525,0.6619720872545555,0.5558238894424696,0.7418927801491002
19.55,0.6628192786140018,0.5543651812986702,0.7422521932573394
19.575000000000003,0.6636657995436323,0.5529092268681289,0.7426118958534739
19.6,0.6645116456998326,0.5514560212387214,0.7429718861958204
19.625,0.6653568127434395,0.5500055595286774,0.7433321625404096
19.65,0.6662012963398276,0.5485578368863933,0.7436927231409539
19.675,0.667045092158996,0.5471128484902451,0.744053566248817
19.700000000000003,0.6678881958756558,0.5456705895484016,0.744414690112983
19.725,0.6687306031693174,0.5442310552986388,0.7447760929800266
19.75,0.6695723097243779,0.5427942410081544,0.7451377730940836
19.775,0.6704133112302091,0.5413601419733836,0.7454997286968222
19.8,0.6712536033812455,0.5399287535198141,0.7458619580274147
19.825000000000003,0.6720931818770725,0.5385000710018036,0.7462244593225096
19.85,0.6729320424225145,0.5370740898023966,0.7465872308162044
19.875,0.6737701807277241,0.5356508053331416,0.7469502707400191
19.9,0.6746075925082704,0.5342302130339099,0.74731357732287
19.925,0.6754442734852284,0.5328123083727144,0.747677148791044
19.950000000000003,0.6762802193852677,0.5313970868455286,0.7480409833681736
19.975,0.6771154259407425,0.5299845439761067,0.7484050792752125
20.0,0.6779498888897806,0.5285746753158046,0.7487694347304114
20.025,0.6787836039763737,0.5271674764434001,0.7491340479492946
20.05,0.6796165669504669,0.5257629429649152,0.7494989171446372
20.075000000000003,0.6804487735680492,0.5243610705134379,0.7498640405264427
20.1,0.6812802195912435,0.5229618547489451,0.7502294163019207
20.125,0.6821109007883972,0.5215652913581252,0.750595042675466
20.15,0.6829408129341731,0.520171376054203,0.7509609178486373
20.175,0.6837699518096397,0.5187801045767628,0.7513270400201375
20.200000000000003,0.6845983132023628,0.5173914726915739,0.7516934073857933
20.225,0.685425892906496,0.5160054761904157,0.7520600181385361
20.25,0.6862526867228729,0.5146221108909034,0.7524268704683831
20.275,0.6870786904590976,0.5132413726363145,0.7527939625624191
20.3,0.6879038999296371,0.5118632572954157,0.7531612926047789
20.325000000000003,0.6887283109559125,0.51048776076229,0.7535288587766297
20.35,0.6895519193663914,0.5091148789561646,0.7538966592561542
20.375,0.6903747209966797,0.5077446078212395,0.7542646922185351
20.4,0.691196711689614,0.5063769433265161,0.7546329558359385
20.425,0.6920178872953537,0.5050118814656261,0.7550014482774988
20.450000000000003,0.6928382436714738,0.5036494182566625,0.7553701677093043
20.475,0.6936577766830574,0.5022895497420086,0.7557391122943826
20.5,0.6944764822027881,0.5009322719881693,0.7561082801926869
20.525,0.6952943561110436,0.4995775810856024,0.7564776695610828
20.55,0.6961113942959881,0.4982254731485504,0.756847278553335
20.575000000000003,0.6969275926536654,0.49687594431487225,0.7572171053200959
20.6,0.6977429470880927,0.4955289907458763,0.7575871480088928
20.625,0.6985574535113532,0.49418460862615343,0.7579574047641173
20.65,0.69937110784369,0.4928427941634105,0.7583278737270142
20.675,0.7001839060135997,0.49150354358830434,0.7586985530356707
20.700000000000003,0.7009958439579255,0.4901668531542764,0.7590694408250072
20.725,0.7018069176219515,0.4888327191373876,0.7594405352267674
20.75,0.7026171229594962,0.4875011378361536,0.7598118343695096
20.775,0.7034264559330065,0.4861721055713809,0.7601833363785984
20.8,0.7042349125136517,0.48484561868600284,0.7605550393761961
20.825000000000003,0.7050424886814174,0.48352167354491654,0.7609269414812557
20.85,0.7058491804252,0.48220026653481984,0.761299040809514
20.875,0.7066549837429003,0.4808813940640492,0.7616713354734846
20.9,0.7074598946415184,0.4795650525624174,0.7620438235824519
20.925,0.7082639091372475,0.4782512384810522,0.7624165032424658
20.950000000000003,0.7090670232555686,0.47693994829223546,0.762789372556336
20.975,0.7098692330313447,0.47563117848924197,0.763162429623628
21.0,0.7106705345089156,0.4743249255861796,0.7635356725406582
21.025,0.7114709237421919,0.4730211861178294,0.7639090994004906
21.05,0.71227039679475,0.4717199566394862,0.7642827082929331
21.075000000000003,0.7130689497399265,0.47042123372679956,0.7646564973045352
21.1,0.7138665786609127,0.4691250139756154,0.7650304645185853
21.125,0.7146632796508494,0.46783129400181783,0.7654046080151083
21.15,0.7154590488129214,0.4665400704411713,0.7657789258708653
21.175,0.7162538822604523,0.4652513399491635,0.7661534161593512
21.200000000000003,0.7170477761169989,0.46396509920084844,0.7665280769507954
21.225,0.7178407265164461,0.4626813448906899,0.7669029063121608
21.25,0.7186327296031016,0.46140007373240555,0.7672779023071448
21.275,0.7194237815317904,0.4601212824588112,0.7676530629961792
21.3,0.7202138784679493,0.45884496782166545,0.7680283864364327
21.325000000000003,0.7210030165877218,0.4575711265915152,0.7684038706818114
21.35,0.7217911920780525,0.4562997555575411,0.7687795137829616
21.375,0.722578401136782,0.4550308515274033,0.7691553137872723
21.4,0.7233646399727408,0.4537644113270882,0.7695312687388781
21.425,0.7241499048058445,0.45250043180075517,0.7699073766786627
21.450000000000003,0.7249341918671877,0.45123890981058357,0.7702836356442628
21.475,0.7257174973991386,0.4499798422366206,0.7706600436700726
21.5,0.7264998176554336,0.44872322597662906,0.7710365987872482
21.525,0.727281148901271,0.4474690579459361,0.7714132990237134
21.55,0.7280614874134059,0.4462173350772818,0.7717901424041648
21.575000000000003,0.7288408294802438,0.4449680543206682,0.7721671269500782
21.6,0.7296191714019348,0.44372121264320946,0.7725442506797151
21.625,0.7303965094904677,0.4424768070289813,0.7729215116081297
21.65,0.7311728400697641,0.44123483447887163,0.7732989077471761
21.675,0.7319481594757716,0.43999529201043147,0.7736764371055163
21.700000000000003,0.732722464056558,0.43875817665772593,0.7740540976886282
21.725,0.7334957501724048,0.4375234854711859,0.7744318874988148
21.75,0.7342680141959004,0.4362912155174601,0.7748098045352125
21.775,0.735039252512034,0.4350613638792672,0.7751878467938017
21.8,0.7358094615182883,0.43383392765524886,0.7755660122674156
21.825000000000003,0.7365786376247331,0.4326089039598229,0.7759442989457512
21.85,0.7373467772541178,0.4313862899230365,0.7763227048153802
21.875,0.7381138768419647,0.4301660826904207,0.7767012278597599
21.9,0.7388799328366614,0.4289482794228443,0.7770798660592448
21.925,0.7396449416995533,0.42773287729636866,0.7774586173910989
21.950000000000003,0.7404088999050363,0.426519873502103,0.7778374798295079
21.975,0.7411718039406489,0.42530926524605983,0.7782164513455924
22.0,0.7419336503071639,0.42410104974901086,0.7785955299074208
22.025,0.7426944355186806,0.4228952242463433,0.7789747134800231
22.05,0.7434541561027169,0.4216917859879165,0.7793540000254054
22.075000000000003,0.7442128086002999,0.4204907322379192,0.7797333875025639
22.1,0.7449703895660578,0.41929206027472693,0.7801128738675
22.125,0.7457268955683108,0.41809576739075976,0.7804924570732354
22.15,0.7464823231891624,0.4169018508923408,0.7808721350698286
22.175,0.7472366690245895,0.41571030809955456,0.78125190580439
22.200000000000003,0.7479899296845332,0.41452113634610643,0.7816317672210991
22.225,0.7487421017929888,0.4133343329791817,0.7820117172612212
22.25,0.7494931819880966,0.41214989535930574,0.782391753863125
22.275,0.7502431669222304,0.41096782086020395,0.7827718749622997
22.3,0.7509920532620881,0.4097881068686626,0.7831520784913739
22.325000000000003,0.7517398376887805,0.4086107507843899,0.7835323623801336
22.35,0.7524865168979205,0.40743575001987714,0.7839127245555411
22.375,0.7532320875997116,0.4062631020002608,0.7842931629417547
22.4,0.7539765465190368,0.4050928041631846,0.784673675460148
22.425,0.7547198903955464,0.4039248539586623,0.7850542600293301
22.450000000000003,0.7554621159837465,0.40275924884894043,0.7854349145651661
22.475,0.7562032200530857,0.40159598630836196,0.7858156369807979
22.5,0.7569431993880434,0.40043506382323,0.7861964251866655
22.525,0.7576820507882166,0.39927647889167206,0.7865772770905285
22.55,0.7584197710684062,0.3981202290235046,0.7869581905974881
22.575000000000003,0.759156357058704,0.39696631174009805,0.7873391636100094
22.6,0.7598918056045784,0.3958147245742424,0.7877201940279447
22.625,0.7606261135669604,0.3946654650700127,0.7881012797485557
22.65,0.7613592778223292,0.3935185307826357,0.7884824186665377
22.675,0.7620912952627967,0.392373919278356,0.7888636086740431
22.700000000000003,0.7628221627961932,0.3912316281343035,0.7892448476607061
22.725,0.7635518773461508,0.3900916549383607,0.7896261335136666
22.75,0.7642804358521882,0.3889539972890304,0.7900074641175957
22.775,0.7650078352697941,0.38781865279530425,0.7903888373547209
22.8,0.7657340725705104,0.38668561907653115,0.7907702511048518
22.825000000000003,0.7664591447420155,0.3855548937622865,0.791151703245406
22.85,0.7671830487882065,0.38442647449224177,0.7915331916514358
22.875,0.7679057817292816,0.38330035891603403,0.7919147141956547
22.9,0.7686273406018216,0.3821765446931368,0.7922962687484649
22.925,0.7693477224588715,0.3810550294927303,0.7926778531779843
22.950000000000003,0.7700669243700214,0.37993581099357293,0.7930594653500749
22.975,0.7707849434214871,0.3788188868838728,0.7934411031283704
23.0,0.7715017767161898,0.37770425486115944,0.7938227643743051
23.025,0.7722174213738364,0.37659191263215663,0.7942044469471429
23.05,0.7729318745309984,0.3754818579126549,0.7945861487040061
23.075000000000003,0.7736451333411907,0.37437408842738507,0.7949678674999056
23.1,0.7743571949749498,0.37326860190989153,0.7953496011877699
23.125,0.7750680566199123,0.3721653961024068,0.7957313476184764
23.15,0.7757777154808916,0.37106446875572574,0.7961131046408813
23.175,0.7764861687799554,0.36996581762908065,0.7964948701018506
23.200000000000003,0.7771934137565017,0.3688694404900167,0.7968766418462917
23.225,0.7778994476673357,0.3677753351142675,0.7972584177171846
23.25,0.778604267786744,0.36668349928563176,0.7976401955556142
23.275,0.7793078714065709,0.3655939307958496,0.798021973200802
23.3,0.7800102558362922,0.36450662744447987,0.7984037484901395
23.325000000000003,0.7807114184030896,0.36342158703877764,0.7987855192592203
23.35,0.7814113564519237,0.36233880739357227,0.7991672833418736
23.375,0.7821100673456077,0.3612582863311457,0.7995490385701979
23.4,0.7828075484648794,0.3601800216811115,0.7999307827745947
23.425,0.7835037972084733,0.3591040112802942,0.8003125137838027
23.450000000000003,0.7841988109931918,0.3580302529726087,0.8006942294249324
23.475,0.7848925872539764,0.35695874460894106,0.8010759275235004
23.5,0.7855851234439778,0.3558894840470287,0.8014576059034653
23.525,0.7862764170346258,0.35482246915134164,0.8018392623872623
23.55,0.7869664655156983,0.3537576977929641,0.8022208947958396
23.575000000000003,0.78765526639539,0.3526951678494766,0.8026025009486937
23.6,0.7883428172003805,0.3516348772048381,0.8029840786639064
23.625,0.7890291154759018,0.35057682374926935,0.803365625758181
23.65,0.7897141587858053,0.34952100537913594,0.8037471400468793
23.675,0.7903979447126277,0.3484674199968323,0.8041286193440587
23.700000000000003,0.7910804708576571,0.34741606551066595,0.8045100614625097
23.725,0.791761734840998,0.34636693983474226,0.8048914642137939
23.75,0.7924417343016356,0.34532004088884966,0.8052728254082817
23.775,0.7931204668974999,0.3442753665983454,0.8056541428551911
23.8,0.793797930305529,0.3432329148940416,0.8060354143626256
23.825000000000003,0.7944741222217315,0.34219268371209205,0.8064166377376137
23.85,0.7951490403612486,0.3411546709938791,0.806797810786148
23.875,0.7958226824584153,0.34011887468590135,0.8071789313132243
23.9,0.7964950462668215,0.3390852927396617,0.8075599971228815
23.925,0.797166129559372,0.3380539231115559,0.8079410060182417
23.950000000000003,0.7978359301283454,0.3370247637627615,0.8083219558015503
23.975,0.7985044457854533,0.3359978126591273,0.8087028442742165
24.0,0.7991716743618984,0.3349730677710634,0.8090836692368538
24.025,0.7998376137084318,0.33395052707343154,0.8094644284893219
24.05,0.8005022616954095,0.3329301885454362,0.8098451198307667
24.075000000000003,0.8011656162128491,0.3319120501705159,0.8102257410596628
24.1,0.8018276751704845,0.3308961099362351,0.8106062899738551
24.125,0.8024884364978208,0.3298823658341767,0.8109867643706004
24.15,0.8031478981441884,0.3288708158598348,0.81136716204661
24.175,0.8038060580787963,0.3278614580125082,0.8117474807980921
24.200000000000003,0.8044629142907844,0.3268542902951943,0.8121277184207947
24.225,0.8051184647892756,0.32584931071448336,0.8125078727100481
24.25,0.8057727076034268,0.3248465172804535,0.8128879414608089
24.275,0.8064256407824792,0.32384590800656604,0.8132679224677026
24.3,0.8070772623958086,0.32284748090956145,0.813647813525068
24.325000000000003,0.8077275705329734,0.3218512340093556,0.8140276124270003
24.35,0.8083765633037635,0.3208571653289368,0.8144073169673959
24.375,0.8090242388382476,0.3198652728942633,0.8147869249399964
24.4,0.8096705952868198,0.3188755547341609,0.8151664341384331
24.425,0.8103156308202458,0.3178880088802217,0.8155458423562721
24.450000000000003,0.8109593436297078,0.3169026333667028,0.8159251473870588
24.475,0.8116017319268491,0.31591942623042624,0.8163043470243632
24.5,0.812242793943818,0.31493838551067826,0.8166834390618254
24.525,0.8128825279333105,0.3139595092491105,0.8170624212932014
24.55,0.8135209321686122,0.3129827954896405,0.8174412915124082
24.575000000000003,0.8141580049436401,0.3120082422783537,0.8178200475135704
24.6,0.814793744572983,0.3110358476634053,0.818198687091066
24.625,0.8154281493919413,0.31006560969492275,0.818577208039573
24.65,0.8160612177565658,0.3090975264249092,0.8189556081541155
24.675,0.8166929480436962,0.3081315959071469,0.819333885230111
24.700000000000003,0.8173233386509983,0.3071678161971016,0.8197120370634167
24.725,0.8179523879970008,0.30620618535182714,0.820090061450377
24.75,0.8185800945211307,0.30524670142987087,0.8204679561878707
24.775,0.8192064566837488,0.3042893624911793,0.8208457190733581
24.8,0.8198314729661834,0.3033341665970047,0.8212233479049289
24.825000000000003,0.820455141870764,0.30238111180981164,0.8216008404813497
24.85,0.8210774619208532,0.30143019619318484,0.8219781946021122
24.875,0.8216984316608793,0.30048141781173693,0.8223554080674808
24.9,0.8223180496563665,0.299534774731017,0.8227324786785413
24.925,0.822936314493965,0.29859026501741964,0.8231094042372489
24.950000000000003,0.8235532247814804,0.29764788673809484,0.823486182546477
24.975,0.824168779147902,0.29670763796085786,0.8238628114100656
25.0,0.8247829762434301,0.29576951675410024,0.8242392886328701
25.025,0.8253942937779437,0.29580653791133205,0.824615609932236
25.05,0.8260012352028449,0.2958414497875292,0.824991762749086
25.075,0.8266038375467708,0.29587426897260977,0.8253677326471609
25.1,0.8272021375081746,0.2959050119318652,0.8257435054180988
25.125,0.82779617145868,0.2959336950069658,0.8261190670785966
25.15,0.8283859754463913,0.29596033441695674,0.8264944038676086
25.175,0.8289715851991598,0.29598494625924354,0.8268695022435816
25.2,0.8295530361278085,0.2960075465105682,0.8272443488817249
25.225,0.8301303633293134,0.2960281510279753,0.8276189306713166
25.25,0.8307036015899446,0.2960467755497687,0.8279932347130432
25.275,0.8312727853883661,0.29606343569645893,0.8283672483163739
25.3,0.8318379488986969,0.296078146971701,0.8287409589969685
25.325,0.8323991259935314,0.29609092476322346,0.8291143544741184
25.35,0.8329563502469227,0.2961017843437482,0.8294874226682193
25.375,0.8335096549373274,0.29611074087190126,0.829860151698277
25.4,0.8340590730505132,0.29611780939311527,0.8302325298794441
25.425,0.8346046372824302,0.2961230048405227,0.830604545720588
25.45,0.8351463800420462,0.296126342035841,0.830976187921889
25.475,0.8356843334541468,0.2961278356902491,0.8313474453724697
25.5,0.8362185293621004,0.2961275004052558,0.831718307148053
25.525,0.8367489993305891,0.2961253506735597,0.8320887625086492
25.55,0.8372757746483066,0.29612140087990135,0.8324588008962734
25.575,0.8377988863306225,0.2961156653019071,0.8328284119326899
25.6,0.838318365122214,0.2961081581109253,0.8331975854171846
25.625,0.8388342414996665,0.2960988933728547,0.8335663113243663
25.65,0.8393465456740414,0.2960878850489653,0.8339345798019937
25.675,0.8398553075934146,0.2960751469967113,0.8343023811688297
25.7,0.8403605569453834,0.29606069297053667,0.8346697059125225
25.725,0.8408623231595433,0.2960445366226738,0.8350365446875122
25.75,0.8413606354099371,0.29602669150393446,0.835402888312963
25.775,0.8418555226174729,0.2960071710644933,0.8357687277707213
25.8,0.8423470134523148,0.2959859886546651,0.8361340542032979
25.825,0.8428351363362455,0.29596315752567404,0.8364988589118753
25.85,0.843319919445001,0.295938690830417,0.8368631333543388
25.875,0.8438013907105778,0.2959126016242193,0.8372268691433322
25.9,0.8442795778235147,0.29588490286558394,0.8375900580443361
25.925,0.8447545082351464,0.2958556074169344,0.8379526919737698
25.95,0.8452262091598329,0.2958247280453505,0.8383147629971163
25.975,0.8456947075771624,0.295792277423298,0.8386762633270696
26.0,0.8461600302341289,0.29575826812935174,0.8390371853217041
26.025,0.8466222036472865,0.29572271264891237,0.8393975214826666
26.05,0.8470812541048774,0.29568562337491683,0.8397572644533886
26.075,0.8475372076689377,0.2956470126085428,0.8401164070173218
26.1,0.8479900901773781,0.2956068925599068,0.8404749420961927
26.125,0.8484399272460426,0.2955652753487563,0.8408328627482793
26.15,0.8488867442707433,0.29552217300515615,0.8411901621667079
26.175,0.8493305664292735,0.29547759747016855,0.8415468336777698
26.2,0.849771418683398,0.2954315605965278,0.8419028707392582
26.225,0.8502093257808216,0.29538407414930884,0.8422582669388246
26.25,0.8506443122571364,0.2953351498065903,0.8426130159923548
26.275,0.8510764024377472,0.2952847991601119,0.8429671117423639
26.3,0.8515056204397765,0.2952330337159262,0.8433205481564101
26.325,0.8519319901739492,0.29517986489504483,0.843673319325527
26.35,0.8523555353464556,0.2951253040340796,0.8440254194626747
26.375,0.8527762794607963,0.29506936238587783,0.8443768429012085
26.4,0.8531942458196055,0.2950120511201524,0.844727584093366
26.425,0.8536094575264561,0.29495338132410676,0.8450776376087714
26.45,0.8540219374876453,0.2948933640030547,0.8454269981329575
26.475,0.8544317084139609,0.2948320100810349,0.8457756604659049
26.5,0.8548387928224295,0.29476933040142017,0.8461236195205979
26.525,0.8552432130380461,0.2947053357275223,0.8464708703215974
26.55,0.8556449911954855,0.294640036743191,0.8468174080036303
26.575,0.8560441492407962,0.294573444053409,0.847163227810195
26.6,0.856440708933076,0.29450556818488133,0.8475083250921838
26.625,0.8568346918461311,0.29443641958662026,0.8478526953065194
26.65,0.8572261193701175,0.2943660086305254,0.8481963340148095
26.675,0.8576150127131655,0.2942943456119593,0.8485392368820152
26.7,0.858001392902988,0.2942214407503176,0.8488813996751348
26.725,0.858385280788472,0.2941473041895958,0.8492228182619036
26.75,0.8587666970412537,0.29407194599895026,0.8495634886095083
26.775,0.8591456621572784,0.2939953761732555,0.8499034067833151
26.8,0.8595221964583436,0.29391760463365657,0.8502425689456141
26.825,0.8598963200936276,0.29383864122811715,0.8505809713543765
26.85,0.8602680530412017,0.29375849573196344,0.850918610362027
26.875,0.860637415109528,0.29367717784842334,0.8512554824142295
26.9,0.8610044259389421,0.29359469720916165,0.8515915840486875
26.925,0.8613691050031209,0.2935110633748108,0.8519269118939571
26.95,0.861731471610536,0.29342628583549774,0.8522614626682743
26.975,0.8620915449058922,0.293340374011366,0.8525952331783954
27.0,0.862449343871553,0.2932533372530944,0.8529282203184502
27.025,0.8628048873289509,0.29316518484241105,0.8532604210688091
27.05,0.8631581939399842,0.2930759259926038,0.8535918324949617
27.075,0.8635092822084007,0.2929855698490263,0.8539224517464098
27.1,0.8638581704811676,0.2928941254896002,0.8542522760555711
27.125,0.8642048769498277,0.2928016019253136,0.8545813027366969
27.15,0.8645494196518428,0.29270800810071557,0.8549095291848007
27.175,0.8648918164719247,0.29261335289440643,0.8552369528746001
27.2,0.8652320851433521,0.2925176451195248,0.8555635713594697
27.225,0.8655702432492766,0.29242089352423056,0.8558893822704062
27.25,0.8659063082240139,0.292323106792184,0.8562143833150053
27.275,0.8662402973543256,0.29222429354302143,0.8565385722764496
27.3,0.8665722277806859,0.2921244623328272,0.8568619470125085
27.325,0.8669021164985382,0.29202362165460166,0.8571845054545493
27.35,0.8672299803595394,0.29192177993872614,0.8575062456065585
27.375,0.8675558360727917,0.29181894555342386,0.8578271655441755
27.4,0.8678797002060642,0.29171512680521744,0.858147263413736
27.425,0.8682015891870013,0.291610331939383,0.8584665374313268
27.45,0.8685215193043214,0.29150456914040085,0.858784985881851
27.475,0.8688395067090037,0.29139784653240236,0.8591026071181035
27.5,0.8691555674154635,0.291290172179614,0.8594193995598571
27.525,0.8694697173027176,0.2911815540867975,0.8597353616929589
27.55,0.869781972115538,0.291072000199687,0.8600504920684366
27.575,0.8700923474655956,0.29096151840542245,0.860364789301615
27.6,0.8704008588325928,0.2908501165329805,0.860678252071242
27.625,0.870707521565386,0.2907378023536012,0.8609908791186253
27.65,0.8710123508830979,0.29062458358121224,0.8613026692467773
27.675,0.8713153618762193,0.2905104678728495,0.8616136213195713
27.7,0.871616569507701,0.2903954628290747,0.8619237342609056
27.725,0.8719159886140356,0.29027957599438975,0.862233007053878
27.75,0.8722136339063303,0.2901628148576481,0.8625414387399687
27.775,0.8725095199713684,0.290045186852463,0.8628490284182333
27.8,0.8728036612726625,0.28992669935761256,0.8631557752445039
27.825,0.8730960721514976,0.2898073596974419,0.8634616784305997
27.85,0.8733867668279653,0.2896871751422623,0.8637667372435464
27.875,0.8736757594019879,0.2895661529087472,0.8640709510048035
27.9,0.8739630638543341,0.28944430016032563,0.8643743190895019
27.925,0.874248694047625,0.28932162400757216,0.8646768409256883
27.95,0.8745326637273315,0.2891981315085944,0.864978515993579
27.975,0.8748149865227629,0.28907382966941747,0.865279343824822
28.0,0.875095675948046,0.2889487254443654,0.8655793240017668
28.025,0.8753747454030965,0.28882282573644014,0.8658784561567434
28.05,0.8756522081745807,0.2886961373976974,0.8661767399713477
28.075,0.8759280774368696,0.2885686672296197,0.8664741751757369
28.1,0.8762023662529843,0.28844042198348696,0.8667707615479313
28.125,0.8764750875755326,0.28831140836074404,0.8670664989131244
28.15,0.8767462542476382,0.2881816330133657,0.8673613871430007
28.175,0.8770158790038608,0.28805110254421884,0.8676554261550616
28.2,0.877283974471109,0.2879198235074221,0.8679486159119578
28.225,0.8775505531695444,0.28778780240870283,0.8682409564208301
28.25,0.8778156275134786,0.2876550457057512,0.8685324477326573
28.275,0.8780792098122617,0.287521559808572,0.8688230899416113
28.3,0.8783413122711633,0.28738735107983393,0.8691128831844196
28.325,0.8786019469922459,0.2872524258352156,0.869401827639735
28.35,0.878861125975231,0.2871167903437501,0.8696899235275117
28.375,0.8791188611183568,0.2869804508281661,0.8699771711083899
28.4,0.8793751642192293,0.28684341346522685,0.8702635706830854
28.425,0.8796300469756659,0.28670568438606675,0.8705491225917874
28.45,0.8798835209865314,0.2865672696765253,0.8708338272135633
28.475,0.880135597752567,0.28642817537747856,0.8711176849657687
28.5,0.8803862886772121,0.2862884074851685,0.8714006963034654
28.525,0.8806356050674194,0.2861479719515294,0.8716828617188456
28.55,0.8808835581344623,0.28600687468451264,0.871964181740662
28.575,0.8811301589947357,0.28586512154840815,0.8722446569336657
28.6,0.8813754186705505,0.2857227183641644,0.8725242878980486
28.625,0.8816193480909202,0.2855796709097055,0.8728030752688937
28.65,0.881861958092342,0.28543598492024624,0.8730810197156307
28.675,0.8821032594195701,0.2852916660886048,0.8733581219414983
28.7,0.8823432627263832,0.285146720065513,0.8736343826830121
28.725,0.882581978576345,0.2850011524599246,0.8739098027094387
28.75,0.882819417443559,0.28485496883932093,0.8741843828222763
28.775,0.8830555897134155,0.284708174730015,0.87445812385474
28.8,0.8832905056833338,0.28456077561745247,0.874731026671254
28.825,0.8835241755634972,0.2844127769465113,0.8750030921669496
28.85,0.8837566094775817,0.2842641841217985,0.8752743212671678
28.875,0.8839878174634794,0.28411500250794536,0.8755447149269688
28.9,0.8842178094740147,0.28396523742990004,0.8758142741306467
28.925,0.8844465953776555,0.2838148941732183,0.876082999891249
28.95,0.8846741849592171,0.2836639779843521,0.876350893250103
28.975,0.8849005879205623,0.283512494070936,0.876617955276346
29.0,0.8851258138812927,0.28336044760207146,0.8768841870664627
29.025,0.8853498723794372,0.28320784370860935,0.8771495897438257
29.05,0.8855727728721322,0.28305468748343005,0.8774141644582437
29.075,0.8857945247362979,0.2829009839817218,0.8776779123855127
29.1,0.8860151372693081,0.28274673822125695,0.8779408347269738
29.125,0.8862346196896542,0.282591955182666,0.8782029327090753
29.15,0.8864529811376044,0.28243663980971,0.8784642075829405
29.175,0.8866702306758566,0.28228079700955083,0.8787246606239397
29.2,0.8868863772901864,0.2821244316530194,0.8789842931312679
29.225,0.8871014298900896,0.28196754857488215,0.8792431064275269
29.25,0.8873153973094189,0.2818101525741053,0.8795011018583124
29.275,0.887528288307016,0.28165224841411757,0.8797582807918058
29.3,0.8877401115673379,0.2814938408230708,0.880014644618371
29.325,0.8879508757010781,0.28133493449409847,0.8802701947501551
29.35,0.8881605892457829,0.28117553408557294,0.8805249326206951
29.375,0.8883692606664623,0.2810156442213601,0.8807788596845278
29.4,0.8885768983561956,0.28085526949107276,0.8810319774168054
29.425,0.8887835106367328,0.28069441445032195,0.8812842873129143
29.45,0.8889891057590901,0.2805330836209664,0.8815357908880997
29.475,0.8891936919041411,0.28037128149136037,0.8817864896770938
29.5,0.8893972771832027,0.28020901251659935,0.8820363852337485
29.525,0.8895998696386165,0.28004628111876456,0.8822854791306723
29.55,0.8898014772443247,0.279883091687165,0.8825337729588723
29.575,0.8900021079064424,0.2797194485785784,0.8827812683273987
29.6,0.8902017694638241,0.2795553561174898,0.8830279668629955
29.625,0.8904004696886261,0.2793908185963289,0.8832738702097537
29.65,0.8905982162868638,0.27922584027570574,0.8835189800287698
29.675,0.890795016898965,0.27906042538464393,0.8837632979978075
29.7,0.8909908791003182,0.2788945781208132,0.8840068258109637
29.725,0.8911858104018163,0.27872830265075954,0.8842495651783385
29.75,0.8913798182503965,0.27856160311013406,0.8844915178257096
29.775,0.8915729100295745,0.27839448360391994,0.8847326854942094
29.8,0.891765093059976,0.27822694820665805,0.8849730699400072
29.825,0.8919563745998619,0.2780590009626706,0.8852126729339946
29.85,0.8921467618456509,0.27789064588628337,0.8854514962614745
29.875,0.8923362619324368,0.2777218869620463,0.8856895417218541
29.9,0.8925248819345016,0.2775527281449526,0.8859268111283422
29.925,0.892712628865825,0.2773831733606559,0.8861633063076486
29.95,0.8928995096805891,0.27721322650568636,0.886399029099689
29.975,0.8930855312736787,0.27704289144766486,0.8866339813572918
30.0,0.893270700481179,0.2768721720255157,0.8868681649459094
30.025,0.893455024080867,0.27670107204967764,0.887101581743333
30.05,0.8936385087927007,0.27652959530231397,0.8873342336394104
30.075,0.8938211612793033,0.27635774553752024,0.8875661225357679
30.1,0.8940029881464442,0.2761855264815312,0.8877972503455347
30.125,0.8941839959435147,0.27601294183292585,0.8880276189930714
30.15,0.8943641911640017,0.27583999526283104,0.8882572304137016
30.175,0.8945435802459555,0.27566669041512376,0.8884860865534471
30.2,0.8947221695724554,0.27549303090663185,0.8887141893687655
30.225,0.8948999654720708,0.27531902032733324,0.888941540826292
30.25,0.8950769742193182,0.27514466224055395,0.889168142902584
30.275,0.895253202035115,0.2749699601831643,0.8893939975838686
30.3,0.8954286550872296,0.27479491766577385,0.8896191068657938
30.325,0.895603339490727,0.2746195381729254,0.8898434727531823
30.35,0.8957772613084122,0.27444382516328664,0.8900670972597886
30.375,0.8959504265512681,0.27426778206984126,0.8902899824080592
30.4,0.8961228411788917,0.2740914123000782,0.8905121302288957
30.425,0.8962945110999255,0.2739147192361798,0.8907335427614208
30.45,0.8964654421724856,0.27373770623520843,0.8909542220527473
30.475,0.8966356402045863,0.2735603766292917,0.8911741701577502
30.5,0.896805110954562,0.2733827337258066,0.8913933891388415
30.525,0.896973860131484,0.27320478080756205,0.8916118810657475
30.55,0.8971418933955757,0.27302652113298026,0.8918296480152902
30.575,0.8973092163586232,0.27284795793627664,0.8920466920711696
30.6,0.8974758345843827,0.27266909442763865,0.8922630153237504
30.625,0.8976417535889852,0.272489933793403,0.8924786198698506
30.65,0.8978069788413372,0.2723104791962321,0.892693507812533
30.675,0.8979715157635181,0.27213073377528846,0.8929076812608997
30.7,0.8981353697311751,0.27195070064640864,0.8931211423298885
30.725,0.8982985460739142,0.2717703829022753,0.8933338931400726
30.75,0.8984610500756879,0.2715897836125884,0.8935459358174629
30.775,0.8986228869751801,0.27140890582423505,0.8937572724933122
30.8,0.8987840619661882,0.2712277525614579,0.8939679053039228
30.825,0.8989445801980009,0.2710463268260228,0.8941778363904561
30.85,0.8991044467757742,0.2708646315973846,0.8943870678987449
30.875,0.8992636667609032,0.2706826698328524,0.8945956019791077
30.9,0.8994222451713918,0.27050044446775295,0.8948034407861664
30.925,0.8995801869822189,0.2703179584155936,0.8950105864786654
30.95,0.8997374971257012,0.27013521456822326,0.8952170412192938
30.975,0.8998941804918542,0.269952215795993,0.8954228071745097
31.0,0.9000502419287489,0.2697689649479147,0.8956278865143666
31.025,0.9002056862428667,0.2695854648518191,0.8958322814123426
31.05,0.9003605181994502,0.2694017183145126,0.8960359940451715
31.075,0.9005147425228526,0.2692177281219326,0.8962390265926766
31.1,0.9006683638968828,0.26903349703930224,0.8964413812376062
31.125,0.9008213869651486,0.26884902781128345,0.8966430601654716
31.15,0.9009738163313968,0.2686643231621293,0.8968440655643874
31.175,0.9011256565598507,0.2684793857958351,0.8970443996249141
31.2,0.9012769121755437,0.2682942183962883,0.897244064539902
31.225,0.9014275876646525,0.2681088236274175,0.8974430625043385
31.25,0.9015776874748249,0.2679232041333402,0.8976413957151964
31.275,0.901727216015507,0.2677373625385095,0.8978390663712852
31.3,0.9018761776582663,0.2675513014478598,0.8980360766731035
31.325,0.9020245767371132,0.2673650234469516,0.8982324288226944
31.35,0.902172417548819,0.26717853110211465,0.8984281250235021
31.375,0.9023197043532319,0.2669918269605907,0.8986231674802312
31.4,0.9024664413735901,0.26680491355067504,0.8988175583987074
31.425,0.9026126327968322,0.26661779338185665,0.8990112999857406
31.45,0.9027582827739057,0.2664304689449578,0.8992043944489897
31.475,0.9029033954200719,0.2662429427122724,0.8993968439968292
31.5,0.9030479748152095,0.26605521713770325,0.899588650838218
31.525,0.9031920250041147,0.2658672946568986,0.8997798171825702
31.55,0.9033355499967992,0.26567917768738747,0.8999703452396266
31.575,0.9034785537687862,0.26549086862871374,0.9001602372193301
31.6,0.903621040261403,0.26530236986256994,0.900349495331701
31.625,0.9037630133820721,0.26511368375292943,0.9005381217867149
31.65,0.9039044770045994,0.2649248126461779,0.9007261187941823
31.675,0.9040454349694601,0.26473575887124384,0.9009134885636304
31.7,0.9041858910840823,0.2645465247397281,0.9011002333041856
31.725,0.9043258491231284,0.26435711254603245,0.9012863552244589
31.75,0.9044653128287738,0.26416752456748716,0.9014718565324318
31.775,0.9046042859109839,0.2639777630644778,0.9016567394353451
31.8,0.9047427720477879,0.2637878302805709,0.9018410061395884
31.825,0.9048807748855514,0.2635977284426389,0.902024658850592
31.85,0.9050182980392462,0.263407459760984,0.9022076997727196
31.875,0.9051553450927174,0.2632170264294612,0.9023901311091636
31.9,0.9052919195989496,0.26302643062560044,0.9025719550618406
31.925,0.9054280250803293,0.2628356745107277,0.9027531738312906
31.95,0.9055636650289063,0.2626447602300856,0.9029337896165754
31.975,0.9056988429066529,0.26245368991295254,0.9031138046151802
32.0,0.9058335621457201,0.26226246567276146,0.9032932210229159
32.025,0.9059678261486924,0.2620710896072174,0.9034720410338234
32.05,0.9061016382888405,0.2618795637984145,0.9036502668400792
32.075,0.9062350019103713,0.26168789031295175,0.9038279006319022
32.1,0.9063679203286767,0.2614960712020484,0.9040049445974624
32.125,0.9065003968305797,0.2613041085016578,0.9041814009227909
32.15,0.9066324346745783,0.2611120042325813,0.9043572717916909
32.175,0.9067640370910882,0.2609197604005805,0.9045325593856512
32.2,0.9068952072826829,0.2607273789964892,0.9047072658837599
32.225,0.9070259484243318,0.26053486199632414,0.9048813934626199
32.25,0.9071562636636364,0.26034221136139546,0.905054944296266
32.275,0.9072861561210648,0.2601494290384156,0.9052279205560835
32.3,0.9074156288901837,0.2599565169596081,0.9054003244107273
32.325,0.9075446850378892,0.25976347704281516,0.9055721580260432
32.35,0.9076733276046351,0.2595703111916047,0.9057434235649902
32.375,0.9078015596046596,0.25937702129537615,0.9059141231875636
32.4,0.9079293840262095,0.2591836092294662,0.9060842590507204
32.425,0.9080568038317637,0.25899007685525305,0.9062538333083052
32.45,0.9081838219582541,0.2587964260202604,0.9064228481109773
32.475,0.9083104413172843,0.2586026585582602,0.9065913056061395
32.5,0.9084366647953475,0.25840877628937525,0.906759207937868
32.525,0.9085624952540413,0.2582147810201804,0.9069265572468432
32.55,0.9086879355302824,0.25802067454380356,0.9070933556702822
32.575,0.9088129884365176,0.2578264586400254,0.9072596053418714
32.6,0.9089376567609344,0.2576321350753789,0.9074253083917023
32.625,0.9090619432676696,0.25743770560324775,0.9075904669462063
32.65,0.9091858506970156,0.25724317196396407,0.9077550831280915
32.675,0.9093093817656256,0.2570485358849057,0.9079191590562813
32.7,0.9094325391667167,0.2568537990805924,0.908082696845853
32.725,0.9095553255702719,0.25665896325278154,0.9082456986079781
32.75,0.9096777436232389,0.25646403009056296,0.9084081664498637
32.775,0.9097997959497298,0.25626900127045327,0.9085701024746947
32.8,0.9099214851512163,0.25607387845648943,0.9087315087815774
32.825,0.9100428138067254,0.25587866330032155,0.9088923874654836
32.85,0.9101637844730323,0.255683357441305,0.9090527406171968
32.875,0.9102843996848522,0.25548796250659184,0.9092125703232579
32.9,0.9104046619550306,0.25529248011122174,0.9093718786659134
32.925,0.9105245737747311,0.25509691185821204,0.9095306677230638
32.95,0.9106441376136228,0.2549012593386471,0.909688939568213
32.975,0.9107633559200657,0.2547055241317672,0.9098466962704189
33.0,0.9108822311212941,0.25450970780505666,0.9100039398942452
33.025,0.9110007656235988,0.2543138119143311,0.9101606724997133
33.05,0.9111189618125083,0.25411783800382465,0.9103168961422562
33.075,0.9112368220529674,0.2539217876062757,0.9104726128726727
33.1,0.9113543486895153,0.2537256622430127,0.9106278247370826
33.125,0.9114715440464615,0.2535294634240389,0.910782533776883
33.15,0.9115884104280606,0.2533331926481168,0.9109367420287052
33.175,0.9117049501186856,0.2531368514028516,0.9110904515243731
33.2,0.9118211653829996,0.2529404411647742,0.9112436642908615
33.225,0.9119370584661264,0.25274396339942384,0.9113963823502563
33.25,0.9120526315938188,0.25254741956142956,0.911548607719715
33.275,0.9121678869726266,0.25235081109459157,0.9117003424114278
33.3,0.9122828267900627,0.2521541394319618,0.9118515884325805
33.325,0.9123974532147674,0.2519574059959238,0.9120023477853171
33.35,0.912511768396672,0.2517606121982721,0.9121526224667039
33.375,0.9126257744671608,0.2515637594402912,0.9123024144686946
33.4,0.912739473539231,0.25136684911283336,0.9124517257780953
33.425,0.9128528677076528,0.2511698825963966,0.912600558376531
33.45,0.9129659590491267,0.2509728612612015,0.912748914240413
33.475,0.91307874962244,0.2507757864672677,0.9128967953409067
33.5,0.9131912414686222,0.25057865956448994,0.9130442036438999
33.525,0.913303436611099,0.2503814818927131,0.9131911411099729
33.55,0.9134153370558448,0.2501842547818071,0.9133376096943678
33.575,0.9135269447915335,0.24998697955174118,0.9134836113469602
33.6,0.9136382617896893,0.24978965751265733,0.9136291480122304
33.625,0.9137492900048352,0.2495922899649436,0.9137742216292356
33.65,0.9138600313746401,0.24939487819930647,0.9139188341315836
33.675,0.9139704878200656,0.249197423496843,0.9140629874474057
33.7,0.9140806612455107,0.24899992712911218,0.9142066834993315
33.725,0.9141905535389556,0.24880239035820587,0.9143499242044646
33.75,0.9143001665721047,0.24860481443681928,0.9144927114743573
33.775,0.9144095022005271,0.24840720060832078,0.9146350472149878
33.8,0.9145185622637976,0.24820955010682125,0.914776933326737
33.825,0.9146273485856352,0.2480118641572429,0.9149183717043667
33.85,0.9147358629740412,0.24781414397538765,0.9150593642369974
33.875,0.9148441072214354,0.24761639076800485,0.9151999128080878
33.9,0.9149520831047921,0.24741860573285862,0.915340019295414
33.925,0.9150597923857742,0.24722079005879463,0.9154796855710502
33.95,0.9151672368108659,0.24702294492580643,0.9156189135013495
33.975,0.9152744181115057,0.24682507150510116,0.9157577049469253
34.0,0.9153813380042166,0.24662717095916492,0.9158960617626334
34.025,0.9154879981907361,0.2464292444418276,0.9160339857975544
34.05,0.915594400358145,0.2462312930983271,0.9161714788949774
34.075,0.9157005461789949,0.24603331806537324,0.9163085428923837
34.1,0.9158064373114349,0.2458353204712112,0.9164451796214309
34.125,0.9159120753993367,0.24563730143568427,0.9165813909079381
34.15,0.9160174620724196,0.24543926207029634,0.9167171785718711
34.175,0.9161225989463732,0.24524120347827383,0.9168525444273287
34.2,0.9162274876229799,0.2450431267546272,0.9169874902825291
34.225,0.9163321296902363,0.24484503298621194,0.9171220179397972
34.25,0.916436526722473,0.24464692325178913,0.9172561291955517
34.275,0.9165406802804744,0.2444487986220856,0.9173898258402936
34.3,0.9166445919115963,0.2442506601598535,0.9175231096585948
34.325,0.9167482631498832,0.24405250891992958,0.9176559824290873
34.35,0.9168516955161846,0.24385434594929395,0.9177884459244523
34.375,0.9169548905182701,0.24365617228712838,0.917920501911411
34.4,0.9170578496509433,0.24345798896487414,0.9180521521507146
34.425,0.9171605743961555,0.24325979700628955,0.9181833983971356
34.45,0.9172630662231175,0.24306159742750694,0.9183142423994594
34.475,0.9173653265884111,0.24286339123708922,0.9184446859004759
34.5,0.9174673569360993,0.24266517943608604,0.9185747306369725
34.525,0.9175691586978358,0.2424669630180896,0.9187043783397265
34.55,0.9176707332929734,0.24226874296928988,0.9188336307334987
34.575,0.9177720821286716,0.2420705202685296,0.9189624895370267
34.6,0.9178732066000027,0.2418722958873587,0.9190909564630199
34.625,0.9179741080900583,0.2416740707900884,0.9192190332181531
34.65,0.9180747879700534,0.2414758459338449,0.9193467215030626
34.675,0.9181752475994305,0.24127762226862265,0.9194740230123407
34.7,0.9182754883259628,0.24107940073733714,0.9196009394345319
34.725,0.918375511485856,0.2408811822758775,0.9197274724521295
34.75,0.9184753184038498,0.24068296781315845,0.9198536237415715
34.775,0.9185749103933177,0.24048475827117213,0.9199793949732384
34.8,0.9186742887563674,0.2402865545650392,0.9201047878114501
34.825,0.9187734547839385,0.24008835760305988,0.9202298039144637
34.85,0.918872409755901,0.23989016828676446,0.920354444934472
34.875,0.918971154941152,0.2396919875109634,0.9204787125176018
34.9,0.9190696915977118,0.2394938161637971,0.9206026083039127
34.925,0.919168020972819,0.23929565512678533,0.9207261339273966
34.95,0.9192661443030256,0.23909750527487614,0.920849291015977
34.975,0.9193640628142897,0.23889936747649465,0.9209720811915094
35.0,0.9194617777220696,0.23870124259359124,0.921094506069781
35.025,0.9195592902314146,0.23850313148168945,0.9212165672605119
35.05,0.9196566015370571,0.2383050349899336,0.9213382663673556
35.075,0.9197537128235028,0.23810695396113596,0.9214596049879006
35.1,0.9198506252651206,0.2379088892318235,0.9215805847136717
35.125,0.9199473400262311,0.23771084163228448,0.9217012071301323
35.15,0.9200438582611951,0.2375128119866146,0.9218214738166862
35.175,0.9201401811145009,0.23731480111276268,0.9219413863466808
35.2,0.9202363097208511,0.23711680982257616,0.922060946287409
35.225,0.9203322452052484,0.23691883892184618,0.9221801552001132
35.25,0.9204279886830805,0.23672088921035236,0.9222990146399884
35.275,0.9205235412602051,0.2365229614819072,0.9224175261561859
35.3,0.9206189040330329,0.23632505652440017,0.9225356912918171
35.325,0.9207140780886113,0.23612717511984138,0.9226535115839584
35.35,0.920809064504706,0.23592931804440515,0.9227709885636551
35.375,0.920903864349883,0.23573148606847297,0.9228881237559268
35.4,0.9209984786835894,0.23553367995667632,0.923004918679772
35.425,0.9210929085562332,0.2353359004679391,0.9231213748481738
35.45,0.9211871550092631,0.23513814835551974,0.9232374937681055
35.475,0.9212812190752471,0.23494042436705304,0.9233532769405364
35.5,0.9213751017779507,0.23474272924459155,0.9234687258604379
35.525,0.9214688041324143,0.2345450637246469,0.9235838420167901
35.55,0.9215623271450296,0.23434742853823054,0.9236986268925881
35.575,0.9216556718136163,0.23414982441089432,0.923813081964849
35.6,0.9217488391274969,0.23395225206277073,0.9239272087046192
35.625,0.9218418300675719,0.23375471220861288,0.9240410085769815
35.65,0.9219346456063936,0.23355720555783407,0.9241544830410624
35.675,0.9220272867082397,0.23335973281454722,0.9242676335500407
35.7,0.9221197543291864,0.23316229467760383,0.9243804615511546
35.725,0.9222120494171798,0.2329648918406327,0.9244929684857105
35.75,0.9223041729121086,0.2327675249920785,0.9246051557890911
35.775,0.9223961257458743,0.23257019481523983,0.9247170248907642
35.8,0.9224879088424615,0.2323729019883071,0.9248285772142916
35.825,0.922579523118008,0.23217564718440017,0.9249398141773378
35.85,0.9226709694808737,0.23197843107160565,0.9250507371916799
35.875,0.9227622488317092,0.2317812543130138,0.9251613476632161
35.9,0.9228533620635239,0.23158411756675543,0.9252716469919764
35.925,0.9229443100617529,0.2313870214860382,0.9253816365721313
35.95,0.9230350937043241,0.231189966719183,0.925491317792003
35.975,0.9231257138617244,0.23099295390965963,0.9256006920340744
36.0,0.9232161713970649,0.23079598369612261,0.9257097606750001
36.025,0.9233064671661464,0.23059905671244652,0.9258185250856171
36.05,0.9233966020175236,0.23040217358776097,0.9259269866309552
36.075,0.9234865767925692,0.23020533494648562,0.9260351466702476
36.1,0.9235763923255369,0.23000854140836463,0.9261430065569426
36.125,0.9236660494436245,0.229811793588501,0.9262505676387143
36.15,0.923755548967036,0.22961509209739064,0.9263578312574742
36.175,0.9238448917090436,0.22941843754095612,0.9264647987493826
36.2,0.9239340784760481,0.2292218305205802,0.9265714714448604
36.225,0.9240231100676406,0.22902527163313915,0.9266778506686008
36.25,0.9241119872766617,0.22882876147103579,0.9267839377395811
36.275,0.9242007108892616,0.2286323006222322,0.9268897339710754
36.3,0.9242892816849589,0.2284358896702823,0.9269952406706663
36.325,0.9243777004366994,0.22823952919436413,0.9271004591402573
36.35,0.9244659679109138,0.22804321976931183,0.9272053906760858
36.375,0.9245540848675756,0.22784696196564755,0.9273100365687352
36.4,0.9246420520602578,0.22765075634961288,0.9274143981031483
36.425,0.9247298702361897,0.22745460348320024,0.9275184765586396
36.45,0.9248175401363126,0.22725850392418395,0.9276222732089088
36.475,0.9249050624953357,0.22706245822615106,0.9277257893220537
36.5,0.9249924380417911,0.22686646693853196,0.9278290261605839
36.525,0.9250796674980882,0.22667053060663073,0.9279319849814336
36.55,0.925166751580568,0.22647464977165532,0.9280346670359755
36.575,0.9252536909995566,0.2262788249707475,0.9281370735700345
36.6,0.9253404864594182,0.22608305673701243,0.9282392058239014
36.625,0.9254271386586085,0.22588734559954826,0.9283410650323466
36.65,0.9255136482897258,0.22569169208347534,0.9284426524246341
36.675,0.925600016039564,0.22549609670996515,0.9285439692245359
36.7,0.9256862425891631,0.2253005599962692,0.9286450166503455
36.725,0.9257723286138603,0.2251050824557476,0.928745795914893
36.75,0.9258582747833405,0.22490966459789735,0.9288463082255588
36.775,0.9259440817616863,0.22471430692838062,0.9289465547842883
36.8,0.9260297502074276,0.22451900994905255,0.9290465367876066
36.825,0.9261152807735905,0.22432377415798904,0.9291462554266329
36.85,0.9262006741077462,0.22412860004951432,0.9292457118870951
36.875,0.9262859308520591,0.22393348811422814,0.9293449073493453
36.9,0.9263710516433349,0.22373843883903294,0.9294438429883738
36.925,0.9264560371130677,0.22354345270716075,0.9295425199738248
36.95,0.9265408878874873,0.22334853019819983,0.9296409394700108
36.975,0.9266256045876057,0.22315367178812123,0.9297391026359285
37.0,0.926710187829263,0.22295887794930497,0.9298370106252735
37.025,0.9267946382231737,0.22276414915056625,0.9299346645864556
37.05,0.9268789563749716,0.22256948585718128,0.9300320656626142
37.075,0.9269631428852553,0.22237488853091295,0.9301292149916339
37.1,0.9270471983496321,0.22218035763003635,0.9302261137061599
37.125,0.9271311233587629,0.2219858936093641,0.9303227629336134
37.15,0.9272149184984056,0.22179149692027145,0.9304191637962073
37.175,0.9272985843494587,0.22159716801072113,0.9305153174109619
37.2,0.9273821214880039,0.22140290732528822,0.930611224889721
37.225,0.9274655304853495,0.2212087153051846,0.930706887339167
37.25,0.9275488119080723,0.2210145923882833,0.9308023058608371
37.275,0.9276319663180592,0.22082053900914278,0.9308974815511396
37.3,0.9277149942725496,0.2206265555990308,0.9309924155013692
37.325,0.9277978963241756,0.22043264258594827,0.9310871087977235
37.35,0.9278806730210037,0.22023880039465296,0.9311815625213186
37.375,0.9279633249065745,0.22004502944668283,0.9312757777482057
37.4,0.9280458525199434,0.2198513301603794,0.931369755549387
37.425,0.9281282563957202,0.21965770295091072,0.931463496990832
37.45,0.928210537064108,0.21946414823029448,0.9315570031334937
37.475,0.9282926950509435,0.21927066640742057,0.9316502750333249
37.5,0.928374730877734,0.21907725788807378,0.9317433137412945
37.525,0.9284566450616974,0.21888392307495616,0.9318361203034039
37.55,0.9285384381157992,0.21869066236770926,0.9319286957607035
37.575,0.9286201105487906,0.21849747616293616,0.9320210411493088
37.6,0.9287016628652458,0.21830436485422347,0.9321131575004175
37.625,0.9287830955655992,0.21811132883216292,0.9322050458403252
37.65,0.9288644091461818,0.21791836848437304,0.9322967071904426
37.675,0.9289456040992579,0.21772548419552054,0.9323881425673118
37.7,0.9290266809130608,0.21753267634734152,0.9324793529826231
37.725,0.9291076400718293,0.2173399453186626,0.9325703394432312
37.75,0.9291884820558421,0.2171472914854218,0.9326611029511721
37.775,0.9292692073414539,0.2169547152206893,0.93275164450368
37.8,0.9293498164011295,0.21676221689468808,0.9328419650932036
37.825,0.9294303097034786,0.21656979687481437,0.9329320657074232
37.85,0.9295106877132904,0.2163774555256579,0.9330219473292669
37.875,0.9295909508915666,0.2161851932090221,0.9331116109369281
37.9,0.9296710996955561,0.21599301028394408,0.9332010575038815
37.925,0.9297511345787871,0.21580090710671437,0.9332902879989005
37.95,0.9298310559911014,0.21560888403089679,0.9333793033860737
37.975,0.9299108643786861,0.2154169414073478,0.9334681046248218
38.0,0.9299905601841064,0.215225079584236,0.9335566926699145
38.025,0.9300701438463381,0.2150332989070614,0.9336450684714872
38.05,0.9301496158007989,0.2148415997186744,0.9337332329750581
38.075,0.9302289764793804,0.21464998235929483,0.9338211871215447
38.1,0.930308226310479,0.21445844716653079,0.9339089318472811
38.125,0.9303873657190276,0.21426699447539718,0.9339964680840345
38.15,0.9304663951265254,0.21407562461833438,0.9340837967590223
38.175,0.9305453149510694,0.21388433792522657,0.9341709187949291
38.2,0.930624125607384,0.21369313472341994,0.9342578351099233
38.225,0.930702827506851,0.2135020153377409,0.9343445466176745
38.25,0.9307814210575395,0.21331098009051394,0.9344310542273697
38.275,0.9308599066642352,0.2131200293015795,0.9345173588437308
38.3,0.9309382847284696,0.21292916328831174,0.9346034613670312
38.325,0.9310165556485489,0.21273838236563605,0.934689362693113
38.35,0.9310947198195825,0.21254768684604644,0.9347750637134036
38.375,0.9311727776335116,0.21235707703962295,0.9348605653149327
38.4,0.9312507294791375,0.2121665532540487,0.9349458683803492
38.425,0.9313285757421489,0.21197611579462708,0.9350309737879382
38.45,0.9314063168051503,0.2117857649642985,0.9351158824116379
38.475,0.9314839530476887,0.2115955010636573,0.9352005951210561
38.5,0.9315614848462815,0.21140532439096832,0.9352851127814878
38.525,0.9316389125744429,0.21121523524218355,0.9353694362539314
38.55,0.9317162366027104,0.2110252339109584,0.9354535663951059
38.575,0.9317934572986721,0.21083532068866806,0.9355375040574675
38.6,0.9318705750269921,0.2106454958644237,0.9356212500892268
38.625,0.9319475901494368,0.21045575972508834,0.9357048053343654
38.65,0.9320245030249008,0.210266112555293,0.9357881706326527
38.675,0.9321013140094321,0.21007655463745234,0.9358713468196629
38.7,0.9321780234562576,0.20988708625178035,0.9359543347267915
38.725,0.9322546317158081,0.20969770767630597,0.9360371351812723
38.75,0.9323311391357434,0.2095084191868885,0.9361197490061942
38.775,0.9324075460609766,0.20931922105723294,0.9362021770205178
38.8,0.9324838528336987,0.20913011355890515,0.9362844200390921
38.825,0.9325600597934027,0.208941096961347,0.9363664788726712
38.85,0.9326361672769079,0.20875217153189132,0.9364483543279315
38.875,0.932712175618383,0.20856333753577683,0.9365300472074877
38.9,0.9327880851493705,0.20837459523616278,0.9366115583099096
38.925,0.9328638961988095,0.20818594489414372,0.9366928884297392
38.95,0.932939609093059,0.20799738676876392,0.9367740383575067
38.975,0.9330152241559208,0.2078089211170319,0.9368550088797476
39.0,0.9330907417086622,0.20762054819393466,0.936935800779019
39.025,0.9331661620700391,0.20743226825245195,0.937016414833916
39.05,0.9332414855563174,0.20724408154357035,0.9370968518190887
39.075,0.9333167124812958,0.20705598831629723,0.9371771125052586
39.1,0.9333918431563274,0.20686798881767468,0.9372571976592344
39.125,0.9334668778903419,0.20668008329279328,0.9373371080439296
39.15,0.9335418169898667,0.2064922719848058,0.9374168444183778
39.175,0.9336166607590485,0.20630455513494075,0.9374964075377501
39.2,0.9336914094996742,0.2061169329825159,0.9375757981533706
39.225,0.9337660635111925,0.20592940576495156,0.9376550170127333
39.25,0.9338406230907341,0.20574197371778394,0.9377340648595186
39.275,0.9339150885331325,0.20555463707467833,0.9378129424336088
39.3,0.9339894601309446,0.2053673960674421,0.9378916504711051
39.325,0.9340637381744707,0.2051802509260377,0.9379701897043435
39.35,0.934137922951775,0.20499320187859563,0.9380485608619114
39.375,0.9342120147487049,0.2048062491514271,0.9381267646686628
39.4,0.934286013848911,0.20461939296903672,0.9382048018457361
39.425,0.934359920533867,0.2044326335541352,0.9382826731105683
39.45,0.9344337350828885,0.20424597112765178,0.9383603791769127
39.475,0.9345074577731527,0.20405940590874655,0.938437920754854
39.5,0.9345810888797169,0.20387293811482288,0.9385152985508245
39.525,0.934654628675538,0.20368656796153958,0.9385925132676205
39.55,0.9347280774314904,0.20350029566282307,0.9386695656044178
39.575,0.9348014354163856,0.20331412143087935,0.938746456256788
39.6,0.9348747028969894,0.20312804547620594,0.9388231859167137
39.625,0.9349478801380408,0.2029420680076038,0.9388997552726052
39.65,0.93502096740227,0.20275618923218905,0.9389761650093159
39.675,0.9350939649504163,0.2025704093554046,0.9390524158081581
39.7,0.9351668730412454,0.20238472858103185,0.9391285083469187
39.725,0.9352396919315673,0.20219914711120207,0.9392044432998752
39.75,0.935312421876254,0.20201366514640792,0.9392802213378109
39.775,0.9353850631282561,0.2018282828855147,0.9393558431280309
39.8,0.9354576159386204,0.20164300052577158,0.9394313093343777
39.825,0.9355300805565067,0.2014578182628229,0.9395066206172467
39.85,0.9356024572292043,0.2012727362907191,0.9395817776336015
39.875,0.9356747462021494,0.2010877548019277,0.93965678103699
39.9,0.9357469477189407,0.20090287398734435,0.939731631477559
39.925,0.9358190620213566,0.20071809403630353,0.9398063296020703
39.95,0.9358910893493706,0.20053341513658937,0.9398808760539159
39.975,0.935963029941168,0.2003488374744463,0.9399552714731331
40.0,0.9360348840331616,0.20016436123458956,0.94002951649642
40.025,0.9361066518600074,0.19997998660021588,0.9401036117571508
40.05,0.9361783336546204,0.19979571375301372,0.940177557885391
40.075,0.9362499296481901,0.19961154287317373,0.9402513555079124
40.1,0.9363214400701955,0.19942747413939899,0.9403250052482084
40.125,0.9363928651484208,0.19924350772891525,0.940398507726509
40.15,0.9364642051089704,0.19905964381748095,0.9404718635597961
40.175,0.9365354601762838,0.1988758825793974,0.940545073361818
40.2,0.9366066305731501,0.19869222418751864,0.940618137743105
40.225,0.9366777165207233,0.19850866881326137,0.9406910573109838
40.25,0.9367487182385363,0.1983252166266148,0.9407638326695927
40.275,0.936819635944516,0.1981418677961503,0.9408364644198964
40.3,0.9368904698549969,0.1979586224890313,0.9409089531597006
40.325,0.9369612201847356,0.19777548087102254,0.9409812994836669
40.35,0.9370318871469249,0.19759244310649995,0.9410535039833279
40.375,0.9371024709532076,0.1974095093584599,0.9411255672471011
40.4,0.9371729718136906,0.19722667978852865,0.9411974898603039
40.425,0.9372433899369581,0.19704395455697168,0.9412692724051687
40.45,0.9373137255300856,0.1968613338227029,0.9413409154608563
40.475,0.937383978798653,0.1966788177432939,0.9414124196034717
40.5,0.9374541499467582,0.196496406474983,0.9414837854060775
40.525,0.9375242391770302,0.1963141001726843,0.9415550134387088
40.55,0.9375942466906421,0.1961318989899967,0.9416261042683877
40.575,0.937664172687324,0.19594980307921273,0.9416970584591372
40.6,0.9377340173653764,0.19576781259132747,0.9417678765719958
40.625,0.9378037809216822,0.19558592767604732,0.9418385591650317
40.65,0.9378734635517196,0.19540414848179868,0.9419091067933567
40.675,0.937943065449575,0.1952224751557366,0.9419795200091409
40.7,0.9380125868079547,0.19504090784375336,0.9420497993616261
40.725,0.938082027818198,0.19485944669048705,0.9421199453971407
40.75,0.9381513886702886,0.19467809183932994,0.9421899586591127
40.775,0.9382206695528671,0.19449684343243692,0.9422598396880845
40.8,0.9382898706532429,0.19431570161073383,0.9423295890217264
40.825,0.9383589921574061,0.1941346665139257,0.9423992071948507
40.85,0.9384280342500393,0.193953738280505,0.9424686947394254
40.875,0.9384969971145289,0.19377291704775973,0.9425380521845877
40.9,0.9385658809329772,0.1935922029517816,0.9426072800566585
40.925,0.9386346858862132,0.19341159612747394,0.9426763788791552
40.95,0.9387034121538047,0.19323109670855976,0.9427453491728061
40.975,0.9387720599140689,0.19305070482758957,0.9428141914555632
41.0,0.9388406293440836,0.1928704206159493,0.9428829062426166
41.025000000000006,0.938909120619699,0.1926902442038681,0.9429514940464074
41.05,0.9389775339155474,0.192510175720426,0.9430199553766414
41.075,0.9390458694050551,0.19233021529356165,0.9430882907403025
41.1,0.9391141272604526,0.19215036305007985,0.943156500641666
41.125,0.9391823076527857,0.19197061911565927,0.9432245855823119
41.150000000000006,0.9392504107519253,0.1917909836148598,0.9432925460611382
41.175,0.9393184367265788,0.19161145667113005,0.9433603825743743
41.2,0.9393863857442998,0.1914320384068148,0.9434280956155937
41.225,0.9394542579714985,0.19125272894316228,0.9434956856757278
41.25,0.9395220535734522,0.19107352840033145,0.9435631532430784
41.275000000000006,0.939589772714315,0.19089443689739927,0.9436304988033309
41.3,0.9396574155571281,0.19071545455236785,0.9436977228395675
41.325,0.9397249822638297,0.19053658148217165,0.94376482583228
41.35,0.9397924729952646,0.1903578178026844,0.9438318082593825
41.375,0.939859887911194,0.19017916362872628,0.9438986705962246
41.400000000000006,0.9399272271703054,0.19000061907407076,0.9439654133156038
41.425,0.9399944909302221,0.18982218425145164,0.9440320368877787
41.45,0.9400616793475124,0.18964385927256985,0.9440985417804814
41.475,0.9401287925776992,0.18946564424810022,0.9441649284589301
41.5,0.9401958307752696,0.18928753928769837,0.944231197385842
41.525000000000006,0.9402627940936834,0.18910954450000728,0.9442973490214459
41.55,0.9403296826853832,0.18893165999266406,0.944363383823494
41.575,0.9403964967018026,0.18875388587230657,0.9444293022472754
41.6,0.9404632362933757,0.1885762222445799,0.9444951047456277
41.625,0.940529901609546,0.18839866921414297,0.9445607917689499
41.650000000000006,0.9405964927987749,0.188221226884675,0.9446263637652144
41.675,0.9406630100085508,0.18804389535888186,0.9446918211799792
41.7,0.9407294533853975,0.18786667473850252,0.9447571644564008
41.725,0.9407958230748831,0.1876895651243154,0.9448223940352455
41.75,0.9408621192216283,0.18751256661614454,0.9448875103549021
41.775000000000006,0.9409283419693149,0.18733567931286596,0.944952513851394
41.8,0.940994491460694,0.1871589033124138,0.9450174049583907
41.825,0.9410605678375947,0.18698223871178643,0.9450821841072206
41.85,0.941126571240932,0.18680568560705266,0.9451468517268822
41.875,0.941192501810715,0.18662924409335765,0.9452114082440566
41.900000000000006,0.9412583596860551,0.18645291426492905,0.9452758540831189
41.925,0.9413241450051737,0.1862766962150829,0.9453401896661502
41.95,0.9413898579054105,0.18610059003622953,0.9454044154129495
41.975,0.9414554985232313,0.18592459581987955,0.9454685317410453
42.0,0.9415210669942354,0.1857487136566496,0.945532539065707
42.025000000000006,0.9415865634531639,0.18557294363626814,0.945596437799957
42.05,0.9416519880339069,0.18539728584758125,0.9456602283545817
42.075,0.9417173408695113,0.18522174037855832,0.9457239111381439
42.1,0.9417826220921883,0.18504630731629768,0.9457874865569933
42.125,0.9418478318333208,0.1848709867470323,0.9458509550152785
42.150000000000006,0.9419129702234708,0.18469577875613535,0.9459143169149583
42.175,0.9419780373923866,0.1845206834281257,0.945977572655813
42.2,0.9420430334690105,0.18434570084667345,0.9460407226354556
42.225,0.9421079585814854,0.18417083109460547,0.9461037672493433
42.25,0.9421728128571623,0.1839960742539107,0.9461667068907885
42.275000000000006,0.942237596422607,0.18382143040574564,0.9462295419509701
42.3,0.9423023094036077,0.1836468996304396,0.9462922728189441
42.325,0.9423669519251815,0.1834724820075001,0.9463548998816556
42.35,0.9424315241115812,0.1832981776156181,0.9464174235239489
42.375,0.9424960260863022,0.18312398653267317,0.946479844128579
42.400000000000006,0.9425604579720898,0.18294990883573883,0.9465421620762224
42.425,0.9426248198909448,0.18277594460108754,0.9466043777454881
42.45,0.9426891119641313,0.1826020939041959,0.9466664915129279
42.475,0.9427533343121822,0.18242835681974975,0.946728503753048
42.5,0.9428174870549066,0.1822547334216492,0.9467904148383189
42.525000000000006,0.9428815703113957,0.18208122378301353,0.946852225139187
42.55,0.9429455842000295,0.18190782797618632,0.9469139350240843
42.575,0.9430095288384829,0.1817345460727403,0.9469755448594397
42.6,0.9430734043437322,0.18156137814348228,0.9470370550096893
42.625,0.9431372108320613,0.18138832425845794,0.9470984658372869
42.650000000000006,0.9432009484190675,0.18121538448695673,0.9471597777027145
42.675,0.9432646172196685,0.18104255889751666,0.9472209909644929
42.7,0.9433282173481072,0.18086984755792904,0.9472821059791916
42.725,0.9433917489179591,0.1806972505352432,0.9473431231014396
42.75,0.9434552120421369,0.18052476789577113,0.9474040426839356
42.775000000000006,0.9435186068328976,0.18035239970509223,0.947464865077458
42.8,0.9435819334018475,0.1801801460280579,0.9475255906308753
42.825,0.9436451918599484,0.1800080069287961,0.9475862196911562
42.85,0.9437083823175234,0.17983598247071586,0.9476467526033798
42.875,0.9437715048842621,0.17966407271651197,0.9477071897107457
42.900000000000006,0.9438345596692269,0.17949227772816928,0.9477675313545837
42.925,0.9438975467808582,0.17932059756696725,0.947827777874364
42.95,0.94396046632698,0.1791490322934844,0.9478879296077072
42.975,0.9440233184148056,0.1789775819676026,0.9479479868903941
43.0,0.9440861031509424,0.17880624664851155,0.9480079500563754
43.025000000000006,0.9441488206413985,0.17863502639471304,0.948067819437782
43.05,0.9442114709915866,0.17846392126402524,0.948127595364934
43.075,0.9442740543063306,0.17829293131358703,0.948187278166351
43.1,0.9443365706898698,0.17812205659986216,0.9482468681687615
43.125,0.9443990202458649,0.1779512971786435,0.9483063656971127
43.150000000000006,0.9444614030774027,0.17778065310505722,0.94836577107458
43.175,0.9445237192870013,0.17761012443356697,0.9484250846225765
43.2,0.9445859689766154,0.17743971121797786,0.9484843066607624
43.225,0.9446481522476411,0.1772694135114407,0.9485434375070548
43.25,0.9447102692009208,0.17709923136645603,0.9486024774776368
43.275000000000006,0.9447723199367485,0.17692916483487803,0.9486614268869668
43.3,0.944834304554874,0.1767592139679187,0.948720286047788
43.325,0.9448962231545088,0.17658937881615164,0.948779055271138
43.35,0.9449580758343298,0.17641965942951615,0.9488377348663574
43.375,0.9450198626924847,0.1762500558573211,0.9488963251410991
43.400000000000006,0.9450815838265968,0.17608056814824877,0.9489548264013381
43.425,0.9451432393337691,0.17591119635035873,0.9490132389513798
43.45,0.9452048293105895,0.17574194051109174,0.9490715630938696
43.475,0.9452663538531351,0.17557280067727343,0.9491297991298018
43.5,0.9453278130569769,0.17540377689511816,0.9491879473585283
43.525000000000006,0.9453892070171841,0.17523486921023276,0.9492460080777682
43.55,0.9454505358283289,0.17506607766762028,0.9493039815836157
43.575,0.9455117995844906,0.17489740231168358,0.9493618681705502
43.6,0.9455729983792602,0.1747288431862291,0.9494196681314441
43.625,0.9456341323057447,0.17456040033447054,0.9494773817575719
43.650000000000006,0.9456952014565712,0.17439207379903232,0.9495350093386192
43.675,0.9457562059238915,0.1742238636219533,0.9495925511626911
43.7,0.9458171457993864,0.17405576984469034,0.949650007516321
43.725,0.9458780211742693,0.1738877925081218,0.949707378684479
43.75,0.9459388321392912,0.1737199316525511,0.9497646649505808
43.775000000000006,0.9459995787847439,0.1735521873177101,0.9498218665964959
43.8,0.946060261200465,0.17338455954276275,0.9498789839025565
43.825,0.9461208794758414,0.17321704836630838,0.9499360171475657
43.85,0.9461814336998133,0.17304965382638518,0.9499929666088056
43.875,0.9462419239608785,0.1728823759604736,0.9500498325620464
43.900000000000006,0.9463023503470959,0.17271521480549967,0.9501066152815542
43.925,0.9463627129460899,0.17254817039783846,0.9501633150400992
43.95,0.946423011845054,0.17238124277331723,0.9502199321089646
43.975,0.9464832471307545,0.17221443196721886,0.9502764667579542
44.0,0.9465434188895347,0.17204773801428513,0.9503329192554008
44.025000000000006,0.9466035272073184,0.17188116094871986,0.9503892898681743
44.05,0.9466635721696135,0.17171470080419227,0.9504455788616898
44.075,0.946723553861516,0.17154835761384007,0.9505017864999158
44.1,0.9467834723677135,0.17138213141027278,0.950557913045382
44.125,0.9468433277724891,0.17121602222557475,0.9506139587591873
44.150000000000006,0.9469031201597246,0.1710500300913084,0.9506699239010081
44.175,0.946962849612904,0.17088415503851728,0.9507258087291056
44.2,0.9470225162151179,0.17071839709772918,0.9507816135003342
44.225,0.9470821200490659,0.17055275629895925,0.9508373384701491
44.25,0.9471416611970608,0.17038723267171296,0.950892983892614
44.275000000000006,0.9472011397410317,0.17022182624498927,0.9509485500204091
44.3,0.9472605557625278,0.17005653704728346,0.9510040371048386
44.325,0.9473199093427211,0.16989136510659028,0.9510594453958385
44.35,0.9473792005624107,0.16972631045040681,0.9511147751419842
44.375,0.9474384295020251,0.16956137310573546,0.9511700265904979
44.400000000000006,0.9474975962416262,0.1693965530990869,0.9512251999872566
44.425,0.9475567008609125,0.16923185045648298,0.9512802955767994
44.45,0.947615743439222,0.16906726520345952,0.9513353136023348
44.475,0.9476747240555354,0.1689027973650693,0.9513902543057484
44.5,0.94773364278848,0.16873844696588483,0.9514451179276103
44.525000000000006,0.9477924997163321,0.1685742140300012,0.9514999047071825
44.55,0.9478512949170199,0.16841009858103884,0.9515546148824259
44.575,0.9479100284681278,0.16824610064214643,0.9516092486900081
44.6,0.947968700446898,0.16808222023600353,0.9516638063653104
44.625,0.9480273109302346,0.1679184573848234,0.9517182881424352
44.650000000000006,0.9480858599947063,0.16775481211035567,0.9517726942542127
44.675,0.9481443477165491,0.1675912844338892,0.9518270249322089
44.7,0.9482027741716695,0.1674278743762546,0.951881280406732
44.725,0.9482611394356477,0.16726458195782692,0.95193546090684
44.75,0.9483194435837398,0.16710140719852845,0.9519895666603472
44.775000000000006,0.9483776866908813,0.1669383501178312,0.9520435978938318
44.8,0.9484358688316897,0.1667754107347596,0.9520975548326424
44.825,0.9484939900804675,0.16661258906789306,0.9521514377009054
44.85,0.9485520505112047,0.1664498851353686,0.9522052467215317
44.875,0.9486100501975818,0.16628729895488334,0.9522589821162235
44.900000000000006,0.9486679892129725,0.1661248305436971,0.9523126441054811
44.925,0.9487258676304462,0.16596247991863494,0.95236623290861
44.95,0.9487836855227713,0.16580024709608965,0.9524197487437275
44.975,0.9488414429624172,0.1656381320920242,0.9524731918277695
45.0,0.9488991400215574,0.1654761349219743,0.9525265623764969
45.025000000000006,0.9489567767720719,0.1653142556010508,0.952579860604503
45.05,0.94901435328555,0.1651524941439422,0.9526330867252192
45.075,0.9490718696332924,0.16499085056491694,0.9526862409509224
45.1,0.9491293258863145,0.16482932487782598,0.9527393234927412
45.125,0.9491867221153485,0.1646679170961051,0.9527923345606624
45.150000000000006,0.9492440583908458,0.16450662723277723,0.9528452743635377
45.175,0.9493013347829797,0.16434545530045497,0.9528981431090903
45.2,0.9493585513616479,0.16418440131134274,0.9529509410039206
45.225,0.9494157081964749,0.16402346527723924,0.9530036682535138
45.25,0.9494728053568142,0.16386264720953972,0.953056325062245
45.275000000000006,0.9495298429117511,0.1637019471192383,0.9531089116333866
45.3,0.9495868209301047,0.16354136501693023,0.953161428169114
45.325,0.9496437394804306,0.16338090091281415,0.9532138748705119
45.35,0.9497005986310229,0.16322055481669437,0.953266251937581
45.375,0.9497573984499167,0.16306032673798304,0.9533185595692436
45.400000000000006,0.9498141390048905,0.16290021668570245,0.9533707979633503
45.425,0.9498708203634684,0.1627402246684872,0.953422967316686
45.45,0.949927442592922,0.16258035069458635,0.9534750678249755
45.475,0.9499840057602731,0.16242059477186568,0.9535270996828906
45.5,0.9500405099322959,0.1622609569078098,0.9535790630840553
45.525000000000006,0.9500969551755191,0.1621014371095243,0.953630958221052
45.55,0.9501533415562275,0.16194203538373783,0.953682785285428
45.575,0.9502096691404652,0.16178275173680431,0.9537345444677009
45.6,0.950265937994037,0.16162358617470504,0.9537862359573644
45.625,0.9503221481825108,0.16146453870305064,0.953837859942895
45.650000000000006,0.9503782997712195,0.1613056093270833,0.953889416611757
45.675,0.9504343928252632,0.16114679805167872,0.9539409061504088
45.7,0.9504904274095115,0.16098810488134824,0.9539923287443087
45.725,0.950546403588605,0.16082952982024076,0.9540436845779205
45.75,0.9506023214269577,0.16067107287214494,0.9540949738347195
45.775000000000006,0.950658180988759,0.16051273404049102,0.9541461966971978
45.8,0.9507139823379755,0.1603545133283529,0.9541973533468704
45.825,0.9507697255383534,0.16019641073845015,0.9542484439642807
45.85,0.9508254106534195,0.16003842627314988,0.9542994687290061
45.875,0.9508810377464842,0.15988055993446876,0.9543504278196636
45.900000000000006,0.950936606880643,0.159722811724075,0.9544013214139155
45.925,0.950992118118778,0.15956518164329014,0.9544521496884748
45.95,0.9510475715235607,0.15940766969309111,0.9545029128191106
45.975,0.9511029671574527,0.15925027587411206,0.9545536109806539
46.0,0.9511583050827085,0.1590930001866462,0.9546042443470029
46.025000000000006,0.9512135853613769,0.15893584263064783,0.954654813091128
46.05,0.951268808055303,0.15877880320573404,0.9547053173850781
46.075,0.9513239732261297,0.15862188191118662,0.9547557573999853
46.1,0.9513790809352999,0.15846507874595392,0.9548061333060703
46.125,0.9514341312440577,0.15830839370865266,0.9548564452726479
46.150000000000006,0.9514891242134509,0.15815182679756976,0.9549066934681321
46.175,0.9515440599043319,0.15799537801066413,0.9549568780600415
46.2,0.9515989383773601,0.15783904734556845,0.9550069992150044
46.225,0.9516537596930033,0.15768283479959092,0.9550570570987643
46.25,0.9517085239115393,0.15752674036971714,0.9551070518761845
46.275000000000006,0.9517632310930577,0.15737076405261174,0.9551569837112538
46.3,0.9518178812974617,0.15721490584462017,0.9552068527670913
46.325,0.9518724745844693,0.15705916574177048,0.9552566592059516
46.35,0.9519270110136154,0.15690354373977494,0.9553064031892298
46.375,0.9519814906442533,0.15674803983403185,0.9553560848774666
46.400000000000006,0.9520359135355559,0.1565926540196272,0.9554057044303533
46.425,0.9520902797465179,0.1564373862913363,0.9554552620067368
46.45,0.9521445893359569,0.15628223664362556,0.9555047577646244
46.475,0.9521988423625151,0.1561272050706541,0.9555541918611888
46.5,0.9522530388846608,0.15597229156627543,0.9556035644527732
46.525000000000006,0.9523071789606902,0.15581749612403897,0.9556528756948958
46.55,0.9523612626487283,0.15566281873719193,0.9557021257422549
46.575,0.9524152900067312,0.15550825939868068,0.9557513147487339
46.6,0.9524692610924868,0.15535381810115254,0.9558004428674056
46.625,0.9525231759636167,0.15519949483695725,0.9558495102505373
46.650000000000006,0.9525770346775778,0.1550452895981487,0.9558985170495956
46.675,0.9526308372916633,0.15489120237648638,0.9559474634152508
46.7,0.9526845838630045,0.154737233163437,0.955996349497382
46.725,0.9527382744485718,0.15458338195017607,0.9560451754450813
46.75,0.9527919091051769,0.15442964872758946,0.9560939414066589
46.775000000000006,0.952845487889473,0.15427603348627492,0.9561426475296475
46.8,0.9528990108579573,0.15412253621654354,0.9561912939608068
46.825,0.9529524780669717,0.1539691569084214,0.9562398808461282
46.85,0.9530058895727045,0.15381589555165098,0.9562884083308393
46.875,0.9530592454311915,0.15366275213569275,0.9563368765594085
46.900000000000006,0.9531125456983174,0.15350972664972654,0.9563852856755493
46.925,0.9531657904298172,0.15335681908265314,0.956433635822225
46.95,0.9532189796812774,0.15320402942309572,0.9564819271416528
46.975,0.9532721135081375,0.15305135765940128,0.9565301597753089
47.0,0.9533251919656908,0.15289880377964216,0.9565783338639319
47.025000000000006,0.9533782151090862,0.15274636777161738,0.9566264495475281
47.05,0.9534311829933293,0.1525940496228542,0.9566745069653753
47.075,0.9534840956732834,0.15244184932060947,0.9567225062560272
47.1,0.953536953203671,0.15228976685187107,0.956770447557318
47.125,0.9535897556390751,0.15213780220335926,0.9568183310063663
47.150000000000006,0.9536425030339399,0.1519859553615282,0.9568661567395794
47.175,0.9536951954425728,0.15183422631256727,0.9569139248926579
47.2,0.9537478329191447,0.15168261504240238,0.9569616356005995
47.225,0.9538004155176918,0.15153112153669746,0.9570092889977033
47.25,0.9538529432921167,0.1513797457808558,0.9570568852175739
47.275000000000006,0.9539054162961893,0.15122848776002135,0.9571044243931259
47.3,0.9539578345835482,0.1510773474590801,0.9571519066565874
47.325,0.9540101982077016,0.15092632486266147,0.9571993321395047
47.35,0.9540625072220286,0.15077541995513952,0.9572467009727458
47.375,0.9541147616797802,0.15062463272063437,0.957294013286505
47.400000000000006,0.9541669616340805,0.15047396314301348,0.9573412692103065
47.425,0.954219107137928,0.150323411205893,0.9573884688730085
47.45,0.954271198244196,0.15017297689263892,0.9574356124028076
47.475,0.9543232350056345,0.1500226601863686,0.957482699927242
47.5,0.9543752174748708,0.14987246106995178,0.957529731573196
47.525000000000006,0.9544271457044102,0.1497223795260121,0.9575767074669036
47.55,0.9544790197466382,0.1495724155369282,0.9576236277339527
47.575,0.9545308396538202,0.14942256908483506,0.9576704924992888
47.6,0.9545826054781036,0.14927284015162515,0.9577173018872188
47.625,0.954634317271518,0.1491232287189498,0.9577640560214148
47.650000000000006,0.9546859750859769,0.14897373476822037,0.9578107550249181
47.675,0.9547375789732779,0.14882435828060947,0.9578573990201428
47.7,0.9547891289851046,0.14867509923705216,0.9579039881288797
47.725,0.9548406251730268,0.14852595761824722,0.9579505224723
47.75,0.954892067588502,0.14837693340465832,0.9579970021709587
47.775000000000006,0.954943456282876,0.14822802657651524,0.9580434273447991
47.8,0.9549947913073842,0.14807923711381496,0.9580897981131554
47.825,0.955046072713152,0.147930564996323,0.9581361145947574
47.85,0.9550973005511965,0.1477820102035745,0.9581823769077334
47.875,0.9551484748724266,0.14763357271487537,0.9582285851696143
47.900000000000006,0.9551995957276447,0.14748525250930347,0.9582747394973368
47.925,0.9552506631675469,0.1473370495657098,0.9583208400072472
47.95,0.9553016772427244,0.14718896386271965,0.958366886815105
47.975,0.9553526380036642,0.14704099537873364,0.9584128800360863
48.0,0.95540354550075,0.14689314409192894,0.9584588197847873
48.025000000000006,0.9554543997842632,0.1467454099802604,0.9585047061752281
48.05,0.9555052009043833,0.14659779302146161,0.9585505393208558
48.075,0.9555559489111893,0.14645029319304606,0.9585963193345481
48.1,0.9556066438546605,0.1463029104723082,0.9586420463286169
48.125,0.955657285784677,0.14615564483632462,0.9586877204148113
48.150000000000006,0.9557078747510207,0.14600849626195503,0.9587333417043216
48.175,0.9557584108033762,0.14586146472584344,0.958778910307782
48.2,0.9558088939913316,0.14571455020441917,0.9588244263352745
48.225,0.9558593243643794,0.14556775267389796,0.9588698898963323
48.25,0.9559097019719169,0.14542107211028305,0.9589153010999423
48.275000000000006,0.9559600268632475,0.14527450848936618,0.9589606600545495
48.3,0.9560102990875813,0.1451280617867287,0.9590059668680596
48.325,0.9560605186940356,0.1449817319777426,0.9590512216478424
48.35,0.9561106857316362,0.14483551903757153,0.9590964245007352
48.375,0.9561608002493176,0.14468942294117182,0.9591415755330457
48.400000000000006,0.9562108622959244,0.14454344366329358,0.9591866748505556
48.425,0.9562608719202116,0.14439758117848167,0.9592317225585238
48.45,0.9563108291708451,0.1442518354610767,0.9592767187616891
48.475,0.9563607340964032,0.14410620648521608,0.9593216635642737
48.5,0.9564105867453768,0.14396069422483498,0.9593665570699865
48.525000000000006,0.9564603871661702,0.1438152986536674,0.9594113993820259
48.55,0.9565101354071018,0.14367001974524707,0.959456190603083
48.575,0.956559831516405,0.1435248574729085,0.9595009308353447
48.6,0.9566094755422285,0.14337981180978795,0.9595456201804969
48.625,0.9566590675326377,0.14323488272882437,0.9595902587397274
48.650000000000006,0.9567086075356147,0.1430900702027604,0.9596348466137288
48.675,0.9567580955990591,0.14294537420414333,0.9596793839027019
48.7,0.9568075317707891,0.14280079470532606,0.9597238707063585
48.725,0.9568569160985418,0.14265633167846803,0.9597683071239241
48.75,0.9569062486299739,0.14251198509553617,0.9598126932541415
48.775000000000006,0.9569555294126623,0.1423677549283059,0.9598570291952732
48.8,0.957004758494105,0.14222364114836195,0.9599013150451042
48.825,0.9570539359217218,0.14207964372709941,0.9599455509009459
48.85,0.9571030617428545,0.14193576263572458,0.9599897368596377
48.875,0.9571521360047678,0.1417919978452559,0.9600338730175509
48.900000000000006,0.95720115875465,0.14164834932652487,0.960077959470591
48.925,0.9572501300396133,0.141504817050177,0.9601219963142007
48.95,0.9572990499066951,0.14136140098667263,0.9601659836433628
48.975,0.9573479184028577,0.14121810110628788,0.960209921552603
49.0,0.9573967355749896,0.14107491737911554,0.9602538101359926
49.025000000000006,0.9574455014699057,0.14093184977506598,0.9602976494871515
49.05,0.9574942161343483,0.14078889826386795,0.9603414396992503
49.075,0.9575428796149872,0.14064606281506956,0.9603851808650143
49.1,0.9575914919584205,0.14050334339803908,0.9604288730767251
49.125,0.9576400532111755,0.14036073998196583,0.9604725164262236
49.150000000000006,0.9576885634197086,0.14021825253586107,0.960516111004913
49.175,0.9577370226304065,0.14007588102855878,0.9605596569037613
49.2,0.9577854308895863,0.13993362542871662,0.9606031542133041
49.225,0.9578337882434964,0.13979148570481673,0.9606466030236468
49.25,0.9578820947383166,0.1396494618251665,0.9606900034244679
49.275000000000006,0.9579303504201594,0.13950755375789953,0.960733355505021
49.3,0.9579785553350695,0.1393657614709764,0.9607766593541381
49.325,0.9580267095290254,0.1392240849321855,0.9608199150602316
49.35,0.9580748130479391,0.13908252410914385,0.9608631227112968
49.375,0.958122865937657,0.13894107896929794,0.9609062823949154
49.400000000000006,0.9581708682439607,0.13879974947992457,0.9609493941982568
49.425,0.9582188200125668,0.13865853560813157,0.9609924582080815
49.45,0.9582667212891277,0.1385174373208587,0.9610354745107434
49.475,0.9583145721192327,0.1383764545848784,0.9610784431921923
49.5,0.9583623725484074,0.13823558736679664,0.961121364337976
49.525000000000006,0.9584101226221152,0.1380948356330536,0.9611642380332437
49.55,0.9584578223857572,0.13795419934992462,0.9612070643627474
49.575,0.9585054718846727,0.1378136784835208,0.9612498434108451
49.6,0.9585530711641402,0.13767327299979,0.9612925752615029
49.625,0.9586006202693772,0.13753298286451734,0.9613352599982976
49.650000000000006,0.9586481192455409,0.13739280804332626,0.961377897704419
49.675,0.9586955681377292,0.1372527485016791,0.9614204884626719
49.7,0.95874296699098,0.13711280420487787,0.9614630323554795
49.725,0.9587903158502731,0.1369729751180651,0.9615055294648848
49.75,0.9588376147605292,0.13683326120622458,0.9615479798725531
49.775000000000006,0.9588848637666114,0.13669366243418196,0.961590383659775
49.8,0.9589320629133254,0.13655417876660572,0.9616327409074679
49.825,0.9589792122454196,0.13641481016800774,0.9616750516961786
49.85,0.9590263118075858,0.13627555660274415,0.9617173161060859
49.875,0.9590733616444596,0.13613641803501597,0.9617595342170024
49.900000000000006,0.9591203618006208,0.1359973944288699,0.9618017061083772
49.925,0.9591673123205938,0.13585848574819906,0.9618438318592978
49.95,0.9592142132488483,0.13571969195674366,0.9618859115484926
49.975,0.9592610646297991,0.13558101301809172,0.9619279452543328
50.0,0.9593078665078071,0.13544244889567983,0.9619699330548351
50.025000000000006,0.9593546189271792,0.13530399955279385,0.9620118750276636
50.05,0.9594013219321693,0.13516566495256957,0.9620537712501318
50.075,0.9594479755669783,0.1350274450579935,0.9620956217992052
50.1,0.9594945798757543,0.13488933983190343,0.9621374267515032
50.125,0.9595411349025935,0.1347513492369893,0.9621791861833013
50.150000000000006,0.9595876406915403,0.13461347323579376,0.9622209001705334
50.175,0.9596340972865877,0.13447571179071288,0.9622625687887935
50.2,0.9596805047316775,0.1343380648639969,0.9623041921133383
50.225,0.9597268630707012,0.13420053241775087,0.962345770219089
50.25,0.9597731723474997,0.13406311441393529,0.9623873031806335
50.275000000000006,0.9598194326058642,0.13392581081436683,0.9624287910722285
50.3,0.9598656438895364,0.13378862158071897,0.9624702339678013
50.325,0.9599118062422086,0.13365154667452273,0.9625116319409524
50.35,0.9599579197075244,0.13351458605716726,0.9625529850649569
50.375,0.9600039843290789,0.13337773968990055,0.962594293412767
50.400000000000006,0.960050000150419,0.13324100753383,0.9626355570570138
50.425,0.960095967215044,0.13310438954992324,0.9626767760700092
50.45,0.9601418855664056,0.13296788569900858,0.9627179505237483
50.475,0.9601877552479083,0.1328314959417758,0.962759080489911
50.5,0.9602335763029102,0.13269522023877672,0.962800166039864
50.525000000000006,0.9602793487747224,0.1325590585504259,0.9628412072446627
50.55,0.9603250727066105,0.13242301083700125,0.9628822041750537
50.575,0.9603707481417937,0.1322870770586446,0.9629231569014759
50.6,0.9604163751234461,0.1321512571753624,0.9629640654940631
50.625,0.9604619536946966,0.1320155511470264,0.9630049300226454
50.650000000000006,0.9605074838986289,0.1318799589333741,0.9630457505567516
50.675,0.9605529657782829,0.1317444804940095,0.9630865271656105
50.7,0.9605983993766535,0.13160911578840373,0.9631272599181534
50.725,0.960643784736692,0.13147386477589562,0.9631679488830155
50.75,0.9606891219013062,0.1313387274156923,0.9632085941285379
50.775000000000006,0.9607344109133603,0.13120370366686981,0.9632491957227693
50.8,0.9607796518156757,0.13106879348837372,0.9632897537334685
50.825,0.960824844651031,0.13093399683901977,0.963330268228105
50.85,0.9608699894621623,0.13079931367749434,0.963370739273862
50.875,0.9609150862917634,0.13066474396235522,0.9634111669376375
50.900000000000006,0.9609601351824865,0.1305302876520321,0.9634515512860464
50.925,0.9610051361769419,0.1303959447048271,0.9634918923854221
50.95,0.961050089317699,0.13026171507891554,0.9635321903018184
50.975,0.9610949946472856,0.13012759873234633,0.9635724451010109
51.0,0.9611398522081892,0.12999359562304266,0.9636126568484994
51.025000000000006,0.9611846620428565,0.12985970570880256,0.963652825609509
51.05,0.9612294241936938,0.12972592894729945,0.9636929514489924
51.075,0.961274138703068,0.12959226529608275,0.9637330344316307
51.1,0.9613188056133056,0.12945871471257844,0.9637730746218364
51.125,0.9613634249666941,0.1293252771540896,0.9638130720837539
51.150000000000006,0.9614079968054817,0.12919195257779695,0.9638530268812618
51.175,0.9614525211718774,0.1290587409407595,0.9638929390779747
51.2,0.9614969981080518,0.12892564219991504,0.9639328087372442
51.225,0.9615414276561367,0.1287926563120807,0.9639726359221611
51.25,0.961585809858226,0.12865978323395355,0.9640124206955569
51.275000000000006,0.9616301447563753,0.1285270229221111,0.9640521631200056
51.3,0.9616744323926029,0.12839437533301187,0.9640918632578249
51.325,0.9617186728088891,0.1282618404229959,0.9641315211710783
51.35,0.9617628660471772,0.12812941814828535,0.9641711369215761
51.375,0.9618070121493734,0.127997108464985,0.9642107105708776
51.400000000000006,0.961851111157347,0.1278649113290828,0.9642502421802925
51.425,0.961895163112931,0.12773282669645036,0.9642897318108824
51.45,0.9619391680579217,0.1276008545228436,0.9643291795234621
51.475,0.9619831260340793,0.1274689947639031,0.9643685853786017
51.5,0.9620270370831283,0.12733724737515487,0.9644079494366279
51.525000000000006,0.9620709012467573,0.1272056123120106,0.9644472717576252
51.55,0.9621147185666196,0.1270740895297684,0.9644865524014381
51.575,0.9621584890843328,0.12694267898361317,0.9645257914276719
51.6,0.9622022128414799,0.12681138062861722,0.9645649888956949
51.625,0.9622458898796088,0.12668019441974074,0.9646041448646392
51.650000000000006,0.9622895202402327,0.1265491203118323,0.9646432593934028
51.675,0.9623331039648306,0.1264181582596294,0.9646823325406507
51.7,0.962376641094847,0.12628730821775894,0.9647213643648166
51.725,0.9624201316716923,0.12615657014073772,0.9647603549241041
51.75,0.9624635757367432,0.12602594398297298,0.9647993042764884
51.775000000000006,0.9625069733313427,0.12589542969876288,0.9648382124797177
51.8,0.9625503244968003,0.125765027242297,0.9648770795913144
51.825,0.9625936292743923,0.1256347365676568,0.964915905668577
51.85,0.9626368877053616,0.1255045576288162,0.9649546907685809
51.875,0.9626800998309186,0.125374490379642,0.9649934349481802
51.900000000000006,0.9627232656922408,0.12524453477389433,0.9650321382640095
51.925,0.9627663853304729,0.12511469076522727,0.9650708007724841
51.95,0.9628094587867276,0.12498495830718921,0.9651094225298026
51.975,0.9628524861020853,0.12485533735322339,0.9651480035919476
52.0,0.9628954673175943,0.12472582785666837,0.9651865440146874
52.025000000000006,0.9629384024742712,0.1245964297707585,0.965225043853577
52.05,0.9629812916131008,0.12446714304862438,0.9652635031639598
52.075,0.9630241347750363,0.12433796764329341,0.9653019220009689
52.1,0.963066932001,0.12420890350769015,0.965340300419528
52.125,0.9631096833318825,0.12407995059463685,0.9653786384743535
52.150000000000006,0.9631523888085438,0.12395110885685393,0.9654169362199548
52.175,0.9631950484718128,0.12382237824696041,0.9654551937106368
52.2,0.9632376623624879,0.12369375871747439,0.9654934110005002
52.225,0.9632802305213367,0.1235652502208135,0.9655315881434433
52.25,0.9633227529890969,0.12343685270929537,0.965569725193163
52.275000000000006,0.9633652298064755,0.1233085661351381,0.9656078222031564
52.3,0.9634076610141499,0.12318039045046067,0.965645879226722
52.325,0.9634500466527671,0.12305232560728342,0.9656838963169605
52.35,0.9634923867629448,0.12292437155752851,0.9657218735267769
52.375,0.9635346813852708,0.12279652825302036,0.9657598109088807
52.400000000000006,0.9635769305603035,0.12266879564548606,0.9657977085157883
52.425,0.963619134328572,0.12254117368655591,0.965835566399823
52.45,0.9636612927305764,0.12241366232776374,0.9658733846131176
52.475,0.9637034058067875,0.12228626152054745,0.965911163207614
52.5,0.9637454735976472,0.12215897121624937,0.965948902235066
52.525000000000006,0.9637874961435688,0.12203179136611678,0.9659866017470393
52.55,0.9638294734849371,0.12190472192130225,0.9660242617949134
52.575,0.963871405662108,0.12177776283286418,0.9660618824298826
52.6,0.9639132927154095,0.12165091405176713,0.9660994637029567
52.625,0.9639551346851409,0.12152417552888232,0.9661370056649633
52.650000000000006,0.9639969316115738,0.12139754721498802,0.9661745083665476
52.675,0.9640386835349518,0.12127102906076997,0.9662119718581745
52.7,0.9640803904954904,0.12114462101682186,0.9662493961901295
52.725,0.9641220525333777,0.12101832303364565,0.9662867814125197
52.75,0.9641636696887739,0.12089213506165211,0.966324127575275
52.775000000000006,0.9642052420018119,0.12076605705116115,0.9663614347281494
52.8,0.9642467695125972,0.12064008895240229,0.9663987029207218
52.825,0.9642882522612083,0.12051423071551501,0.9664359322023975
52.85,0.9643296902876963,0.12038848229054924,0.966473122622409
52.875,0.9643710836320855,0.12026284362746571,0.9665102742298172
52.900000000000006,0.964412432334373,0.1201373146761364,0.9665473870735123
52.925,0.9644537364345296,0.12001189538634494,0.9665844612022154
52.95,0.9644949959724991,0.11988658570778696,0.9666214966644792
52.975,0.9645362109881989,0.1197613855900706,0.9666584935086888
53.0,0.9645773815215198,0.11963629498271683,0.9666954517830636
53.025000000000006,0.9646185076123266,0.11951131383515987,0.9667323715356574
53.05,0.9646595893004576,0.11938644209674759,0.96676925281436
53.075,0.9647006266257251,0.11926167971674194,0.9668060956668983
53.1,0.9647416196279153,0.11913702664431927,0.9668429001408372
53.125,0.9647825683467885,0.11901248282857083,0.9668796662835804
53.150000000000006,0.9648234728220796,0.11888804821850306,0.9669163941423717
53.175,0.9648643330934971,0.11876372276303805,0.9669530837642962
53.2,0.9649051492007242,0.1186395064110139,0.9669897351962807
53.225,0.9649459211834189,0.1185153991111851,0.9670263484850954
53.25,0.9649866490812133,0.11839140081222295,0.9670629236773542
53.275000000000006,0.9650273329337146,0.11826751146271591,0.9670994608195166
53.3,0.9650679727805044,0.11814373101117001,0.9671359599578877
53.325,0.9651085686611394,0.1180200594060092,0.9671724211386198
53.35,0.9651491206151511,0.11789649659557576,0.9672088444077133
53.375,0.9651896286820463,0.11777304252813067,0.9672452298110175
53.400000000000006,0.9652300929013067,0.11764969715185399,0.9672815773942315
53.425,0.9652705133123893,0.11752646041484521,0.9673178872029056
53.45,0.9653108899547265,0.11740333226512367,0.9673541592824417
53.475,0.9653512228677259,0.1172803126506289,0.9673903936780947
53.5,0.9653915120907709,0.11715740151922097,0.967426590434973
53.525000000000006,0.9654317576632201,0.1170345988186809,0.9674627495980399
53.55,0.965471959624408,0.11691190449671104,0.9674988712121142
53.575,0.9655121180136448,0.1167893185009354,0.9675349553218711
53.6,0.9655522328702163,0.1166668407789,0.9675710019718433
53.625,0.9655923042333845,0.1165444712780733,0.967607011206422
53.650000000000006,0.9656323321423872,0.1164222099458465,0.9676429830698575
53.675,0.9656723166364382,0.11630005672953392,0.9676789176062602
53.7,0.9657122577547275,0.11617801157637336,0.9677148148596016
53.725,0.9657521555364212,0.1160560744335265,0.9677506748737151
53.75,0.965792010020662,0.11593424524807917,0.967786497692297
53.775000000000006,0.9658318212465684,0.11581252396704178,0.967822283358907
53.8,0.9658715892532357,0.11569091053734963,0.9678580319169695
53.825,0.9659113140797356,0.11556940490586329,0.9678937434097744
53.85,0.9659509957651163,0.11544800701936894,0.9679294178804778
53.875,0.9659906343484027,0.11532671682457872,0.9679650553721029
53.900000000000006,0.9660302298685962,0.11520553426813109,0.9680006559275407
53.925,0.9660697823646752,0.11508445929659113,0.9680362195895512
53.95,0.9661092918755948,0.11496349185645095,0.9680717464007641
53.975,0.9661487584402869,0.11484263189413002,0.9681072364036795
54.0,0.9661881820976606,0.11472187935597546,0.9681426896406686
54.025000000000006,0.9662275628866017,0.11460123418826244,0.968178106153975
54.05,0.9662669008459733,0.11448069633719453,0.9682134859857152
54.075,0.9663061960146156,0.11436026574890396,0.9682488291778792
54.1,0.966345448431346,0.11423994236945202,0.968284135772332
54.125,0.966384658134959,0.11411972614482943,0.9683194058108133
54.150000000000006,0.9664238251642265,0.11399961702095658,0.9683546393349396
54.175,0.966462949557898,0.11387961494368394,0.9683898363862039
54.2,0.9665020313547001,0.11375971985879237,0.9684249970059772
54.225,0.966541070593337,0.11363993171199342,0.9684601212355086
54.25,0.9665800673124906,0.11352025044892973,0.968495209115927
54.275000000000006,0.96661902155082,0.1134006760151753,0.968530260688241
54.3,0.9666579333469624,0.11328120835623583,0.9685652759933401
54.325,0.9666968027395323,0.11316184741754907,0.9686002550719952
54.35,0.9667356297671222,0.11304259314448514,0.9686351979648599
54.375,0.9667744144683025,0.11292344548234681,0.9686701047124704
54.400000000000006,0.9668131568816212,0.11280440437636989,0.968704975355247
54.425,0.9668518570456042,0.11268546977172349,0.9687398099334946
54.45,0.9668905149987556,0.11256664161351039,0.9687746084874033
54.475,0.9669291307795571,0.11244791984676734,0.968809371057049
54.5,0.966967704426469,0.1123293044164654,0.9688440976823948
54.525000000000006,0.9670062359779291,0.11221079526751017,0.9688787884032908
54.55,0.9670447254723539,0.11209239234474225,0.9689134432594757
54.575,0.9670831729481375,0.11197409559293742,0.9689480622905768
54.6,0.9671215784436527,0.11185590495680704,0.9689826455361111
54.625,0.9671599419972503,0.11173782038099833,0.969017193035486
54.650000000000006,0.9671982636472596,0.11161984181009468,0.9690517048279996
54.675,0.967236543431988,0.11150196918861598,0.969086180952842
54.7,0.9672747813897214,0.11138420246101889,0.9691206214490957
54.725,0.9673129775587245,0.1112665415716972,0.969155026355736
54.75,0.9673511319772399,0.1111489864649821,0.9691893957116322
54.775000000000006,0.967389244683489,0.1110315370851425,0.9692237295555479
54.8,0.9674273157156716,0.11091419337638533,0.9692580279261419
54.825,0.9674653451119665,0.11079695528285587,0.9692922908619686
54.85,0.9675033329105305,0.11067982274863798,0.9693265184014789
54.875,0.9675412791494996,0.1105627957177545,0.9693607105830209
54.900000000000006,0.9675791838669883,0.11044587413416748,0.9693948674448403
54.925,0.9676170471010896,0.11032905794177851,0.9694289890250812
54.95,0.9676548688898758,0.11021234708442901,0.9694630753617869
54.975,0.9676926492713975,0.11009574150590051,0.9694971264929
55.0,0.9677303882836844,0.10997924114991502,0.9695311424562638
55.025000000000006,0.967768085964745,0.1098628459601352,0.9695651232896224
55.05,0.9678057423525666,0.10974655588016477,0.9695990690306214
55.075,0.9678433574851156,0.10963037085354876,0.9696329797168087
55.1,0.9678809314003374,0.10951429082377379,0.9696668553856349
55.125,0.967918464136156,0.10939831573426836,0.9697006960744542
55.150000000000006,0.967955955730475,0.10928244552840319,0.9697345018205248
55.175,0.9679934062211766,0.10916668014949144,0.9697682726610094
55.2,0.9680308156461223,0.10905101954078904,0.969802008632976
55.225,0.9680681840431524,0.10893546364549499,0.9698357097733988
55.25,0.9681055114500869,0.1088200124067516,0.969869376119158
55.275000000000006,0.9681427979047246,0.10870466576764483,0.9699030077070411
55.3,0.9681800434448433,0.10858942367120451,0.9699366045737431
55.325,0.9682172481082004,0.10847428606040471,0.9699701667558673
55.35,0.9682544119325323,0.10835925287816393,0.9700036942899259
55.375,0.9682915349555546,0.10824432406734545,0.9700371872123403
55.400000000000006,0.9683286172149627,0.10812949957075757,0.970070645559442
55.425,0.9683656587484306,0.10801477933115392,0.9701040693674728
55.45,0.9684026595936122,0.1079001632912337,0.9701374586725859
55.475,0.9684396197881403,0.10778565139364203,0.9701708135108459
55.5,0.9684765393696274,0.10767124358097015,0.9702041339182297
55.525000000000006,0.9685134183756653,0.10755693979575572,0.970237419930627
55.55,0.9685502568438252,0.1074427399804831,0.9702706715838406
55.575,0.9685870548116579,0.10732864407758366,0.9703038889135875
55.6,0.9686238123166933,0.10721465202943599,0.970337071955499
55.625,0.968660529396441,0.10710076377836622,0.9703702207451211
55.650000000000006,0.9686972060883903,0.10698697926664825,0.9704033353179156
55.675,0.9687338424300097,0.10687329843650407,0.97043641570926
55.7,0.9687704384587473,0.10675972123010401,0.9704694619544486
55.725,0.968806994212031,0.10664624758956696,0.9705024740886927
55.75,0.9688435097272678,0.10653287745696073,0.9705354521471211
55.775000000000006,0.9688799850418449,0.10641961077430226,0.9705683961647809
55.8,0.9689164201931285,0.10630644748355787,0.9706013061766375
55.825,0.9689528152184649,0.10619338752664359,0.9706341822175759
55.85,0.9689891701551796,0.10608043084542534,0.9706670243224003
55.875,0.9690254850405782,0.10596757738171929,0.9706998325258352
55.900000000000006,0.9690617599119455,0.10585482707729205,0.9707326068625259
55.925,0.9690979948065466,0.10574217987386093,0.9707653473670387
55.95,0.9691341897616256,0.10562963571309429,0.9707980540738614
55.975,0.9691703448144067,0.10551719453661168,0.9708307270174044
56.0,0.9692064600020938,0.10540485628598417,0.9708633662320002
56.025000000000006,0.9692425353618704,0.10529262090273461,0.9708959717519047
56.05,0.9692785709309,0.10518048832833787,0.9709285436112973
56.075,0.9693145667463254,0.10506845850422111,0.9709610818442816
56.1,0.9693505228452698,0.104956531371764,0.9709935864848857
56.125,0.9693864392648356,0.10484470687229902,0.9710260575670624
56.150000000000006,0.9694223160421053,0.10473298494711171,0.9710584951246904
56.175,0.9694581532141411,0.10462136553744089,0.9710908991915743
56.2,0.969493950817985,0.10450984858447894,0.9711232698014448
56.225,0.9695297088906588,0.10439843402937206,0.9711556069879599
56.25,0.9695654274691644,0.1042871218132205,0.9711879107847046
56.275000000000006,0.9696011065904832,0.10417591187707882,0.9712201812251917
56.3,0.9696367462915765,0.10406480416195615,0.9712524183428626
56.325,0.9696723466093855,0.10395379860881641,0.9712846221710869
56.35,0.9697079075808314,0.1038428951585786,0.9713167927431636
56.375,0.9697434292428151,0.103732093752117,0.9713489300923213
56.400000000000006,0.9697789116322174,0.10362139433026148,0.9713810342517184
56.425,0.9698143547858991,0.10351079683379766,0.9714131052544439
56.45,0.9698497587407007,0.10340030120346724,0.9714451431335177
56.475,0.9698851235334427,0.1032899073799682,0.9714771479218909
56.5,0.9699204492009256,0.10317961530395504,0.9715091196524464
56.525000000000006,0.9699557357799297,0.10306942491603907,0.9715410583579991
56.55,0.9699909833072151,0.1029593361567886,0.9715729640712967
56.575,0.9700261918195221,0.10284934896672916,0.9716048368250196
56.6,0.9700613613535706,0.10273946328634385,0.9716366766517821
56.625,0.9700964919460606,0.10262967905607348,0.9716684835841318
56.650000000000006,0.9701315836336722,0.10251999621631683,0.9717002576545508
56.675,0.9701666364530651,0.10241041470743091,0.9717319988954558
56.7,0.9702016504408791,0.1023009344697312,0.9717637073391985
56.725,0.970236625633734,0.10219155544349183,0.971795383018066
56.75,0.9702715620682295,0.10208227756894593,0.9718270259642814
56.775000000000006,0.9703064597809451,0.10197310078628576,0.9718586362100038
56.8,0.9703413188084404,0.10186402503566297,0.9718902137873292
56.825,0.970376139187255,0.10175505025718887,0.9719217587282903
56.85,0.9704109209539082,0.10164617639093464,0.9719532710648576
56.875,0.9704456641448996,0.10153740337693155,0.971984750828939
56.900000000000006,0.9704803687967086,0.10142873115517123,0.9720161980523808
56.925,0.9705150349457944,0.10132015966560586,0.9720476127669678
56.95,0.9705496626285963,0.10121168884814842,0.9720789950044237
56.975,0.9705842518815336,0.10110331864267293,0.9721103447964116
57.0,0.9706188027410056,0.10099504898901467,0.972141662174534
57.025,0.9706533152433914,0.1008868798269704,0.9721729471703339
57.050000000000004,0.97068778942505,0.10077881109629859,0.9722041998152943
57.075,0.9707222253223206,0.10067084273671968,0.9722354201408392
57.1,0.9707566229715222,0.10056297468791627,0.9722666081783337
57.125,0.9707909824089538,0.10045520688953334,0.9722977639590843
57.15,0.9708253036708943,0.10034753928117852,0.9723288875143395
57.175000000000004,0.9708595867936026,0.10023997180242229,0.97235997887529
57.2,0.9708938318133176,0.10013250439279818,0.9723910380730688
57.225,0.970928038766258,0.10002513699180304,0.9724220651387522
57.25,0.9709622076886226,0.09991786953889722,0.9724530601033594
57.275,0.9709963386165901,0.09981070197350483,0.9724840229978535
57.300000000000004,0.971030431586319,0.09970363423501394,0.9725149538531414
57.325,0.9710644866339478,0.09959666626277679,0.9725458527000741
57.35,0.9710985037955953,0.09948979799611005,0.9725767195694476
57.375,0.9711324831073597,0.099383029374295,0.9726075544920026
57.4,0.9711664246053193,0.09927636033657776,0.9726383574984252
57.425000000000004,0.9712003283255326,0.09916979082216953,0.9726691286193471
57.45,0.9712341943040376,0.0990633207702468,0.9726998678853458
57.475,0.9712680225768524,0.09895695011995151,0.9727305753269453
57.5,0.9713018131799752,0.09885067881039138,0.9727612509746161
57.525,0.9713355661493838,0.09874450678064002,0.9727918948587755
57.550000000000004,0.9713692815210361,0.09863843396973719,0.9728225070097883
57.575,0.9714029593308697,0.09853246031668904,0.9728530874579667
57.6,0.9714365996148024,0.09842658576046827,0.9728836362335707
57.625,0.9714702024087317,0.09832081024001436,0.9729141533668085
57.65,0.971503767748535,0.09821513369423383,0.972944638887837
57.675000000000004,0.9715372956700694,0.0981095560620004,0.9729750928267616
57.7,0.9715707862091724,0.09800407728215521,0.9730055152136372
57.725,0.9716042394016607,0.09789869729350703,0.9730359060784677
57.75,0.9716376552833313,0.0977934160348325,0.9730662654512068
57.775,0.971671033889961,0.09768823344487633,0.9730965933617585
57.800000000000004,0.9717043752573064,0.09758314946235146,0.9731268898399766
57.825,0.9717376794211038,0.09747816402593934,0.9731571549156661
57.85,0.9717709464170695,0.0973732770742901,0.9731873886185826
57.875,0.9718041762808998,0.09726848854602274,0.9732175909784326
57.9,0.9718373690482703,0.0971637983797254,0.9732477620248747
57.925000000000004,0.971870524754837,0.0970592065139555,0.9732779017875188
57.95,0.9719036434362354,0.09695471288723999,0.973308010295927
57.975,0.9719367251280806,0.09685031743807553,0.9733380875796136
58.0,0.971969769865968,0.0967460201049287,0.9733681336680458
58.025,0.9720027776854724,0.09664182082623624,0.9733981485906434
58.050000000000004,0.9720357486221485,0.09653771954040517,0.9734281323767797
58.075,0.9720686827115308,0.09643371618581309,0.973458085055781
58.1,0.9721015799891336,0.09632981070080832,0.9734880066569277
58.125,0.9721344404904507,0.09622600302371011,0.973517897209454
58.15,0.972167264250956,0.09612229309280887,0.9735477567425486
58.175000000000004,0.972200051306103,0.09601868084636635,0.9735775852853542
58.2,0.9722328016913248,0.09591516622261582,0.9736073828669689
58.225,0.9722655154420342,0.09581174915976233,0.9736371495164455
58.25,0.972298192593624,0.09570842959598286,0.9736668852627922
58.275,0.9723308331814665,0.09560520746942651,0.9736965901349728
58.300000000000004,0.9723634372409137,0.09550208271821474,0.9737262641619069
58.325,0.9723960048072973,0.09539905528044154,0.9737559073724702
58.35,0.9724285359159287,0.09529612509417364,0.9737855197954948
58.375,0.972461030602099,0.09519329209745069,0.9738151014597694
58.4,0.9724934889010788,0.09509055622828547,0.9738446523940393
58.425000000000004,0.9725259108481186,0.09498791742466409,0.9738741726270073
58.45,0.9725582964784483,0.09488537562454616,0.9739036621873333
58.475,0.9725906458272775,0.09478293076586503,0.9739331211036348
58.5,0.9726229589297954,0.09468058278652793,0.9739625494044873
58.525,0.972655235821171,0.0945783316244162,0.9739919471184242
58.550000000000004,0.9726874765365525,0.09447617721738548,0.9740213142739371
58.575,0.9727196811110682,0.09437411950326588,0.9740506508994765
58.6,0.9727518495798255,0.0942721584198622,0.9740799570234515
58.625,0.9727839819779117,0.09417029390495409,0.9741092326742302
58.65,0.9728160783403935,0.09406852589629627,0.97413847788014
58.675000000000004,0.9728481387023171,0.09396685433161872,0.9741676926694678
58.7,0.9728801630987085,0.09386527914862683,0.9741968770704602
58.725,0.9729121515645729,0.09376380028500164,0.9742260311113238
58.75,0.9729441041348951,0.0936624176784,0.9742551548202252
58.775,0.9729760208446395,0.09356113126645477,0.9742842482252916
58.800000000000004,0.9730079017287501,0.093459940986775,0.9743133113546107
58.825,0.97303974682215,0.09335884677694613,0.9743423442362313
58.85,0.9730715561597422,0.09325784857453014,0.974371346898163
58.875,0.9731033297764088,0.0931569463170658,0.9744003193683766
58.9,0.9731350677070116,0.09305613994206878,0.9744292616748046
58.925000000000004,0.9731667699863917,0.09295542938703193,0.9744581738453413
58.95,0.9731984366493698,0.09285481458942535,0.9744870559078427
58.975,0.9732300677307457,0.09275429548669667,0.974515907890127
59.0,0.973261663265299,0.09265387201627119,0.9745447298199749
59.025,0.9732932232877882,0.09255354411555207,0.9745735217251293
59.050000000000004,0.9733247478329518,0.0924533117219205,0.9746022836332965
59.075,0.973356236935507,0.09235317477273594,0.974631015572145
59.1,0.9733876906301508,0.09225313320533621,0.9746597175693072
59.125,0.9734191089515596,0.09215318695703774,0.9746883896523784
59.15,0.9734504919343887,0.09205333596513574,0.9747170318489176
59.175000000000004,0.9734818396132732,0.09195358016690434,0.9747456441864476
59.2,0.9735131520228272,0.09185391949959686,0.9747742266924553
59.225,0.9735444291976442,0.09175435390044587,0.9748027793943916
59.25,0.9735756711722969,0.09165488330666348,0.974831302319672
59.275,0.9736068779813375,0.09155550765544143,0.9748597954956763
59.300000000000004,0.9736380496592972,0.09145622688395133,0.9748882589497491
59.325,0.9736691862406867,0.09135704092934481,0.9749166927092001
59.35,0.9737002877599955,0.09125794972875369,0.9749450968013043
59.375,0.9737313542516929,0.09115895321929018,0.9749734712533015
59.4,0.973762385750227,0.09106005133804707,0.9750018160923974
59.425000000000004,0.9737933822900252,0.09096124402209783,0.9750301313457634
59.45,0.9738243439054942,0.09086253120849688,0.9750584170405368
59.475,0.9738552706310197,0.0907639128342797,0.9750866732038206
59.5,0.9738861625009668,0.09066538883646304,0.9751148998626845
59.525,0.9739170195496795,0.09056695915204506,0.9751430970441646
59.550000000000004,0.973947841811481,0.09046862371800554,0.9751712647752633
59.575,0.9739786293206737,0.09037038247130603,0.97519940308295
59.6,0.9740093821115391,0.09027223534889005,0.975227511994161
59.625,0.9740401002183378,0.0901741822876832,0.9752555915357999
59.65,0.9740707836753094,0.09007622322459342,0.9752836417347374
59.675000000000004,0.9741014325166727,0.08997835809651109,0.9753116626178118
59.7,0.9741320467766255,0.08988058684030922,0.975339654211829
59.725,0.9741626264893445,0.08978290939284365,0.9753676165435627
59.75,0.9741931716889858,0.08968532569095318,0.9753955496397548
59.775,0.9742236824096842,0.08958783567145975,0.9754234535271151
59.800000000000004,0.9742541586855535,0.08949043927116865,0.975451328232322
59.825,0.9742846005506868,0.08939313642686861,0.9754791737820219
59.85,0.9743150080391558,0.08929592707533204,0.9755069902028304
59.875,0.9743453811850116,0.08919881115331518,0.9755347775213317
59.9,0.9743757200222838,0.08910178859755823,0.9755625357640789
59.925000000000004,0.9744060245849813,0.08900485934478554,0.9755902649575945
59.95,0.9744362949070917,0.08890802333170582,0.97561796512837
59.975,0.9744665310225817,0.08881128049501225,0.9756456363028664
60.0,0.9744967329653969,0.08871463077138264,0.9756732785075145
