t,C,M,R
0.0,0.8,0.05,0.8
0.025,0.8016018200914494,0.05051715635272308,0.8004515747516833
0.05,0.8031888093900399,0.05102866036181081,0.8009062491009115
0.07500000000000001,0.8047611171564341,0.05153456406374641,0.8013639490225932
0.1,0.8063188907871633,0.0520349189806867,0.8018246015883751
0.125,0.8078622758473575,0.052529776127018965,0.8022881349491204
0.15000000000000002,0.8093914161027141,0.053019186015798,0.8027544783177376
0.17500000000000002,0.8109064535507301,0.053503198665066136,0.8032235619523508
0.2,0.812407528451214,0.053981863604059085,0.8036953171398044
0.225,0.8138947793560998,0.05445522987930018,0.8041696761794928
0.25,0.8153683431385799,0.0549233460605857,0.8046465723675086
0.275,0.8168283550215761,0.05538626024686381,0.8051259399811008
0.30000000000000004,0.8182749486055673,0.05584402007200954,0.805607714263436
0.325,0.8197082558957878,0.05629667271049831,0.8060918314086553
0.35000000000000003,0.8211284073288179,0.05674426488298022,0.8065782285472199
0.375,0.8225355317985781,0.05718684286175744,0.8070668437315398
0.4,0.8239297566817461,0.05762445247616699,0.807557615921876
0.42500000000000004,0.8253112078626096,0.05805713911787092,0.8080504849725133
0.45,0.8266800097573711,0.05848494774605617,0.8085453916181952
0.47500000000000003,0.8280362853379184,0.05890792289254595,0.8090422774608153
0.5,0.8293801561550749,0.059326108666824834,0.8095410849563595
0.525,0.8307117423613428,0.05973954876097941,0.8100417574020933
0.55,0.8320311627331536,0.060148286454556346,0.8105442389239882
0.5750000000000001,0.8333385346926367,0.060552364619339834,0.811048474464382
0.6000000000000001,0.834633974328921,0.06095182572405004,0.8115544097698674
0.625,0.8359175964189779,0.061346711838964486,0.8120619913794039
0.65,0.8371895144480224,0.061737064640463885,0.8125711666126484
0.675,0.8384498406294784,0.06212292541550428,0.8130818835584982
0.7000000000000001,0.8396986859245229,0.06250433506601694,0.8135940910638433
0.7250000000000001,0.8409361600612186,0.06288133411323764,0.8141077387225221
0.75,0.8421623715532448,0.06325396270196695,0.8146227768644765
0.775,0.8433774277182373,0.06362226060476285,0.8151391565451016
0.8,0.8445814346957474,0.06398626722606728,0.815656829534786
0.8250000000000001,0.845774497464829,0.064346021606268,0.8161757483086386
0.8500000000000001,0.846956719861263,0.06470156242569712,0.8166958660363968
0.875,0.8481282045944287,0.06505292800856767,0.8172171365725139
0.9,0.8492890532638308,0.06540015632684952,0.8177395144464199
0.925,0.8504393663752892,0.06574328500408595,0.8182629548529528
0.9500000000000001,0.8515792433568026,0.06608235131915208,0.818787413642957
0.9750000000000001,0.8527087825740912,0.06641739220995643,0.8193128473140447
1.0,0.853828081345828,0.06674844427708679,0.8198392130015163
1.0250000000000001,0.8549372359585659,0.06707554378740146,0.8203664684694376
1.05,0.8560363416813676,0.06739872667756726,0.8208945721018694
1.075,0.8571254927801467,0.06771802855754495,0.8214234828942468
1.1,0.8582047825317255,0.06803348471402373,0.8219531604449044
1.125,0.8592743032376173,0.06834513011380533,0.8224835649467449
1.1500000000000001,0.86033414623754,0.06865299940713898,0.8230146571790482
1.175,0.8613844019226663,0.06895712693100833,0.8235463984994168
1.2000000000000002,0.8624251597486186,0.06925754671237108,0.8240787508358564
1.225,0.8634565082482126,0.06955429247135235,0.8246116766789873
1.25,0.864478535043958,0.06984739762439286,0.8251451390743848
1.2750000000000001,0.8654913268603196,0.07013689528735263,0.8256791016150455
1.3,0.8664949695357462,0.07042281827857114,0.8262135284339772
1.3250000000000002,0.8674895480344725,0.07070519912188489,0.8267483841969091
1.35,0.8684751464580984,0.07098407004960314,0.8272836340951211
1.375,0.8694518480569522,0.07125946300544264,0.8278192438383885
1.4000000000000001,0.8704197352412419,0.07153140964742215,0.8283551796480401
1.425,0.8713788895920004,0.0717999413507176,0.8288914082501281
1.4500000000000002,0.8723293918718276,0.07206508921047858,0.8294278968687062
1.475,0.8732713220354369,0.07232688404460692,0.829964613219215
1.5,0.8742047592400081,0.07258535639649819,0.8305015255019716
1.5250000000000001,0.8751297818553522,0.07284053653774657,0.8310386023957621
1.55,0.8760464674738929,0.07309245447081415,0.8315758130515336
1.5750000000000002,0.8769548929204682,0.07334113993166505,0.8321131270861856
1.6,0.8778551342619565,0.07358662239236508,0.8326505145764572
1.625,0.8787472668167311,0.07382893106364771,0.833187946052909
1.6500000000000001,0.8796313651639477,0.07406809489744691,0.8337253924939977
1.675,0.8805075031526675,0.07430414258939734,0.834262825320241
1.7000000000000002,0.8813757539108206,0.07453710258130275,0.8348002163884722
1.725,0.8822361898540128,0.07476700306357299,0.8353375379861818
1.75,0.8830888826941795,0.0749938719776303,0.8358747628259443
1.7750000000000001,0.8839339034480905,0.07521773701828531,0.8364118640399292
1.8,0.8847713224457079,0.07543862563608353,0.8369488151744943
1.8250000000000002,0.8856012093384015,0.07565656503962262,0.8374855901848598
1.85,0.8864236331070247,0.07587158219784117,0.8380221634298611
1.875,0.8872386620698536,0.0760837038422793,0.8385585096667795
1.9000000000000001,0.8880463638903924,0.07629295646931182,0.8390946040462485
1.925,0.8888468055850481,0.07649936634235414,0.8396304221072358
1.9500000000000002,0.889640053530678,0.07670295949404178,0.8401659397720979
1.975,0.8904261734720111,0.07690376172838358,0.8407011333417058
2.0,0.8912052305289487,0.0771017986228893,0.841235979490643
2.025,0.891977289203744,0.07729709553067199,0.841770455262471
2.0500000000000003,0.8927424133880656,0.07748967758252556,0.8423045380650636
2.075,0.8935006663699463,0.07767956968897799,0.8428382056660075
2.1,0.8942521108406197,0.07786679654232054,0.8433714361880686
2.125,0.8949968089012478,0.0780513826186135,0.843904208104722
2.15,0.8957348220695405,0.07823335217966876,0.8444365002357452
2.1750000000000003,0.8964662112862708,0.0784127292750096,0.8449682917428737
2.2,0.8971910369216871,0.07858953774380814,0.845499562125516
2.225,0.897909358781825,0.07876380121680082,0.84603029121653
2.25,0.8986212361147207,0.07893554311818218,0.846560459178056
2.275,0.8993267276165278,0.07910478666747743,0.8470900464974089
2.3000000000000003,0.9000258914375403,0.07927155488139406,0.8476190339830256
2.325,0.9007187851881231,0.07943587057565286,0.8481474027604685
2.35,0.9014054659445516,0.07959775636679876,0.8486751342684833
2.375,0.9020859902547637,0.07975723467399164,0.8492022102551099
2.4000000000000004,0.9027604141440242,0.0799143277207776,0.8497286127738466
2.4250000000000003,0.9034287931205051,0.08006905753684099,0.8502543241798651
2.45,0.9040911821807821,0.08022144595973733,0.8507793271262769
2.475,0.9047476358152503,0.08037151463660772,0.851303604560449
2.5,0.9053982080134596,0.08051928502587463,0.8518271397203684
2.5250000000000004,0.9060429522693724,0.08066477839891986,0.8523499161310558
2.5500000000000003,0.906681921586544,0.08080801584174443,0.8528719176010252
2.575,0.9073151684832295,0.08094901825661115,0.8533931282187909
2.6,0.9079427449974152,0.08108780636366966,0.8539135323494195
2.625,0.90856470269178,0.08122440070256474,0.8544331146311274
2.6500000000000004,0.9091810926585847,0.08135882163402765,0.8549518599719224
2.6750000000000003,0.9097919655244929,0.08149108934145102,0.8554697535462878
2.7,0.9103973714553241,0.08162122383244759,0.8559867807919106
2.725,0.9109973601607401,0.08174924494039279,0.8565029274064503
2.75,0.9115919808988664,0.08187517232595164,0.8570181793443497
2.7750000000000004,0.9121812824808501,0.08199902547859006,0.8575325228136861
2.8000000000000003,0.9127653132753543,0.08212082371807092,0.8580459442730626
2.825,0.9133441212129921,0.08224058619593495,0.8585584304285381
2.85,0.9139177537907003,0.08235833189696679,0.8590699682305963
2.875,0.9144862580760531,0.08247407964064636,0.8595805448711529
2.9000000000000004,0.9150496807115193,0.08258784808258583,0.8600901477805993
2.9250000000000003,0.9156080679186617,0.08269965571595232,0.8605987646248844
2.95,0.9161614655022815,0.08280952087287653,0.861106383302631
2.975,0.9167099188545077,0.08291746172584756,0.8616129919422894
3.0,0.9172534729588329,0.08302349628909404,0.8621185788993243
3.0250000000000004,0.9177921723940966,0.08312764241995187,0.862623132753438
3.0500000000000003,0.9183260613384175,0.08322991782021855,0.8631266423058264
3.075,0.9188551835730743,0.08333034003749457,0.8636290965764678
3.1,0.9193795824863368,0.08342892646651173,0.8641304848014466
3.125,0.9198993010772495,0.08352569435044886,0.8646307964303076
3.1500000000000004,0.9204143819593661,0.08362066078223483,0.8651300211234427
3.1750000000000003,0.9209248673644373,0.08371384270583924,0.8656281487495093
3.2,0.9214307991460532,0.08380525691755086,0.8661251693828791
3.225,0.9219322187832392,0.08389492006724396,0.8666210733011175
3.25,0.9224291673840086,0.08398284865963274,0.8671158509824934
3.2750000000000004,0.9229216856888713,0.08406905905551397,0.8676094931035182
3.3000000000000003,0.9234098140742992,0.08415356747299807,0.8681019905365133
3.325,0.9238935925561499,0.08423638998872865,0.8685933343472071
3.35,0.9243730607930489,0.08431754253909081,0.8690835157923602
3.375,0.9248482580897316,0.08439704092140818,0.8695725263174179
3.4000000000000004,0.9253192234003448,0.084474900795129,0.8700603575541901
3.4250000000000003,0.9257859953317094,0.08455113768300127,0.8705470013185588
3.45,0.9262486121465446,0.08462576697223714,0.8710324496082116
3.475,0.9267071117666545,0.08469880391566668,0.8715166946004017
3.5,0.9271615317760769,0.08477026363288115,0.8719997286497337
3.5250000000000004,0.9276119094241957,0.08484016111136587,0.872481544285975
3.5500000000000003,0.9280582816288186,0.08490851120762295,0.872962134211892
3.575,0.9285006849792177,0.08497532864828378,0.8734414913011112
3.6,0.9289391557391363,0.08504062803121154,0.873919608596005
3.625,0.9293737298497622,0.08510442382659396,0.8743964793056014
3.6500000000000004,0.9298044429326662,0.08516673037802612,0.8748720968035166
3.6750000000000003,0.9302313302927087,0.0852275619035838,0.8753464546259127
3.7,0.930654426920913,0.0852869324968871,0.8758195464694768
3.725,0.9310737674973079,0.08534485612815483,0.8762913661894243
3.75,0.9314893863937371,0.08540134664524943,0.876761907797523
3.7750000000000004,0.9319013176766401,0.08545641777471277,0.8772311654601415
3.8000000000000003,0.9323095951098005,0.08551008312279283,0.8776991334963169
3.825,0.9327142521570662,0.08556235617646134,0.8781658063758465
3.85,0.9331153219850389,0.08561325030442259,0.878631178717399
3.875,0.9335128374657357,0.08566277875811336,0.8790952452866478
3.9000000000000004,0.9339068311792214,0.08571095467269425,0.879558000994424
3.9250000000000003,0.9342973354162137,0.0857577910680323,0.8800194408948909
3.95,0.9346843821806603,0.08580330084967516,0.8804795601837377
3.975,0.9350680031922884,0.08584749680981685,0.8809383541963941
4.0,0.9354482298891288,0.08589039162825512,0.8813958184062634
4.025,0.9358250934300123,0.08593199787334072,0.8818519484229759
4.05,0.9361986246970413,0.0859723280029183,0.8823067399906611
4.075,0.9365688542980353,0.08601139436525954,0.8827601889862389
4.1000000000000005,0.9369358125689514,0.08604920919998797,0.8832122914177291
4.125,0.9372995295762804,0.0860857846389962,0.8836630434225797
4.15,0.9376600351194176,0.08612113270735515,0.8841124412660137
4.175,0.9380173587330113,0.08615526532421562,0.8845604813393929
4.2,0.9383715296892856,0.08618819430370221,0.8850071601586004
4.2250000000000005,0.9387225770003416,0.08621993135579968,0.8854524743624397
4.25,0.9390705294204346,0.08625048808723178,0.8858964207110525
4.275,0.9394154154482293,0.08627987600233268,0.8863389960843517
4.3,0.9397572633290324,0.08630810650391113,0.8867801974804733
4.325,0.9400961010570034,0.08633519089410721,0.8872200220142432
4.3500000000000005,0.940431956377343,0.08636114037524202,0.8876584669156616
4.375,0.9407648567884619,0.08638596605066018,0.8880955295284034
4.4,0.9410948295441264,0.08640967892556528,0.8885312073083346
4.425,0.9414219016555846,0.08643228990784839,0.8889654978220444
4.45,0.9417460998936721,0.0864538098089096,0.8893983987453936
4.4750000000000005,0.9420674507908966,0.08647424934447276,0.8898299078620779
4.5,0.9423859806435037,0.0864936191353934,0.8902600230622071
4.525,0.9427017155135221,0.08651192970845996,0.8906887423408986
4.55,0.9430146812307904,0.08652919149718837,0.891116063796887
4.575,0.9433249033949636,0.08654541484261001,0.8915419856311478
4.6000000000000005,0.9436324073775018,0.08656060999405324,0.891966506145536
4.625,0.9439372183236397,0.0865747871099183,0.8923896237414386
4.65,0.9442393611543382,0.08658795625844598,0.8928113369184426
4.675,0.9445388605682168,0.08660012741847985,0.893231644273016
4.7,0.9448357410434699,0.0866113104802222,0.8936505444972035
4.7250000000000005,0.9451300268397635,0.08662151524598385,0.8940680363773352
4.75,0.9454217420001161,0.08663075143092765,0.8944841187927505
4.775,0.945710910352761,0.08663902866380598,0.8948987907145335
4.800000000000001,0.9459975555129929,0.08664635648769216,0.8953120512042636
4.825,0.9462817008849965,0.08665274436070586,0.8957238994127784
4.8500000000000005,0.9465633696636595,0.08665820165673255,0.8961343345789498
4.875,0.9468425848363687,0.08666273766613705,0.8965433560284729
4.9,0.9471193691847901,0.0866663615964713,0.8969509631726682
4.925000000000001,0.947393745286633,0.08666908257317626,0.897357155507296
4.95,0.9476657355173982,0.08667090964027814,0.8977619326113835
4.9750000000000005,0.9479353620521108,0.08667185176107889,0.8981652941460643
5.0,0.9482026468670377,0.08667191781884111,0.89856723985343
5.025,0.9435200623984958,0.09022238212760476,0.8982850261873572
5.05,0.9388954923435426,0.09376303913720074,0.8979840356201975
5.075,0.9343278991664226,0.09729395720168446,0.8976646757195764
5.1,0.9298162655861211,0.10081520407815635,0.8973273474884425
5.125,0.9253595941867411,0.1043268469308506,0.8969724454419398
5.15,0.9209569070342886,0.10782895233523972,0.8966003576845738
5.175,0.9166072452998337,0.11132158628215313,0.8962114659875978
5.2,0.9123096688890071,0.11480481418190826,0.8958061458665517
5.225,0.9080632560777885,0.11827870086845223,0.8953847666588889
5.25,0.9038671031545403,0.12174331060351279,0.8949476916016293
5.275,0.8997203240682365,0.12519870708075678,0.8944952779089822
5.3,0.8956220500828302,0.1286449534299548,0.8940278768498818
5.325,0.891571429437706,0.13208211222115035,0.8935458338253874
5.35,0.8875676270141545,0.13551024546883259,0.893049488445897
5.375,0.8836098240078097,0.1389294146361107,0.89253917460813
5.4,0.8796972176069818,0.14233968063888922,0.8920152205718359
5.425,0.8758290206768216,0.14574110385004263,0.891477949036189
5.45,0.8720044614492463,0.14913374410358832,0.8909276772158309
5.475,0.868222783218559,0.15251766069885644,0.8903647169165253
5.5,0.8644832440426886,0.15589291240465603,0.8897893746103934
5.525,0.8607851164499792,0.15925955746343573,0.8892019515106969
5.55,0.8571276871514548,0.16261765359543873,0.8886027436461414
5.575,0.853510256758485,0.16596725800285034,0.8879920419346731
5.6,0.8499321395057775,0.16930842737393775,0.887370132256743
5.625,0.84639266297962,0.17264121788718068,0.8867372955280169
5.65,0.8428911678512967,0.17596568521539227,0.8860938077715087
5.675,0.8394270076156021,0.17928188452982935,0.8854399401891175
5.7,0.8359995483343755,0.18258987050429118,0.8847759592325513
5.725,0.8326081683849795,0.18588969731920604,0.8841021266736186
5.75,0.8292522582136442,0.18918141866570481,0.8834186996738758
5.775,0.8259312200936016,0.19246508774968082,0.8827259308536124
5.8,0.8226444678879326,0.19574075729583548,0.8820240683601661
5.825,0.8193914268170489,0.19900847955170878,0.8813133559355523
5.85,0.8161715332307362,0.20226830629169426,0.8805940329833999
5.875,0.8129842343846786,0.20552028882103776,0.8798663346351848
5.9,0.8098289882213918,0.20876447797981934,0.8791304918157516
5.925,0.8067052631554884,0.21200092414691796,0.878386731308117
5.95,0.8036125378632006,0.2152296772439584,0.8776352758175491
5.975,0.8005503010760864,0.21845078673923965,0.8768763440349175
6.0,0.7975180513788449,0.22166430165164483,0.8761101506993095
6.025,0.7945152970111699,0.22487027055453163,0.8753369066599085
6.05,0.791541555673566,0.22806874157960336,0.8745568189371328
6.075,0.7885963543370597,0.23125976242075977,0.8737700907830318
6.1,0.7856792290567309,0.23444338033792764,0.8729769217409393
6.125,0.782789724788998,0.23761964216087045,0.8721775077043815
6.15,0.7799273952125846,0.24078859429297716,0.8713720409752415
6.175,0.7770918025531018,0.24395028271502942,0.8705607103211789
6.2,0.7742825174111765,0.24710475298894718,0.8697437010323071
6.225,0.7714991185940603,0.25025205026151226,0.8689211949771288
6.25,0.7687411929506529,0.25339221926806965,0.8680933706577313
6.275,0.7660083352098743,0.2565253043362065,0.8672604032642451
6.3,0.7633001478223228,0.25965134938940815,0.8664224647285683
6.325,0.7606162408051548,0.2627703979506914,0.8655797237773588
6.35,0.7579562315901247,0.26588249314621454,0.8647323459842998
6.375,0.7553197448747235,0.2689876777088641,0.863880493821641
6.4,0.7527064124763551,0.27208599398181826,0.86302432671102
6.425,0.7501158731894914,0.2751774839220863,0.8621640010735695
6.45,0.7475477726457482,0.2782621891040246,0.8612996703793132
6.475,0.7450017631768229,0.28134015072282853,0.8604314851958574
6.5,0.7424775036802378,0.28441140959800026,0.8595595932363821
6.525,0.7399746594878345,0.28747600617679264,0.8586841394069378
6.55,0.7374929022369627,0.2905339805376287,0.8578052658530539
6.575,0.7350319097443108,0.2935853723934968,0.8569231120056643
6.6,0.7325913658823241,0.29663022109532144,0.8560378146263556
6.625,0.7301709604581605,0.2996685656353097,0.8551495078519457
6.65,0.7277703890951301,0.3027004446502729,0.8542583232383973
6.675,0.72538935311657,0.30572589642492415,0.8533643898040751
6.7,0.7230275594321048,0.30874495889515075,0.8524678340723503
6.725,0.7206847204262437,0.3117576696512625,0.8515687801135621
6.75,0.7183605538492664,0.314764065941215,0.850667349586341
6.775,0.7160547827103533,0.31776418467380846,0.8497636617783018
6.8,0.7137671351729099,0.32075806242186206,0.8488578336461123
6.825,0.7114973444520448,0.32374573542536317,0.8479499798549466
6.85,0.709245148714154,0.3267272395945924,0.847040212817327
6.875,0.7070102909785697,0.3297026105132239,0.8461286427313653
6.9,0.7047925190212305,0.33267188344140114,0.8452153776184076
6.925,0.7025915852803316,0.3356350933187878,0.8443005233600909
6.95,0.7004072467639131,0.3385922747675948,0.8433841837348197
6.975,0.6982392649593478,0.3415434620955822,0.8424664604536682
7.0,0.6960874057446882,0.34448868929903714,0.8415474531957161
7.025,0.6939514393018333,0.3474279900657274,0.8406272596428249
7.050000000000001,0.69183114003148,0.3503613977778302,0.8397059755138628
7.075,0.6897262864698186,0.3532889455148376,0.8387836945983843
7.1,0.6876366612069386,0.3562106660564368,0.8378605087897724
7.125,0.6855620508069082,0.3591265918853673,0.8369365081178498
7.15,0.6835022457294929,0.3620367551902532,0.836011780780968
7.175000000000001,0.6814570402534779,0.36494118786841234,0.8350864131775789
7.2,0.6794262324015625,0.36783992152864114,0.8341604899372981
7.225,0.6774096238667926,0.37073298749397576,0.8332340939514659
7.25,0.6754070199404988,0.3736204168044299,0.8323073064032138
7.275,0.6734182294417094,0.37650224021970885,0.8313802067970426
7.300000000000001,0.671443064648007,0.37937848822189996,0.830452872987919
7.325,0.6694813412277986,0.3822491910181402,0.8295253812098992
7.35,0.6675328781739689,0.38511437854326025,0.8285978061042838
7.375,0.6655974977388892,0.38797408046240545,0.8276702207473136
7.4,0.6636750253707516,0.39082832617363383,0.8267426966774103
7.425000000000001,0.6617652896512023,0.3936771448104913,0.8258153039219708
7.45,0.6598681222342458,0.3965205652445641,0.8248881110237206
7.475,0.6579833577863939,0.3993586160880084,0.8239611850666337
7.5,0.6561108339280325,0.40219132569605776,0.8230345917014247
7.525,0.6542503911759815,0.40501872216950796,0.8221083951706194
7.550000000000001,0.6524018728872226,0.4078408333571797,0.821182658333212
7.575,0.6505651252037697,0.4106576868583589,0.8202574426889127
7.6,0.6487399969986589,0.4134693100252155,0.8193328084019935
7.625,0.646926339823034,0.41627572996519985,0.8184088143247389
7.65,0.6451240078543046,0.41907697354341794,0.8174855180205051
7.675000000000001,0.643332857845354,0.42187306738498453,0.8165629757863967
7.7,0.641552749074776,0.42466403787735507,0.8156412426755655
7.725,0.639783543298117,0.42744991117263637,0.8147203725191362
7.75,0.6380251047001045,0.43023071318987594,0.8138004179477673
7.775,0.6362772998478393,0.43300646961733036,0.8128814304128507
7.800000000000001,0.6345399976449329,0.43577720591471286,0.8119634602073571
7.825,0.6328130692865688,0.43854294731542,0.8110465564863318
7.85,0.6310963882154699,0.4413037188287376,0.8101307672870476
7.875,0.6293898300787509,0.4440595452420267,0.8092161395488188
7.9,0.6276932726856398,0.4468104511228887,0.8083027191324833
7.925000000000001,0.6260065959660475,0.4495564608213106,0.8073905508395567
7.95,0.62432968192997,0.4522975984717901,0.8064796784310647
7.975,0.6226624146277048,0.45503388799544064,0.8055701446460584
8.0,0.6210046801108643,0.45776535310207733,0.8046619912198175
8.025,0.6193563663941699,0.4604920172922825,0.8037552589017476
8.05,0.6177173634180105,0.46321390385945227,0.8028499874729744
8.075,0.6160875630117493,0.46593103589182366,0.8019462157636423
8.1,0.614466858857763,0.4686434362744827,0.8010439816699201
8.125,0.6128551464561993,0.47135112769135323,0.8001433221707196
8.15,0.6112523230904359,0.4740541326271673,0.7992442733441318
8.175,0.6096582877932275,0.4767524733694162,0.7983468703835851
8.2,0.6080729413135274,0.4794461720102837,0.7974511476137295
8.225,0.6064961860839669,0.4821352504485604,0.7965571385060529
8.25,0.6049279261889822,0.48481973039153964,0.7956648756942322
8.275,0.6033680673335721,0.4874996333568956,0.7947743909892243
8.3,0.6018165168126763,0.4901749806745436,0.7938857153941018
8.325,0.6002731834811595,0.4928457934884821,0.7929988791186363
8.35,0.5987379777243893,0.49551209275861713,0.7921139115936351
8.375,0.5972108114293956,0.49817389926256944,0.791230841485034
8.4,0.5956915979566,0.500831233597464,0.790349696707751
8.425,0.5941802521121023,0.5034841161817022,0.7894705044393052
8.45,0.5926766901205138,0.5061325672567174,0.7885932911332031
8.475,0.5911808295983251,0.5087766068887126,0.7877180825320987
8.5,0.5896925895277976,0.5114162549703823,0.7868449036807291
8.525,0.5882118902313689,0.5140515312226172,0.7859737789386304
8.55,0.5867386533465602,0.5166824551961919,0.7851047319926371
8.575,0.5852728018013756,0.5193090462734374,0.784237785869169
8.6,0.5838142597901844,0.5219313236698961,0.7833729629463091
8.625,0.5823629527500743,0.5245493064359614,0.7825102849656752
8.65,0.5809188073376685,0.5271630134585009,0.7816497730440904
8.675,0.5794817514063946,0.5297724634624643,0.7807914476850539
8.7,0.5780517139841979,0.5323776750124751,0.7799353287900168
8.725,0.5766286252516891,0.534978666514407,0.7790814356694657
8.75,0.5752124165207184,0.5375754562169446,0.7782297870538174
8.775,0.5738030202133652,0.5401680622131293,0.7773804011041278
8.8,0.5724003698413379,0.5427565024418896,0.7765332954226181
8.825,0.5710043999857733,0.5453407946895563,0.7756884870630221
8.85,0.5696150462774279,0.5479209565913636,0.7748459925407558
8.875,0.5682322453772535,0.5504970056329344,0.774005827842915
8.9,0.5668559349573493,0.5530689591517512,0.7731680084381011
8.925,0.5654860536822826,0.555636834338614,0.7723325492860792
8.95,0.56412254119077,0.5582006482390811,0.7714994648472727
8.975,0.5627653380777139,0.5607604177548984,0.7706687690920944
9.0,0.5614143858765842,0.5633161596454127,0.7698404755101182
9.025,0.5630073028335468,0.5637619919328348,0.769594879636352
9.05,0.5645869894362564,0.564202655424233,0.7693574249560703
9.075,0.5661535864021859,0.5646381888287368,0.7691279889657666
9.1,0.5677072325445098,0.5650686304858614,0.7689064509594005
9.125,0.5692480648057149,0.5654940183707008,0.7686926919985949
9.15,0.5707762182904758,0.5659143900990212,0.7684865948834222
9.175,0.5722918262978134,0.5663297829322551,0.7682880441237637
9.2,0.5737950203525551,0.566740233782399,0.7680969259112305
9.225,0.5752859302361147,0.5671457792168173,0.7679131280916313
9.25,0.5767646840166081,0.5675464554629543,0.767736540137977
9.275,0.5782314080783225,0.5679422984129564,0.7675670531240067
9.3,0.5796862271505558,0.5683333436282059,0.7674045596982262
9.325,0.5811292643358402,0.5687196263437704,0.7672489540584444
9.35,0.582560641137567,0.5691011814727676,0.7671001319267993
9.375,0.5839804774870271,0.5694780436106484,0.7669579905252597
9.4,0.585388891769881,0.5698502470394005,0.7668224285515944
9.425,0.586786000852073,0.5702178257316733,0.7666933461557963
9.45,0.5881719201052039,0.5705808133548274,0.7665706449169526
9.475,0.5895467634313736,0.5709392432749077,0.7664542278205504
9.5,0.5909106432875083,0.5712931485605461,0.7663439992362088
9.525,0.5922636707091847,0.5716425619867906,0.7662398648958268
9.55,0.5936059553339623,0.5719875160388662,0.7661417318721396
9.575,0.5949376054242369,0.572328042915867,0.7660495085576722
9.6,0.596258727889626,0.5726641745343819,0.7659631046440835
9.625,0.5975694283088979,0.572995942532055,0.7658824311018912
9.65,0.5988698109514559,0.5733233782710825,0.7658074001605704
9.675,0.600159978798386,0.5736465128416475,0.7657379252890149
9.7,0.6014400335630822,0.5739653770652932,0.765673921176358
9.725,0.6027100757114555,0.5742800014982373,0.765615303713141
9.75,0.6039702044817398,0.5745904164346279,0.7655619899728234
9.775,0.6052205179039012,0.5748966519097418,0.765513898193628
9.8,0.6064611128186632,0.575198737703128,0.7654709477607131
9.825,0.6076920848961537,0.575496703341696,0.7654330591886649
9.85,0.6089135286541847,0.5757905781027509,0.7654001541043034
9.875,0.6101255374761732,0.5760803910169766,0.7653721552297954
9.9,0.6113282036287097,0.5763661708713672,0.7653489863660675
9.925,0.6125216182787853,0.5766479462121089,0.7653305723765139
9.95,0.6137058715106827,0.576925745347413,0.7653168391709914
9.975,0.6148810523425408,0.5771995963503009,0.7653077136900966
10.0,0.6160472487425986,0.5774695270613418,0.76530312388972
10.025,0.617204547645128,0.5777355650913454,0.7653029987258688
10.05,0.6183530349660594,0.5779977378240088,0.7653072681397564
10.075,0.6194927956183109,0.5782560724185201,0.7653158630431496
10.1,0.6206239135268246,0.5785105958121183,0.7653287153039711
10.125,0.6217464716433179,0.5787613347226119,0.76534575773215
10.15,0.6228605519607568,0.5790083156508554,0.7653669240657163
10.175,0.6239662355275566,0.5792515648831857,0.7653921489571345
10.2,0.6250636024615158,0.5794911084938191,0.7654213679598707
10.225,0.6261527319634904,0.5797269723472095,0.7654545175151891
10.25,0.627233702330813,0.5799591821003682,0.7654915349391734
10.275,0.6283065909704636,0.5801877632051473,0.7655323584099678
10.3,0.6293714744119966,0.5804127409104858,0.7655769269552343
10.325,0.6304284283202295,0.5806341402646208,0.7656251804398208
10.35,0.6314775275076996,0.5808519861172632,0.765677059553637
10.375,0.6325188459468921,0.5810663031217396,0.7657325057997331
10.4,0.633552456782246,0.5812771157371002,0.7657914614825776
10.425,0.634578432341942,0.5814844482301943,0.7658538696965301
10.45,0.6355968441494769,0.5816883246777134,0.7659196743145059
10.475,0.63660776293503,0.5818887689682022,0.765988819976828
10.5,0.6376112586466248,0.5820858048040398,0.7660612520802625
10.525,0.6386074004610919,0.5822794557033898,0.7661369167672356
10.55,0.6395962567948352,0.5824697450021203,0.7662157609152259
10.575,0.6405778953144083,0.5826566958556963,0.7662977321263315
10.6,0.6415523829469028,0.5828403312410416,0.7663827787170062
10.625,0.6425197858901535,0.5830206739583743,0.7664708497079636
10.65,0.6434801696227651,0.583197746633014,0.7665618948142436
10.675,0.6444335989139627,0.5833715717171626,0.7666558644354402
10.7,0.6453801378332701,0.583542171491658,0.7667527096460867
10.725,0.6463198497600212,0.5837095680677028,0.766852382186195
10.75,0.6472527973927054,0.5838737833885673,0.7669548344519471
10.775,0.6481790427581525,0.5840348392312673,0.7670600194865344
10.8,0.6490986472205598,0.584192757208218,0.7671678909711435
10.825,0.6500116714903638,0.5843475587688634,0.7672784032160852
10.85,0.6509181756329615,0.5844992652012831,0.7673915111520636
10.875,0.6518182190772827,0.5846478976337756,0.7675071703215832
10.9,0.6527118606242172,0.5847934770364183,0.7676253368704915
10.925,0.6535991584548999,0.5849360242226066,0.7677459675396542
10.95,0.6544801701388567,0.5850755598505709,0.7678690196567605
10.975,0.6553549526420132,0.5852121044248716,0.7679944511282567
11.0,0.6562235623345702,0.5853456782978739,0.7681222204314058
11.025,0.6570860549987485,0.5854763016712019,0.7682522866064689
11.05,0.6579424858364041,0.5856039945971724,0.7683846092490095
11.075,0.6587929094765191,0.5857287769802091,0.768519148502315
11.1,0.6596373799825682,0.5858506685782371,0.768655865049936
11.125,0.6604759508597647,0.585969689004059,0.7687947201083397
11.15,0.6613086750621886,0.5860858577267114,0.7689356754196759
11.175,0.6621356049997975,0.5861991940728039,0.7690786932446532
11.2,0.6629567925453255,0.5863097172278393,0.7692237363555241
11.225,0.6637722890410684,0.586417446237517,0.7693707680291765
11.25,0.664582145305562,0.5865224000090183,0.7695197520403295
11.275,0.6653864116401513,0.5866245973122749,0.7696706526548328
11.3,0.6661851378354555,0.5867240567812205,0.7698234346230661
11.325,0.66697837317773,0.5868207969150265,0.7699780631734385
11.35,0.6677661664551277,0.5869148360793209,0.7701345040059847
11.375,0.6685485659638601,0.5870061925073916,0.7702927232860572
11.4,0.6693256195142632,0.5870948843013744,0.770452687638113
11.425,0.6700973744367659,0.5871809294334249,0.7706143641395917
11.45,0.670863877587767,0.5872643457468768,0.7707777203148851
11.475,0.6716251753554198,0.5873451509573836,0.770942724129396
11.5,0.6723813136653263,0.5874233626540473,0.7711093439836844
11.525,0.6731323379861442,0.5874989983005321,0.7712775487076996
11.55,0.6738782933351072,0.5875720752361646,0.7714473075550982
11.575,0.6746192242834597,0.5876426106770195,0.7716185901976436
11.6,0.6753551749618095,0.5877106217169924,0.7717913667196885
11.625,0.6760861890653982,0.5877761253288594,0.7719656076127376
11.65,0.6768123098592913,0.5878391383653231,0.7721412837700885
11.675,0.6775335801834903,0.5878996775600461,0.7723183664815517
11.7,0.678250042457967,0.5879577595286719,0.7724968274282457
11.725,0.6789617386876229,0.5880134007698334,0.7726766386774676
11.75,0.679668710467173,0.5880666176661492,0.7728577726776381
11.775,0.6803709989859584,0.5881174264852075,0.7730402022533179
11.8,0.681068645032686,0.5881658433805391,0.7732239006002967
11.825,0.6817616890000984,0.5882118843925783,0.7734088412807512
11.85,0.6824501708895748,0.5882555654496122,0.773594998218473
11.875,0.6831341303156645,0.588296902368719,0.773782345694164
11.9,0.6838136065105532,0.5883359108566956,0.7739708583407986
11.925,0.684488638328465,0.5883726065109739,0.774160511139051
11.95,0.6851592642499992,0.5884070048205269,0.7743512794127881
11.975,0.6858255223864054,0.5884391211667639,0.7745431388246251
12.0,0.6864874504837958,0.5884689708244156,0.7747360653715435
12.025,0.6871450859272974,0.5884965689624092,0.774930035380571
12.05,0.6877984657451444,0.5885219306447331,0.7751250255045217
12.075,0.6884476266127121,0.5885450708312925,0.7753210127177951
12.1,0.6890926048564935,0.5885660043787544,0.7755179743122349
12.125,0.689733436458019,0.5885847460413841,0.775715887893044
12.15,0.6903701570577212,0.5886013104718717,0.7759147313747567
12.175,0.6910028019587448,0.5886157122221495,0.7761144829772669
12.2,0.691631406130703,0.5886279657442005,0.7763151212219104
12.225,0.6922560042133816,0.5886380853908582,0.7765166249276015
12.25,0.6928766305203914,0.5886460854165969,0.7767189732070233
12.275,0.693493319042769,0.5886519799783143,0.7769221454628688
12.3,0.6941061034525292,0.5886557831361049,0.7771261213841345
12.325,0.6947150171061671,0.5886575088540252,0.7773308809424647
12.35,0.6953200930481127,0.5886571710008512,0.7775364043885448
12.375,0.6959213640141377,0.5886547833508269,0.7777426722485439
12.4,0.6965188624347164,0.5886503595844054,0.7779496653206063
12.425,0.6971126204383399,0.5886439132889822,0.7781573646713893
12.45,0.6977026698547866,0.5886354579596208,0.778365751632649
12.475,0.6982890422183473,0.5886250069997696,0.778574807797871
12.5,0.6988717687710075,0.5886125737219731,0.7787845150189474
12.525,0.699450880465587,0.5885981713485743,0.7789948554028976
12.55,0.7000264079688371,0.5885818130124104,0.7792058113086334
12.575,0.700598381664497,0.5885635117575014,0.7794173653437676
12.6,0.701166831656309,0.5885432805397313,0.7796295003614645
12.625,0.7017317877709949,0.5885211322275222,0.779842199457333
12.65,0.7022932795611915,0.5884970796025027,0.7800554459663605
12.675,0.7028513363083488,0.5884711353601678,0.7802692234598878
12.7,0.7034059870255902,0.5884433121105336,0.780483515742624
12.725,0.703957260460534,0.5884136223787846,0.7806983068497004
12.75,0.7045051850980799,0.588382078605915,0.7809135810437642
12.775,0.7050497891631585,0.5883486931493632,0.7811293228121091
12.8,0.7055911006234452,0.5883134782836408,0.7813455168638451
12.825,0.7061291471920392,0.5882764462009542,0.7815621481271041
12.85,0.7066639563301085,0.5882376090118212,0.7817792017462828
12.875,0.7071955552495003,0.5881969787456811,0.7819966630793215
12.9,0.7077239709153192,0.588154567351499,0.7822145176950183
12.925,0.7082492300484715,0.5881103866983639,0.7824327513703782
12.95,0.7087713591281779,0.5880644485760818,0.7826513500879968
12.975,0.7092903843944544,0.588016764695762,0.7828703000334781
13.0,0.7098063318505616,0.5879673466903992,0.7830895875928849
13.025,0.7103192272654244,0.5879162061154487,0.7833091993502234
13.05,0.7108290961760195,0.5878633544493973,0.7835291220849587
13.075,0.7113359638897354,0.5878088030943277,0.7837493427695645
13.100000000000001,0.7118398554867011,0.5877525633764787,0.7839698485671018
13.125,0.7123407958220874,0.5876946465467995,0.7841906268288305
13.15,0.7128388095283792,0.5876350637814987,0.7844116650918505
13.175,0.7133339210176196,0.5875738261825889,0.7846329510767741
13.2,0.7138261544836273,0.5875109447784261,0.784854472685427
13.225000000000001,0.7143155339041859,0.5874464305242433,0.7850762179985792
13.25,0.7148020830432074,0.5873802943026801,0.7852981752737047
13.275,0.7152858254528689,0.5873125469243077,0.7855203329427698
13.3,0.7157667844757238,0.5872431991281479,0.785742679610049
13.325,0.7162449832467872,0.5871722615821887,0.7859652040499691
13.350000000000001,0.7167204446955963,0.5870997448838946,0.7861878952049803
13.375,0.7171931915482462,0.5870256595607124,0.7864107421834546
13.4,0.7176632463294018,0.5869500160705726,0.7866337342576096
13.425,0.7181306313642845,0.5868728248023862,0.7868568608614599
13.45,0.7185953687806365,0.5867940960765375,0.7870801115887931
13.475000000000001,0.7190574805106614,0.5867138401453719,0.7873034761911721
13.5,0.7195169882929421,0.5866320671936796,0.7875269445759616
13.525,0.7199739136743354,0.5865487873391757,0.78775050680438
13.55,0.7204282780118455,0.5864640106329755,0.7879741530895752
13.575,0.7208801024744746,0.5863777470600655,0.7881978737947246
13.600000000000001,0.7213294080450529,0.5862900065397709,0.7884216594311589
13.625,0.7217762155220458,0.5862007989262188,0.7886455006565092
13.65,0.7222205455213424,0.5861101340087972,0.7888693882728766
13.675,0.7226624184780208,0.5860180215126104,0.7890933132250254
13.7,0.7231018546480954,0.5859244710989305,0.7893172665985984
13.725000000000001,0.7235388741102422,0.5858294923656451,0.7895412396183535
13.75,0.7239734967675058,0.5857330948477004,0.7897652236464238
13.775,0.724405742348986,0.5856352880175422,0.789989210180597
13.8,0.7248356304115058,0.5855360812855515,0.7902131908526182
13.825,0.7252631803412597,0.5854354840004774,0.7904371574265122
13.850000000000001,0.7256884113554444,0.5853335054498666,0.7906611017969266
13.875,0.72611134250387,0.5852301548604882,0.7908850159874958
13.9,0.7265319926705542,0.5851254413987563,0.7911088921492248
13.925,0.7269503805752975,0.585019374171148,0.7913327225588922
13.95,0.7273665247752412,0.5849119622246189,0.7915564996174744
13.975000000000001,0.7277804436664088,0.5848032145470146,0.7917802158485872
14.0,0.7281921554852288,0.5846931400674786,0.792003863896947
14.025,0.7286016783100416,0.5845817476568583,0.792227436526852
14.05,0.72900903006259,0.5844690461281055,0.7924509266206802
14.075,0.7294142285094919,0.5843550442366755,0.7926743271774063
14.100000000000001,0.7298172912636981,0.5842397506809223,0.7928976313111371
14.125,0.7302182357859338,0.5841231741024903,0.7931208322496646
14.15,0.7306170793861237,0.5840053230867036,0.7933439233330354
14.175,0.7310138392248026,0.5838862061629516,0.7935668980121395
14.2,0.7314085323145094,0.5837658318050718,0.7937897498473147
14.225000000000001,0.7318011755211674,0.5836442084317293,0.7940124725069677
14.25,0.7321917855654483,0.5835213444067936,0.7942350597662138
14.275,0.7325803790241222,0.5833972480397126,0.7944575055055303
14.3,0.7329669723313932,0.583271927585883,0.7946798037094284
14.325,0.7333515817802201,0.583145391247018,0.7949019484651398
14.350000000000001,0.7337342235236235,0.583017647171513,0.7951239339613202
14.375,0.7341149135759785,0.5828887034548071,0.7953457544867667
14.4,0.7344936678142938,0.5827585681397427,0.7955674044291525
14.425,0.7348705019794773,0.5826272492169219,0.7957888782737756
14.45,0.7352454316775882,0.5824947546250605,0.796010170602323
14.475000000000001,0.7356184723810757,0.5823610922513389,0.7962312760916493
14.5,0.735989639430005,0.5822262699317506,0.7964521895125706
14.525,0.73635894803327,0.582090295451448,0.7966729057286719
14.55,0.7367264132697936,0.5819531765450848,0.79689341969513
14.575,0.7370920500897152,0.5818149208971575,0.797113726457549
14.600000000000001,0.7374558733155658,0.5816755361423424,0.7973338211508109
14.625,0.7378178976434312,0.5815350298658312,0.7975536989979394
14.65,0.7381781376441025,0.5813934096036639,0.7977733553089772
14.675,0.7385366077642151,0.581250682843059,0.7979927854798768
14.7,0.7388933223273763,0.5811068570227411,0.7982119849914047
14.725000000000001,0.7392482955352799,0.5809619395332662,0.7984309494080578
14.75,0.7396015414688112,0.580815937717345,0.7986496743769941
14.775,0.7399530740891388,0.5806688588701627,0.7988681556269747
14.8,0.7403029072387965,0.5805207102396979,0.7990863889673192
14.825,0.7406510546427539,0.5803714990270374,0.7993043702868733
14.850000000000001,0.7409975299094753,0.5802212323866905,0.7995220955529881
14.875,0.7413423465319688,0.5800699174268996,0.7997395608105129
14.9,0.7416855178888245,0.5799175612099488,0.7999567621807979
14.925,0.7420270572452417,0.5797641707524707,0.8001736958607107
14.95,0.7423669777540459,0.5796097530257508,0.800390358121663
14.975000000000001,0.7427052924566964,0.5794543149560292,0.8006067453086496
15.0,0.743042014284282,0.5792978634248004,0.8008228538392984
15.025,0.7433771560585087,0.5791404052691113,0.8010386802029318
15.05,0.7437107304926761,0.5789819472818564,0.8012542209596388
15.075,0.7440427501926442,0.578822496212071,0.801469472739359
15.100000000000001,0.7443732276577912,0.578662058765223,0.8016844322409757
15.125,0.7447021752819615,0.5785006416035013,0.801899096231422
15.15,0.7450296053544035,0.5783382513461033,0.8021134615447949
15.175,0.7453555300606997,0.5781748945695193,0.8023275250814821
15.2,0.7456799614836854,0.5780105778078163,0.8025412838072974
15.225000000000001,0.7460029116043608,0.577845307552918,0.8027547347526274
15.25,0.746324392302792,0.5776790902548841,0.8029678750115875
15.275,0.7466444153590044,0.5775119323221871,0.8031807017411882
15.3,0.7469629924538668,0.5773438401219874,0.8033932121605111
15.325,0.7472801351699669,0.5771748199804059,0.8036054035498945
15.350000000000001,0.7475958549924787,0.5770048781827951,0.803817273250129
15.375,0.7479101633100204,0.5768340209740086,0.8040288186616616
15.4,0.7482230714155049,0.5766622545586676,0.8042400372438105
15.425,0.7485345905069819,0.5764895851014269,0.8044509265139876
15.45,0.748844731688471,0.5763160187272378,0.8046614840469314
15.475000000000001,0.749153505970788,0.5761415615216101,0.8048717074739481
15.5,0.7494609242723622,0.5759662195308716,0.8050815944821621
15.525,0.7497669974200463,0.5757899987624259,0.8052911428137749
15.55,0.7500717361499181,0.575612905185009,0.805500350265333
15.575,0.7503751511080751,0.5754349447289433,0.805709214687004
15.600000000000001,0.750677252851421,0.5752561232863901,0.8059177339818617
15.625,0.7509780518484446,0.5750764467116006,0.8061259061051793
15.65,0.7512775584799916,0.574895920821165,0.8063337290637305
15.675,0.7515757830400287,0.5747145513942596,0.8065412009150994
15.7,0.7518727357364008,0.5745323441728927,0.8067483197669985
15.725000000000001,0.7521684266915805,0.5743493048621481,0.806955083776594
15.75,0.7524628659434108,0.5741654391304278,0.8071614911498398
15.775,0.752756063445841,0.5739807526096925,0.8073675401408187
15.8,0.7530480290696547,0.5737952508957,0.8075732290510915
15.825,0.753338772603192,0.5736089395482433,0.8077785562290541
15.850000000000001,0.7536283037530644,0.5734218240913855,0.8079835200693015
15.875,0.7539166321448628,0.5732339100136944,0.8081881190119996
15.9,0.754203767323859,0.5730452027684743,0.8083923515422644
15.925,0.7544897187557006,0.5728557077739974,0.8085962161895481
15.95,0.7547744958270997,0.5726654304137329,0.8087997115270332
15.975000000000001,0.7550581078465145,0.5724743760365744,0.8090028361710325
16.0,0.7553405640448252,0.5722825499570664,0.8092055887803974
16.025,0.7556218735760029,0.5720899574556287,0.8094079680559317
16.05,0.7559020455177727,0.5718966037787798,0.8096099727398142
16.075,0.7561810888722711,0.5717024941393578,0.8098116016150257
16.1,0.756459012566696,0.5715076337167412,0.8100128535047851
16.125,0.7567358254539517,0.571312027657067,0.8102137272719901
16.15,0.7570115363132878,0.5711156810734481,0.8104142218186657
16.175,0.7572861538509317,0.5709185990461887,0.8106143360854187
16.2,0.7575596867007159,0.5707207866229984,0.8108140690508986
16.225,0.7578321434246991,0.5705222488192054,0.8110134197312651
16.25,0.7581035325137813,0.5703229906179673,0.8112123871796614
16.275,0.7583738623883142,0.5701230169704812,0.8114109704856941
16.3,0.7586431413987048,0.569922332796192,0.8116091687749191
16.325,0.7589113778260146,0.5697209429829999,0.8118069812083328
16.35,0.7591785798825522,0.5695188523874658,0.8120044069818709
16.375,0.7594447557124615,0.5693160658350154,0.8122014453259114
16.4,0.7597099133923038,0.5691125881201425,0.8123980955047845
16.425,0.7599740609316348,0.5689084240066106,0.8125943568162874
16.45,0.7602372062735766,0.5687035782276526,0.8127902285912063
16.475,0.7604993572953841,0.5684980554861705,0.8129857101928419
16.5,0.7607605218090063,0.5682918604549324,0.8131808010165423
16.525,0.7610207075616431,0.568084997776769,0.8133755004892406
16.55,0.7612799222362958,0.5678774720647686,0.8135698080689978
16.575,0.7615381734523142,0.5676692879024705,0.8137637232445516
16.6,0.7617954687659373,0.5674604498440579,0.8139572455348701
16.625,0.7620518156708298,0.5672509624145482,0.8141503744887112
16.65,0.7623072215986142,0.5670408301099839,0.8143431096841861
16.675,0.762561693919397,0.5668300573976202,0.8145354507283299
16.7,0.7628152399422911,0.5666186487161128,0.8147273972566751
16.725,0.7630678669159328,0.5664066084757041,0.8149189489328317
16.75,0.763319582028995,0.5661939410584078,0.8151101054480715
16.775,0.7635703924106949,0.5659806508181928,0.8153008665209177
16.8,0.7638203051312976,0.5657667420811653,0.815491231896739
16.825,0.7640693272026153,0.5655522191457504,0.8156812013473488
16.85,0.7643174655785018,0.5653370862828718,0.8158707746706088
16.875,0.7645647271553424,0.5651213477361312,0.8160599516900378
16.9,0.7648111187725399,0.5649050077219853,0.8162487322544247
16.925,0.7650566472129962,0.5646880704299226,0.8164371162374464
16.95,0.7653013192035888,0.5644705400226391,0.8166251035372898
16.975,0.7655451414156446,0.564252420636212,0.8168126940762787
17.0,0.7657881204654077,0.5640337163802729,0.816999887800505
17.025,0.7660302629145045,0.56381443133818,0.8171866846794644
17.05,0.7662715752704039,0.5635945695671887,0.8173730847056961
17.075000000000003,0.7665120639868737,0.563374135098621,0.8175590878944272
17.1,0.7667517354644326,0.5631531319380345,0.8177446942832208
17.125,0.766990596050799,0.5629315640653898,0.8179299039316291
17.15,0.7672286520413347,0.5627094354352168,0.8181147169208499
17.175,0.7674659096794858,0.5624867499767798,0.8182991333533874
17.200000000000003,0.7677023751572187,0.5622635115942421,0.8184831533527174
17.225,0.7679380546154533,0.5620397241668289,0.8186667770629559
17.25,0.7681729541444913,0.5618153915489893,0.8188500046485321
17.275,0.7684070797844416,0.5615905175705577,0.8190328362938655
17.3,0.7686404375256416,0.5613651060369131,0.8192152722030461
17.325000000000003,0.7688730333090749,0.5611391607291389,0.8193973125995194
17.35,0.7691048730267847,0.56091268540418,0.8195789577257743
17.375,0.7693359625222849,0.5606856837950002,0.819760207843035
17.4,0.7695663075909663,0.5604581596107376,0.8199410632309577
17.425,0.7697959139805001,0.5602301165368601,0.8201215241873288
17.450000000000003,0.7700247873912371,0.5600015582353183,0.8203015910277685
17.475,0.7702529334766045,0.5597724883446993,0.8204812640854376
17.5,0.7704803578434978,0.5595429104803777,0.8206605437107475
17.525,0.7707070660526707,0.5593128282346673,0.8208394302710734
17.55,0.7709330636191207,0.55908224517697,0.8210179241504721
17.575000000000003,0.7711583560124717,0.5588511648539256,0.8211960257494023
17.6,0.771382948657353,0.5586195907895591,0.8213737354844481
17.625,0.7716068469337753,0.5583875264854281,0.821551053788047
17.65,0.7718300561775034,0.5581549754207684,0.82172798110822
17.675,0.7720525816804252,0.5579219410526397,0.8219045179083054
17.700000000000003,0.7722744286909183,0.5576884268160691,0.8220806646666964
17.725,0.7724956024142128,0.5574544361241947,0.8222564218765807
17.75,0.7727161080127509,0.5572199723684076,0.8224317900456846
17.775,0.7729359506065441,0.5569850389184938,0.8226067696960192
17.8,0.7731551352735263,0.556749639122774,0.8227813613636304
17.825000000000003,0.773373667049905,0.5565137763082434,0.8229555655983514
17.85,0.773591550930508,0.5562774537807105,0.8231293829635582
17.875,0.7738087918691289,0.5560406748249347,0.8233028140359292
17.9,0.7740253947788678,0.5558034427047631,0.8234758594052062
17.925,0.7742413645324705,0.5555657606632666,0.8236485196739594
17.950000000000003,0.774456705962664,0.5553276319228748,0.8238207954573549
17.975,0.7746714238624892,0.5550890596855105,0.8239926873829251
18.0,0.7748855229856308,0.5548500471327228,0.8241641960903419
18.025,0.7750990080467448,0.5546105974258198,0.8243353222311928
18.05,0.7753118837217822,0.554370713706,0.8245060664687598
18.075000000000003,0.775524154648311,0.5541303990944835,0.824676429477801
18.1,0.7757358254258347,0.5538896566926415,0.8248464119443346
18.125,0.7759469006161083,0.5536484895821254,0.8250160145654261
18.15,0.7761573847434515,0.5534069008249958,0.8251852380489777
18.175,0.7763672822950597,0.5531648934638489,0.8253540831135209
18.200000000000003,0.7765765977213113,0.552922470521944,0.8255225504880107
18.225,0.7767853354360735,0.5526796350033288,0.8256906409116236
18.25,0.7769934998170049,0.5524363898929648,0.825858355133557
18.275,0.7772010952058555,0.5521927381568511,0.8260256939128319
18.3,0.777408125908764,0.551948682742148,0.8261926580180976
18.325000000000003,0.7776145961965533,0.5517042265772998,0.8263592482274393
18.35,0.7778205103050227,0.551459372572156,0.8265254653281876
18.375,0.7780258724352379,0.5512141236180934,0.8266913101167306
18.4,0.7782306867538182,0.5509684825881351,0.8268567833983286
18.425,0.7784349573932221,0.550722452337071,0.8270218859869309
18.450000000000003,0.7786386884520294,0.5504760357015758,0.8271866187049951
18.475,0.7788418839952218,0.5502292355003275,0.8273509823833083
18.5,0.7790445480544603,0.5499820545341244,0.8275149778608109
18.525,0.7792466846283612,0.5497344955860013,0.8276786059844228
18.55,0.7794482976827687,0.5494865614213453,0.8278418676088712
18.575000000000003,0.7796493911510259,0.5492382547880112,0.8280047635965216
18.6,0.7798499689342434,0.548989578416435,0.8281672948172096
18.625,0.7800500349015651,0.5487405350197478,0.828329462148076
18.65,0.7802495928904327,0.5484911272938886,0.8284912664734035
18.675,0.780448646706847,0.5482413579177159,0.8286527086844558
18.700000000000003,0.7806472001256275,0.5479912295531194,0.8288137896793182
18.725,0.7808452568906696,0.5477407448451306,0.8289745103627408
18.75,0.7810428207152,0.5474899064220322,0.8291348716459839
18.775,0.7812398952820292,0.547238716895468,0.8292948744466643
18.8,0.7814364842438025,0.5469871788605505,0.8294545196886048
18.825000000000003,0.7816325912232489,0.5467352948959694,0.8296138083016854
18.85,0.7818282198134273,0.5464830675640984,0.8297727412216956
18.875,0.7820233735779711,0.5462304994111015,0.8299313193901898
18.9,0.7822180560513308,0.5459775929670387,0.8300895437543437
18.925,0.782412270739014,0.5457243507459714,0.830247415266813
18.950000000000003,0.7826060211178241,0.5454707752460661,0.8304049348855939
18.975,0.7827993106360964,0.5452168689496988,0.8305621035738852
19.0,0.7829921427139327,0.5449626343235572,0.8307189222999527
19.025,0.7831845207434331,0.5447080738187439,0.8308753920369949
19.05,0.7833764480889271,0.5444531898708775,0.8310315137630108
19.075000000000003,0.7835679280872014,0.544197984900194,0.8311872884606689
19.1,0.7837589640477267,0.5439424613116467,0.8313427171171789
19.125,0.7839495592528826,0.5436866214950066,0.8314978007241641
19.15,0.7841397169581796,0.5434304678249609,0.8316525402775362
19.175,0.7843294403924808,0.543174002661212,0.8318069367773715
19.200000000000003,0.78451873275822,0.5429172283485748,0.8319609912277885
19.225,0.7847075972316199,0.5426601472170743,0.832114704636828
19.25,0.7848960369629062,0.5424027615820423,0.8322680780163334
19.275,0.7850840550765222,0.5421450737442125,0.832421112381834
19.3,0.7852716546713397,0.541887085989817,0.8325738087524294
19.325000000000003,0.7854588388208695,0.5416288005906804,0.8327261681506747
19.35,0.785645610573469,0.5413702198043139,0.8328781916024687
19.375,0.7858319729525494,0.5411113458740088,0.8330298801369423
19.4,0.7860179289567794,0.5408521810289297,0.8331812347863494
19.425,0.7862034815602891,0.5405927274842068,0.8333322565859582
19.450000000000003,0.7863886337128707,0.5403329874410272,0.8334829465739453
19.475,0.7865733883401783,0.5400729630867264,0.8336333057912902
19.5,0.7867577483439256,0.5398126565948788,0.8337833352816718
19.525,0.7869417166020826,0.5395520701253875,0.833933036091366
19.55,0.7871252959690693,0.5392912058245741,0.8340824092691452
19.575000000000003,0.7873084892759499,0.5390300658252669,0.8342314558661784
19.6,0.787491299330623,0.5387686522468897,0.8343801769359335
19.625,0.7876737289180122,0.5385069671955491,0.8345285735340804
19.65,0.7878557808002539,0.5382450127641218,0.8346766467183958
19.675,0.7880374577168836,0.537982791032341,0.8348243975486693
19.700000000000003,0.7882187623850215,0.5377203040668826,0.8349718270866106
19.725,0.7883996974995556,0.5374575539214506,0.8351189363957577
19.75,0.7885802657333238,0.5371945426368616,0.8352657265413878
19.775,0.7887604697372943,0.5369312722411298,0.8354121985904273
19.8,0.7889403121407443,0.5366677447495501,0.8355583536113652
19.825000000000003,0.789119795551438,0.5364039621647821,0.8357041926741663
19.85,0.7892989225558018,0.5361399264769322,0.8358497168501863
19.875,0.7894776957190993,0.535875639663636,0.8359949272120878
19.9,0.7896561175856043,0.5356111036901402,0.8361398248337577
19.925,0.7898341906787718,0.5353463205093832,0.8362844107902259
19.950000000000003,0.7900119175014089,0.5350812920620763,0.8364286861575846
19.975,0.790189300535843,0.5348160202767834,0.8365726520129095
20.0,0.7903663422440895,0.5345505070700007,0.836716309434182
20.025,0.7905430450680172,0.5342847543462359,0.8368596595002115
20.05,0.7907194114295134,0.5340187639980865,0.8370027032905607
20.075000000000003,0.7908954437306467,0.5337525379063178,0.8371454418854706
20.1,0.7910711443538289,0.5334860779399411,0.8372878763657865
20.125,0.7912465156619755,0.5332193859562898,0.8374300078128863
20.15,0.7914215599986647,0.5329524638010967,0.837571837308609
20.175,0.7915962796882955,0.5326853133085696,0.8377133659351836
20.200000000000003,0.7917706770362437,0.5324179363014672,0.8378545947751612
20.225,0.7919447543290175,0.5321503345911738,0.8379955249113455
20.25,0.7921185138344111,0.5318825099777742,0.8381361574267265
20.275,0.7922919578016577,0.5316144642501278,0.8382764934044139
20.3,0.7924650884615804,0.5313461991859421,0.8384165339275719
20.325000000000003,0.7926379080267423,0.5310777165518458,0.8385562800793551
20.35,0.7928104186915957,0.5308090181034617,0.8386957329428455
20.375,0.7929826226326296,0.5305401055854789,0.8388348936009897
20.4,0.7931545220085159,0.5302709807317243,0.8389737631365383
20.425,0.7933261189602543,0.5300016452652341,0.8391123426319848
20.450000000000003,0.7934974156113169,0.5297321008983247,0.8392506331695069
20.475,0.7936684140677905,0.5294623493326627,0.8393886358309074
20.5,0.7938391164185183,0.5291923922593353,0.8395263516975572
20.525,0.7940095247352404,0.5289222313589195,0.8396637818503379
20.55,0.7941796410727326,0.528651868301551,0.8398009273695866
20.575000000000003,0.7943494674689452,0.5283813047469931,0.8399377893350406
20.6,0.794519005945139,0.5281105423447044,0.8400743688257838
20.625,0.7946882585060221,0.5278395827339071,0.8402106669201929
20.65,0.7948572271398836,0.5275684275436534,0.8403466846958855
20.675,0.795025913818728,0.5272970783928932,0.8404824232296685
20.700000000000003,0.7951943204984071,0.5270255368905398,0.8406178835974872
20.725,0.7953624491187514,0.5267538046355362,0.840753066874376
20.75,0.7955303016037006,0.5264818832169208,0.8408879741344085
20.775,0.7956978798614326,0.5262097742138918,0.84102260645065
20.8,0.7958651857844915,0.5259374791958726,0.8411569648951096
20.825000000000003,0.7960322212499149,0.5256649997225759,0.8412910505386939
20.85,0.7961989881193599,0.525392337344067,0.8414248644511607
20.875,0.7963654882392275,0.525119493600828,0.841558407701074
20.9,0.7965317234407874,0.5248464700238205,0.8416916813557598
20.925,0.7966976955403002,0.524573268134548,0.8418246864812621
20.950000000000003,0.7968634063391397,0.5242998894451184,0.8419574241423001
20.975,0.7970288576239132,0.5240263354583059,0.8420898954022265
21.0,0.797194051166582,0.5237526076676119,0.842222101322985
21.025,0.7973589887245801,0.5234787075573265,0.8423540429650708
21.05,0.7975236720409319,0.523204636602589,0.8424857213874893
21.075000000000003,0.797688102844369,0.5229303962694478,0.8426171376477177
21.1,0.7978522828494468,0.5226559880149209,0.8427482928016659
21.125,0.7980162137566587,0.5223814132870543,0.8428791879036382
21.15,0.7981798972525506,0.5221066735249823,0.843009824006297
21.175,0.798343335009834,0.5218317701589851,0.8431402021606247
21.200000000000003,0.7985065286874982,0.5215567046105477,0.8432703234158887
21.225,0.798669479930921,0.5212814782924178,0.8434001888196058
21.25,0.7988321903719798,0.5210060926086628,0.8435297994175072
21.275,0.7989946616291606,0.5207305489547277,0.8436591562535046
21.3,0.7991568953076663,0.5204548487174915,0.8437882603696567
21.325000000000003,0.799318892999525,0.5201789932753234,0.8439171128061362
21.35,0.7994806562836958,0.5199029839981393,0.8440457146011977
21.375,0.7996421867261755,0.5196268222474574,0.8441740667911457
21.4,0.7998034858801031,0.5193505093764532,0.8443021704103038
21.425,0.799964555285864,0.519074046730015,0.8444300264909841
21.450000000000003,0.8001253964711931,0.518797435644798,0.8445576360634574
21.475,0.8002860109512776,0.5185206774492789,0.8446850001559235
21.5,0.8004464002288583,0.5182437734638096,0.8448121197944828
21.525,0.8006065657943301,0.5179667250006709,0.8449389960031078
21.55,0.8007665091258424,0.5176895333641256,0.8450656298036155
21.575000000000003,0.8009262316893974,0.5174121998504715,0.8451920222156403
21.6,0.8010857349389493,0.5171347257480938,0.845318174256607
21.625,0.801245020316501,0.5168571123375173,0.8454440869417055
21.65,0.801404089252201,0.5165793608914583,0.8455697612838643
21.675,0.8015629431644392,0.5163014726748759,0.8456951982937263
21.700000000000003,0.801721583459942,0.5160234489450235,0.8458203989796236
21.725,0.8018800115338666,0.5157452909514992,0.8459453643475537
21.75,0.8020382287698942,0.5154669999362969,0.8460700954011564
21.775,0.8021962365403231,0.5151885771338557,0.8461945931416899
21.8,0.8023540362061606,0.5149100237711104,0.8463188585680087
21.825000000000003,0.8025116291172139,0.5146313410675407,0.8464428926765417
21.85,0.8026690166121807,0.5143525302352205,0.8465666964612703
21.875,0.8028262000187393,0.5140735924788669,0.8466902709137071
21.9,0.8029831806536368,0.5137945289958882,0.8468136170228756
21.925,0.8031399598227782,0.5135153409764328,0.8469367357752897
21.950000000000003,0.8032965388213131,0.513236029603437,0.8470596281549342
21.975,0.8034529189337232,0.5129565960526721,0.8471822951432448
22.0,0.8036091014339076,0.5126770414927925,0.8473047377190901
22.025,0.8037650875852692,0.5123973670853821,0.8474269568587524
22.05,0.8039208786407983,0.5121175739850011,0.8475489535359099
22.075000000000003,0.8040764758431574,0.5118376633392325,0.8476707287216191
22.1,0.8042318804247641,0.5115576362887282,0.8477922833842977
22.125,0.8043870936078736,0.5112774939672546,0.8479136184897075
22.15,0.804542116604661,0.5109972375017383,0.8480347350009381
22.175,0.8046969506173022,0.5107168680123111,0.848155633878391
22.200000000000003,0.8048515968380547,0.510436386612355,0.8482763160797641
22.225,0.8050060564493375,0.5101557944085467,0.848396782560036
22.25,0.8051603306238102,0.5098750925009021,0.8485170342714519
22.275,0.8053144205244517,0.50959428198282,0.8486370721635083
22.3,0.8054683273046384,0.509313363941126,0.8487568971829396
22.325000000000003,0.8056220521082211,0.5090323394561161,0.848876510273704
22.35,0.8057755960696024,0.5087512096015997,0.8489959123769706
22.375,0.8059289603138118,0.5084699754449422,0.8491151044311057
22.4,0.8060821459565819,0.5081886380471082,0.849234087371661
22.425,0.8062351541044229,0.5079071984627033,0.8493528621313603
22.450000000000003,0.8063879858546971,0.5076256577400162,0.8494714296400887
22.475,0.8065406422956921,0.5073440169210609,0.8495897908248802
22.5,0.8066931245066942,0.5070622770416177,0.8497079466099067
22.525,0.8068454335580604,0.5067804391312745,0.8498258979164671
22.55,0.8069975705112906,0.506498504213468,0.8499436456629768
22.575000000000003,0.8071495364190987,0.5062164733055241,0.8500611907649569
22.6,0.8073013323254831,0.5059343474186985,0.8501785341350251
22.625,0.8074529592657969,0.5056521275582166,0.8502956766828852
22.65,0.8076044182668173,0.505369814723314,0.8504126193153184
22.675,0.8077557103468147,0.5050874099072751,0.8505293629361741
22.700000000000003,0.8079068365156209,0.5048049140974734,0.8506459084463607
22.725,0.8080577977746969,0.5045223282754103,0.850762256743838
22.75,0.8082085951172002,0.5042396534167538,0.8508784087236083
22.775,0.8083592295280516,0.5039568904913772,0.8509943652777092
22.8,0.808509701984001,0.5036740404633974,0.8511101272952055
22.825000000000003,0.8086600134536933,0.503391104291213,0.8512256956621824
22.85,0.8088101648977336,0.5031080829275425,0.851341071261738
22.875,0.8089601572687514,0.5028249773194611,0.8514562549739769
22.9,0.8091099915114646,0.5025417884084388,0.851571247676004
22.925,0.8092596685627433,0.5022585171303772,0.8516860502419176
22.950000000000003,0.8094091893516728,0.5019751644156462,0.851800663542804
22.975,0.8095585547996156,0.5016917311891209,0.8519150884467319
23.0,0.8097077658202737,0.501408218370218,0.8520293258187467
23.025,0.80985682331975,0.5011246268729314,0.8521433765208652
23.05,0.8100057281966091,0.5008409576058688,0.8522572414120715
23.075000000000003,0.810154481341938,0.5005572114722869,0.8523709213483112
23.1,0.8103030836394057,0.5002733893701272,0.8524844171824879
23.125,0.810451535965323,0.49998949219205063,0.8525977297644587
23.15,0.8105998391887014,0.49970552082547304,0.85271085994103
23.175,0.8107479941713113,0.49942147615259974,0.8528238085559543
23.200000000000003,0.8108960017677402,0.49913735905045997,0.8529365764499263
23.225,0.8110438628254506,0.49885317039094124,0.8530491644605797
23.25,0.8111915781848364,0.4985689110408233,0.8531615734224843
23.275,0.8113391486792801,0.49828458186181207,0.8532738041671433
23.3,0.8114865751352086,0.4980001837105732,0.8533858575229901
23.325000000000003,0.811633858372149,0.4977157174387654,0.8534977343153867
23.35,0.8117809992027837,0.4974311838930738,0.8536094353666209
23.375,0.8119279984330056,0.49714658391524247,0.8537209614959047
23.4,0.8120748568619718,0.4968619183421077,0.8538323135193722
23.425,0.8122215752821582,0.49657718800563005,0.8539434922500782
23.450000000000003,0.8123681544794125,0.49629239373292694,0.854054498497997
23.475,0.8125145952330071,0.4960075363463046,0.8541653330700208
23.5,0.8126608983156921,0.49572261666329,0.8542759967699594
23.525,0.8128070644937475,0.4954376354966624,0.8543864903985382
23.55,0.8129530945270343,0.49515259365448505,0.8544968147533989
23.575000000000003,0.8130989891690467,0.49486749194013613,0.8546069706290982
23.6,0.813244749166962,0.49458233115233996,0.854716958817108
23.625,0.813390375261692,0.49429711208519794,0.854826780105815
23.65,0.8135358681879327,0.4940118355282189,0.8549364352805211
23.675,0.8136812286742138,0.4937265022663499,0.8550459251234432
23.700000000000003,0.8138264574429483,0.49344111308000604,0.8551552504137144
23.725,0.8139715552104813,0.49315566874510075,0.8552644119273838
23.75,0.814116522687138,0.4928701700330757,0.8553734104374178
23.775,0.8142613605772724,0.49258461771093015,0.8554822467137007
23.8,0.8144060695793147,0.49229901254125064,0.855590921523036
23.825000000000003,0.8145506503858186,0.4920133552822401,0.8556994356291476
23.85,0.8146951036835084,0.49172764668774704,0.8558077897926815
23.875,0.814839430153325,0.4914418875072942,0.8559159847712065
23.9,0.8149836304704728,0.4911560784861073,0.8560240213192166
23.925,0.8151277053044649,0.4908702203651438,0.856131900188133
23.950000000000003,0.8152716553191687,0.49058431388112056,0.8562396221263056
23.975,0.815415481172851,0.4902983597665427,0.8563471878790152
24.0,0.8155591835182228,0.49001235874973087,0.856454598188476
24.025,0.815702763002483,0.4897263115548494,0.8565618537938381
24.05,0.8158462202673633,0.4894402189019337,0.8566689554311896
24.075000000000003,0.8159895559491709,0.4891540815069175,0.8567759038335597
24.1,0.8161327706788323,0.4888679000816604,0.8568826997309213
24.125,0.816275865081936,0.4885816753339745,0.8569893438501941
24.15,0.8164188397787749,0.4882954079676513,0.8570958369152475
24.175,0.8165616953843892,0.4880090986824886,0.8572021796469039
24.200000000000003,0.8167044325086069,0.4877227481743167,0.857308372762942
24.225,0.8168470517560869,0.4874363571350248,0.8574144169781004
24.25,0.8169895537263588,0.48714992625258713,0.8575203130040807
24.275,0.817131939013865,0.48686345621108884,0.8576260615495518
24.3,0.8172742082080002,0.4865769476907519,0.8577316633201532
24.325000000000003,0.817416361893152,0.4862904013679606,0.8578371190184989
24.35,0.8175584006487409,0.486003817915287,0.857942429344182
24.375,0.8177003250492595,0.48571719800151625,0.858047594993778
24.4,0.8178421356643121,0.48543054229167165,0.8581526166608499
24.425,0.8179838330586534,0.4851438514470396,0.8582574950359515
24.450000000000003,0.8181254177922272,0.4848571261251943,0.8583622308066329
24.475,0.8182668904202045,0.4845703669800226,0.8584668246574442
24.5,0.8184082514930215,0.48428357466174804,0.8585712772699408
24.525,0.8185495015564176,0.48399674981695545,0.8586755893226876
24.55,0.8186906411514722,0.483709893088615,0.8587797614912643
24.575000000000003,0.8188316708146423,0.48342300511610614,0.85888379444827
24.6,0.8189725910777989,0.48313608653524126,0.8589876888633282
24.625,0.8191134024682636,0.48284913797828954,0.8590914454030921
24.65,0.8192541055088449,0.4825621600740004,0.8591950647312498
24.675,0.8193947007178738,0.48227515344762667,0.8592985475085296
24.700000000000003,0.8195351886092395,0.481988118720948,0.8594018943927051
24.725,0.8196755696924246,0.48170105651229356,0.8595051060386009
24.75,0.8198158444725406,0.4814139674365653,0.8596081830980982
24.775,0.8199560134503621,0.4811268521052603,0.8597111262201402
24.8,0.8200960771223612,0.4808397111264936,0.8598139360507383
24.825000000000003,0.8202360359807424,0.4805525451050204,0.8599166132329771
24.85,0.8203758905134754,0.48026535464225845,0.8600191584070208
24.875,0.8205156412043298,0.47997814033631025,0.8601215722101191
24.9,0.8206552885329079,0.4796909027819848,0.860223855276613
24.925,0.8207948329746778,0.47940364257081947,0.8603260082379414
24.950000000000003,0.8209342750010062,0.4791163602911019,0.8604280317226461
24.975,0.8210736150791913,0.47882905652789126,0.8605299263563796
25.0,0.8212128536724946,0.4785417318630398,0.8606316927619101
25.025000000000002,0.8213519912401734,0.4782543868752139,0.8607333315591285
25.05,0.8214910282375123,0.47796702213991543,0.8608348433650544
25.075,0.8216299651158547,0.47767963822950266,0.8609362287938432
25.1,0.8217688023226345,0.47739223571321093,0.8610374884567921
25.125,0.8219075403014062,0.47710481515717346,0.8611386229623468
25.150000000000002,0.8220461794918769,0.4768173771244418,0.8612396329161085
25.175,0.8221847203299356,0.4765299221750064,0.8613405189208402
25.2,0.8223231632476845,0.47624245086581674,0.8614412815764738
25.225,0.8224615086734683,0.4759549637508015,0.8615419214801168
25.25,0.8225997570319046,0.47566746138088856,0.8616424392260591
25.275000000000002,0.8227379087439126,0.475379944304025,0.8617428354057803
25.3,0.8228759642267435,0.47509241306519673,0.8618431106079563
25.325,0.8230139238940086,0.4748048682064479,0.8619432654184664
25.35,0.8231517881557089,0.4745173102669008,0.862043300420401
25.375,0.8232895574182633,0.4742297397827749,0.8621432161940679
25.400000000000002,0.8234272320845369,0.473942157287406,0.8622430133169998
25.425,0.8235648125538696,0.47365456331126576,0.8623426923639621
25.45,0.8237022992221036,0.4733669583819801,0.8624422539069593
25.475,0.8238396924816114,0.4730793430243485,0.8625416985152429
25.5,0.8239769927213232,0.47279171776036233,0.8626410267553187
25.525000000000002,0.824114200326754,0.4725040831092237,0.8627402391909543
25.55,0.8242513156800308,0.4722164395873638,0.8628393363831862
25.575,0.8243883391599196,0.4719287877084613,0.8629383188903276
25.6,0.8245252711418517,0.4716411279834605,0.863037187267976
25.625,0.8246621119979503,0.47135346092058933,0.8631359420690206
25.650000000000002,0.8247988620970566,0.47106578702537766,0.86323458384365
25.675,0.8249355218047559,0.4707781068006748,0.86333311313936
25.7,0.8250720914834033,0.4704904207466673,0.8634315305009609
25.725,0.8252085714921493,0.47020272936089674,0.8635298364705857
25.75,0.8253449621869651,0.46991503313827704,0.8636280315876974
25.775000000000002,0.8254812639206678,0.46962733257111183,0.8637261163890972
25.8,0.8256174770429454,0.4693396281491119,0.8638240914089321
25.825,0.8257536019003816,0.46905192035941207,0.8639219571787028
25.85,0.8258896388364801,0.4687642096865885,0.8640197142272715
25.875,0.8260255881916896,0.46847649661267543,0.8641173630808701
25.900000000000002,0.826161450303427,0.468188781617182,0.8642149042631077
25.925,0.8262972255061024,0.467901065177109,0.8643123382949789
25.95,0.8264329141311423,0.46761334776696534,0.8644096656948718
25.975,0.8265685165070131,0.4673256298587846,0.8645068869785756
26.0,0.8267040329592452,0.4670379119221415,0.8646040026592893
26.025000000000002,0.8268394638104554,0.4667501944241679,0.8647010132476292
26.05,0.8269748093803703,0.46646247782956896,0.8647979192516373
26.075,0.8271100699858495,0.4661747626006395,0.8648947211767893
26.1,0.8272452459409076,0.4658870491972795,0.8649914195260028
26.125,0.8273803375567375,0.4655993380770102,0.8650880147996453
26.150000000000002,0.8275153451417316,0.46531162969498957,0.8651845074955424
26.175,0.8276502690015053,0.4650239245040282,0.8652808981089863
26.2,0.8277851094389178,0.46473622295460454,0.8653771871327437
26.225,0.8279198667540947,0.46444852549488047,0.8654733750570639
26.25,0.8280545412444489,0.46416083257071644,0.8655694623696876
26.275000000000002,0.8281891332047028,0.46387314462568685,0.8656654495558543
26.3,0.828323642926909,0.46358546210109486,0.8657613370983116
26.325,0.8284580707004716,0.46329778543598765,0.8658571254773226
26.35,0.8285924168121672,0.46301011506717116,0.8659528151706748
26.375,0.8287266815461657,0.4627224514292249,0.866048406653688
26.400000000000002,0.8288608651840506,0.4624347949545166,0.8661439003992228
26.425,0.8289949680048397,0.4621471460732169,0.8662392968776893
26.45,0.8291289902850056,0.4618595052133136,0.8663345965570546
26.475,0.8292629322984953,0.4615718728006264,0.866429799902852
26.5,0.8293967943167505,0.4612842492588209,0.8665249073781889
26.525000000000002,0.8295305766087273,0.4609966350094229,0.8666199194437553
26.55,0.8296642794409159,0.46070903047183254,0.8667148365578323
26.575,0.8297979030773602,0.46042143606333824,0.8668096591763004
26.6,0.8299314477796768,0.4601338521991306,0.8669043877526478
26.625,0.8300649138070743,0.4598462792923163,0.866999022737979
26.650000000000002,0.8301983014163726,0.45955871775393176,0.8670935645810232
26.675,0.8303316108620218,0.4592711679929568,0.8671880137281425
26.7,0.8304648423961202,0.4589836304163281,0.8672823706233406
26.725,0.8305979962684337,0.4586961054289528,0.8673766357082712
26.75,0.830731072726414,0.45840859343372165,0.8674708094222462
26.775000000000002,0.8308640720152167,0.4581210948315225,0.8675648922022445
26.8,0.8309969943777196,0.4578336100212534,0.8676588844829202
26.825,0.8311298400545406,0.4575461393998355,0.8677527866966109
26.85,0.8312626092840559,0.4572586833622264,0.8678465992733467
26.875,0.8313953023024172,0.4569712423014328,0.8679403226408581
26.900000000000002,0.8315279193435696,0.45668381660852336,0.8680339572245845
26.925,0.8316604606392691,0.4563964066726415,0.8681275034476833
26.95,0.8317929264190996,0.456109012881018,0.8682209617310374
26.975,0.8319253169104903,0.45582163561898376,0.8683143324932643
27.0,0.8320576323387328,0.4555342752699819,0.8684076161507245
27.025000000000002,0.8321898729269976,0.45524693221558055,0.8685008131175296
27.05,0.8323220388963516,0.45495960683548486,0.8685939238055511
27.075,0.8324541304657738,0.45467229950754945,0.8686869486244286
27.1,0.8325861478521724,0.4543850106077904,0.8687798879815787
27.125,0.8327180912704013,0.4540977405103975,0.8688727422822026
27.150000000000002,0.8328499609332757,0.45381048958774595,0.8689655119292954
27.175,0.8329817570515888,0.45352325821040856,0.8690581973236541
27.2,0.8331134798341278,0.45323604674716744,0.869150798863886
27.225,0.8332451294876891,0.45294885556502573,0.8692433169464174
27.25,0.8333767062170949,0.4526616850292192,0.8693357519655017
27.275000000000002,0.833508210225208,0.4523745355032281,0.8694281043132281
27.3,0.8336396417129481,0.4520874073487882,0.8695203743795298
27.325,0.8337710008793066,0.4518003009259028,0.8696125625521924
27.35,0.8339022879213618,0.4515132165928535,0.8697046692168625
27.375,0.8340335030342946,0.4512261547062119,0.8697966947570559
27.400000000000002,0.8341646464114029,0.4509391156208507,0.8698886395541661
27.425,0.8342957182441169,0.4506520996899546,0.8699805039874724
27.45,0.8344267187220136,0.45036510726503165,0.8700722884341487
27.475,0.8345576480328316,0.45007813869592395,0.8701639932692717
27.5,0.8346885063624858,0.4497911943308187,0.8702556188658289
27.525000000000002,0.8348192938950815,0.44950427451625913,0.8703471655947275
27.55,0.8349500108129287,0.44921737959715496,0.870438633824802
27.575,0.835080657296557,0.44893050991679334,0.8705300239228236
27.6,0.8352112335247287,0.4486436658168492,0.8706213362535075
27.625,0.8353417396744535,0.44835684763739614,0.8707125711795214
27.650000000000002,0.835472175921002,0.4480700557169164,0.8708037290614944
27.675,0.8356025424379198,0.4477832903923117,0.8708948102580245
27.7,0.8357328393970407,0.4474965519989133,0.8709858151256874
27.725,0.8358630669685009,0.4472098408704924,0.8710767440190444
27.75,0.8359932253207517,0.4469231573392702,0.8711675972906511
27.775000000000002,0.8361233146205734,0.44663650173592795,0.8712583752910649
27.8,0.8362533350330884,0.4463498743896172,0.871349078368854
27.825,0.8363832867217742,0.44606327562796966,0.8714397068706051
27.85,0.8365131698484766,0.445776705777107,0.8715302611409318
27.875,0.8366429845734223,0.44549016516165085,0.8716207415224827
27.900000000000002,0.8367727310552323,0.44520365410473256,0.8717111483559495
27.925,0.8369024094509342,0.4449171729280027,0.8718014819800756
27.95,0.8370320199159749,0.444630721951641,0.8718917427316634
27.975,0.837161562604233,0.4443443014943656,0.8719819309455831
28.0,0.8372910376680319,0.44405791187344285,0.8720720469547807
28.025000000000002,0.8374204452581513,0.44377155340469654,0.872162091090286
28.05,0.8375497855238397,0.4434852264025174,0.8722520636812207
28.075,0.837679058612827,0.4431989311798723,0.8723419650548062
28.1,0.8378082646713358,0.4429126680483136,0.8724317955363723
28.125,0.8379374038440941,0.4426264373179883,0.8725215554493645
28.150000000000002,0.8380664762743465,0.4423402392976471,0.8726112451153525
28.175,0.8381954821038665,0.44205407429465365,0.8727008648540381
28.200000000000003,0.838324421472968,0.44176794261499325,0.8727904149832629
28.225,0.8384532945205169,0.44148184456328204,0.8728798958190169
28.25,0.8385821013839422,0.4411957804427758,0.8729693076754459
28.275000000000002,0.8387108421992482,0.4409097505553787,0.8730586508648593
28.3,0.8388395171010252,0.4406237552016521,0.8731479256977388
28.325000000000003,0.8389681262224611,0.44033779468082335,0.8732371324827455
28.35,0.8390966696953522,0.4400518692907942,0.8733262715267283
28.375,0.8392251476501147,0.43976597932814965,0.8734153431347312
28.400000000000002,0.8393535602157952,0.43948012508816614,0.8735043476100022
28.425,0.839481907520082,0.43919430686482025,0.8735932852539997
28.450000000000003,0.8396101896893156,0.43890852495079713,0.8736821563664016
28.475,0.8397384068484997,0.4386227796374986,0.8737709612451123
28.5,0.8398665591213116,0.43833707121505183,0.8738597001862709
28.525000000000002,0.8399946466301129,0.438051399972317,0.8739483734842587
28.55,0.84012266949596,0.43776576619689606,0.874036981431707
28.575000000000003,0.8402506278386145,0.43748017017514046,0.8741255243195051
28.6,0.8403785217765533,0.4371946121921594,0.8742140024368072
28.625,0.8405063514269789,0.4369090925318277,0.8743024160710414
28.650000000000002,0.8406341169058301,0.43662361147679396,0.8743907655079162
28.675,0.8407618183277912,0.4363381693084882,0.8744790510314284
28.700000000000003,0.8408894558063027,0.4360527663071298,0.8745672729238713
28.725,0.8410170294535708,0.4357674027517355,0.8746554314658415
28.75,0.8411445393805775,0.4354820789201267,0.8747435269362471
28.775000000000002,0.8412719856970904,0.43519679508893755,0.8748315596123151
28.8,0.8413993685116721,0.43491155153362243,0.8749195297695986
28.825000000000003,0.84152668793169,0.43462634852846344,0.875007437681985
28.85,0.8416539440633262,0.43434118634657803,0.8750952836217026
28.875,0.8417811370115862,0.4340560652599264,0.8751830678593292
28.900000000000002,0.841908266880309,0.43377098553931903,0.8752707906637985
28.925,0.8420353337721761,0.433485947454424,0.8753584523024084
28.950000000000003,0.8421623377887208,0.4332009512737741,0.8754460530408278
28.975,0.8422892790303377,0.4329159972647746,0.8755335931431042
29.0,0.842416157596291,0.4326310856937099,0.8756210728716713
29.025000000000002,0.8425429735847245,0.4323462168257511,0.8757084924873562
29.05,0.8426697270926702,0.4320613909249629,0.8757958522493865
29.075000000000003,0.842796418216057,0.4317766082543108,0.8758831524153982
29.1,0.8429230470497197,0.43149186907566806,0.8759703932414422
29.125,0.8430496136874078,0.43120717364982264,0.8760575749819925
29.150000000000002,0.8431761182217945,0.43092252223648425,0.8761446978899529
29.175,0.8433025607444847,0.4306379150942911,0.876231762216664
29.200000000000003,0.8434289413460241,0.43035335248081674,0.876318768211911
29.225,0.8435552601159072,0.43006883465257695,0.8764057161239307
29.25,0.8436815171425865,0.4297843618650364,0.8764926061994184
29.275000000000002,0.8438077125134803,0.42949993437261524,0.8765794386835354
29.3,0.843933846314981,0.42921555242869597,0.8766662138199158
29.325000000000003,0.8440599186324639,0.4289312162856299,0.876752931850674
29.35,0.8441859295502945,0.42864692619474365,0.8768395930164116
29.375,0.8443118791518374,0.4283626824063458,0.876926197556224
29.400000000000002,0.8444377675194641,0.4280784851697331,0.8770127457077085
29.425,0.844563594734561,0.4277943347331974,0.8770992377069701
29.450000000000003,0.8446893608775372,0.4275102313440313,0.8771856737886294
29.475,0.8448150660278327,0.4272261752485351,0.8772720541858293
29.5,0.844940710263926,0.4269421666920228,0.8773583791302418
29.525000000000002,0.8450662936633418,0.42665820591882825,0.8774446488520751
29.55,0.8451918163026589,0.4263742931723117,0.8775308635800803
29.575000000000003,0.8453172782575177,0.4260904286948656,0.8776170235415585
29.6,0.8454426796026278,0.4258066127279208,0.8777031289623677
29.625,0.8455680204117756,0.4255228455119528,0.8777891800669295
29.650000000000002,0.8456933007578319,0.42523912728648755,0.8778751770782359
29.675,0.8458185207127589,0.4249554582901076,0.8779611202178561
29.700000000000003,0.8459436803476179,0.4246718387604579,0.8780470097059434
29.725,0.8460687797325765,0.42438826893425174,0.8781328457612418
29.75,0.846193818936916,0.42410474904727674,0.878218628601093
29.775000000000002,0.8463187980290382,0.4238212793344005,0.8783043584414425
29.8,0.8464437170764729,0.4235378600295765,0.8783900354968471
29.825000000000003,0.8465685761458849,0.42325449136584975,0.8784756599804809
29.85,0.846693375303081,0.4229711735753626,0.8785612321041424
29.875,0.8468181146130168,0.4226879068893603,0.8786467520782605
29.900000000000002,0.8469427941398042,0.4224046915381966,0.8787322201119019
29.925,0.8470674139467175,0.4221215277513394,0.878817636412777
29.950000000000003,0.8471919740962007,0.4218384157573763,0.8789030011872468
29.975,0.8473164746498743,0.4215553557840201,0.8789883146403294
30.0,0.8474409156685415,0.4212723480581142,0.8790735769757063
30.025000000000002,0.8475652972121958,0.42098939280563813,0.879158788395729
30.05,0.8476896193400265,0.4207064902517128,0.8792439491014256
30.075000000000003,0.8478138821104262,0.420423640620606,0.8793290592925068
30.1,0.8479380855809968,0.4201408441357376,0.879414119167373
30.125,0.8480622298085562,0.4198581010196849,0.87949912892312
30.150000000000002,0.8481863148491444,0.41957541149418787,0.8795840887555457
30.175,0.8483103407580304,0.4192927757801542,0.8796689988591565
30.200000000000003,0.8484343075897179,0.4190101940976648,0.8797538594271733
30.225,0.8485582153979524,0.4187276666659786,0.8798386706515383
30.25,0.8486820642357263,0.4184451937035377,0.8799234327229207
30.275000000000002,0.8488058541552861,0.4181627754279727,0.8800081458307235
30.3,0.848929585208138,0.4178804120561073,0.8800928101630892
30.325000000000003,0.8490532574450542,0.4175981038039637,0.8801774259069063
30.35,0.8491768709160789,0.41731585088676726,0.8802619932478156
30.375,0.849300425670534,0.4170336535189515,0.8803465123702161
30.400000000000002,0.8494239217570256,0.4167515119141631,0.8804309834572712
30.425,0.8495473592234497,0.4164694262852666,0.8805154066909149
30.450000000000003,0.8496707381169977,0.41618739684434936,0.8805997822518578
30.475,0.8497940584841626,0.4159054238027261,0.8806841103195933
30.5,0.8499173203707446,0.41562350737094395,0.8807683910724033
30.525000000000002,0.8500405238218574,0.4153416477587869,0.8808526246873649
30.55,0.8501636688819327,0.4150598451752807,0.8809368113403556
30.575000000000003,0.8502867555947271,0.41477809982869746,0.8810209512060597
30.6,0.8504097840033269,0.41449641192656006,0.8811050444579744
30.625,0.850532754150154,0.414214781675647,0.8811890912684154
30.650000000000002,0.8506556660769712,0.41393320928199684,0.8812730918085228
30.675,0.8507785198248881,0.41365169495091264,0.8813570462482674
30.700000000000003,0.850901315434366,0.4133702388869666,0.8814409547564561
30.725,0.8510240529452238,0.41308884129400447,0.8815248175007381
30.75,0.8511467323966428,0.41280750237514996,0.8816086346476102
30.775000000000002,0.8512693538271727,0.412526222332809,0.8816924063624234
30.8,0.8513919172747363,0.41224500136867437,0.8817761328093879
30.825000000000003,0.8515144227766349,0.4119638396837298,0.8818598141515793
30.85,0.8516368703695537,0.4116827374782544,0.8819434505509443
30.875,0.8517592600895668,0.41140169495182694,0.8820270421683059
30.900000000000002,0.8518815919721423,0.4111207123033299,0.8821105891633698
30.925,0.8520038660521474,0.410839789730954,0.8821940916947298
30.950000000000003,0.8521260823638536,0.41055892743220196,0.8822775499198734
30.975,0.8522482409409414,0.41027812560389315,0.882360963995187
31.0,0.8523703418165056,0.4099973844421673,0.8824443340759625
31.025000000000002,0.85249238502306,0.4097167041424888,0.8825276603164016
31.05,0.8526143705925425,0.40943608489965067,0.8826109428696225
31.075000000000003,0.8527362985563198,0.4091555269077787,0.8826941818876648
31.1,0.8528581689451922,0.40887503036033523,0.8827773775214951
31.125,0.8529799817893986,0.4085945954501235,0.8828605299210127
31.150000000000002,0.853101737118621,0.40831422236929127,0.8829436392350547
31.175,0.8532234349619895,0.40803391130933486,0.8830267056114016
31.200000000000003,0.8533450753480868,0.40775366246110306,0.883109729196783
31.225,0.8534666583049527,0.40747347601480094,0.8831927101368824
31.25,0.8535881838600892,0.40719335215999375,0.8832756485763432
31.275000000000002,0.8537096520404645,0.4069132910856107,0.8833585446587737
31.3,0.853831062872518,0.4066332929799487,0.8834413985267524
31.325000000000003,0.8539524163821647,0.40635335803067624,0.8835242103218335
31.35,0.8540737125947994,0.406073486424837,0.883606980184552
31.375,0.8541949515353016,0.40579367834885355,0.883689708254429
31.400000000000002,0.8543161332280396,0.4055139339885312,0.8837723946699773
31.425,0.854437257696875,0.4052342535290614,0.8838550395687059
31.450000000000003,0.8545583249651669,0.4049546371550255,0.883937643087126
31.475,0.8546793350557765,0.4046750850503984,0.8840202053607554
31.5,0.8548002879910713,0.404395597398552,0.8841027265241245
31.525000000000002,0.8549211837929291,0.40411617438225883,0.8841852067107806
31.55,0.8550420224827425,0.4038368161836955,0.8842676460532936
31.575000000000003,0.855162804081423,0.4035575229844463,0.8843500446832606
31.6,0.855283528609405,0.4032782949655066,0.8844324027313117
31.625,0.8554041960866505,0.40299913230728623,0.8845147203271143
31.650000000000002,0.8555248065326524,0.40272003518961313,0.8845969975993785
31.675,0.8556453599664392,0.4024410037917365,0.8846792346758621
31.700000000000003,0.8557658564065787,0.40216203829233016,0.8847614316833753
31.725,0.8558862958711821,0.4018831388694963,0.8848435887477862
31.75,0.8560066783779083,0.40160430570076827,0.8849257059940253
31.775000000000002,0.8561270039439672,0.40132553896311424,0.8850077835460904
31.8,0.8562472725861241,0.4010468388329403,0.885089821527052
31.825000000000003,0.8563674843207035,0.4007682054860938,0.8851718200590574
31.85,0.856487639163593,0.4004896390978666,0.8852537792633364
31.875,0.8566077371302471,0.4002111398429981,0.8853356992602055
31.900000000000002,0.8567277782356908,0.3999327078956787,0.885417580169073
31.925,0.8568477624945238,0.39965434342955275,0.8854994221084439
31.950000000000003,0.8569676899209239,0.39937604661772175,0.8855812251959243
31.975,0.8570875605286509,0.3990978176327475,0.8856629895482264
32.0,0.8572073743310502,0.3988196566466551,0.8857447152811735
32.025000000000006,0.8573271313410568,0.39854156383093614,0.8858264025097041
32.05,0.8574468315711983,0.3982635393565517,0.8859080513478771
32.075,0.8575664750335992,0.3979855833939353,0.8859896619088763
32.1,0.8576860617399841,0.397707696112996,0.886071234305015
32.125,0.8578055917016814,0.3974298776831214,0.8861527686477407
32.150000000000006,0.8579250649296266,0.3971521282731804,0.8862342650476398
32.175,0.8580444814343663,0.3968744480515265,0.886315723614442
32.2,0.8581638412260613,0.39659683718600036,0.886397144457025
32.225,0.8582831443144902,0.3963192958439329,0.8864785276834191
32.25,0.8584023907090527,0.39604182419214806,0.8865598734008115
32.275000000000006,0.8585215804187734,0.3957644223969658,0.8866411817155513
32.3,0.8586407134523046,0.39548709062420484,0.8867224527331532
32.325,0.8587597898179302,0.39520982903918545,0.8868036865583028
32.35,0.8588788095235689,0.39493263780673227,0.8868848832948606
32.375,0.8589977725767771,0.3946555170911771,0.8869660430458665
32.400000000000006,0.8591166789847529,0.39437846705636165,0.8870471659135443
32.425,0.8592355287543388,0.39410148786564025,0.887128251999306
32.45,0.8593543218920253,0.3938245796818826,0.8872093014037563
32.475,0.8594730584039539,0.3935477426674764,0.8872903142266968
32.5,0.8595917382959204,0.39327097698433006,0.8873712905671305
32.525000000000006,0.8597103615733779,0.39299428279387544,0.8874522305232658
32.55,0.8598289282414403,0.3927176602570703,0.8875331341925214
32.575,0.8599474383048852,0.392441109534401,0.88761400167153
32.6,0.860065891768157,0.3921646307858852,0.8876948330561427
32.625,0.8601842886353699,0.3918882241710743,0.8877756284414334
32.650000000000006,0.8603026289103114,0.391611889849056,0.8878563879217031
32.675,0.8604209125964447,0.39133562797845695,0.8879371115904836
32.7,0.8605391396969123,0.39105943871744514,0.8880177995405423
32.725,0.8606573102145386,0.3907833222237325,0.8880984518638859
32.75,0.8607754241518331,0.3905072786545774,0.888179068651765
32.775000000000006,0.860893481510993,0.3902313081667869,0.8882596499946777
32.8,0.8610114822939069,0.3899554109167195,0.888340195982374
32.825,0.8611294265021567,0.3896795870602873,0.8884207067038601
32.85,0.8612473141370215,0.38940383675295875,0.8885011822474019
32.875,0.8613651451994796,0.38912816014976065,0.8885816227005298
32.900000000000006,0.8614829196902118,0.3888525574052807,0.8886620281500418
32.925,0.8616006376096043,0.38857702867366994,0.8887423986820085
32.95,0.8617182989577511,0.388301574108645,0.8888227343817766
32.975,0.8618359037344574,0.3880261938634904,0.8889030353339726
33.0,0.8619534519392418,0.38775088809106095,0.8889833016225075
33.025000000000006,0.8620709435713392,0.38747565694378394,0.8890635333305799
33.05,0.8621883786297037,0.38720050057366145,0.8891437305406806
33.075,0.8623057571130113,0.3869254191322726,0.8892238933345965
33.1,0.8624230790196623,0.38665041277077583,0.8893040217934137
33.125,0.8625403443477844,0.3863754816399111,0.8893841159975224
33.150000000000006,0.8626575530952347,0.386100625890002,0.8894641760266201
33.175,0.8627747052596033,0.3858258456709581,0.8895442019597156
33.2,0.862891800838215,0.3855511411322771,0.8896241938751329
33.225,0.8630088398281324,0.38527651242304684,0.8897041518505149
33.25,0.8631258222261582,0.3850019596919475,0.8897840759628272
33.275000000000006,0.8632427480288379,0.3847274830872538,0.889863966288362
33.3,0.8633596172324626,0.3844530827568371,0.8899438229027417
33.325,0.8634764298330709,0.38417875884816743,0.8900236458809225
33.35,0.8635931858264521,0.3839045115083156,0.8901034352971986
33.375,0.863709885208148,0.38363034088395526,0.8901831912252054
33.400000000000006,0.8638265279734558,0.3833562471213649,0.8902629137379233
33.425,0.8639431141174307,0.38308223036642997,0.8903426029076816
33.45,0.864059643634888,0.38280829076464484,0.8904222588061619
33.475,0.8641761165204053,0.3825344284611148,0.8905018815044018
33.5,0.8642925327683255,0.38226064360055806,0.8905814710727985
33.525000000000006,0.864408892372759,0.3819869363273077,0.8906610275811124
33.55,0.8645251953275858,0.3817133067853137,0.8907405510984708
33.575,0.8646414416264578,0.3814397551181447,0.8908200416933713
33.6,0.8647576312628018,0.3811662814689902,0.8908994994336852
33.625,0.864873764229821,0.3808928859806622,0.8909789243866615
33.650000000000006,0.8649898405204977,0.3806195687955973,0.8910583166189301
33.675,0.8651058601275956,0.38034633005585844,0.8911376761965052
33.7,0.865221823043662,0.3800731699031369,0.891217003184789
33.725,0.8653377292610301,0.37980008847875396,0.8912962976485751
33.75,0.865453578771821,0.379527085923663,0.8913755596520518
33.775000000000006,0.8655693715679463,0.37925416237845117,0.891454789258806
33.8,0.86568510764111,0.37898131798334117,0.8915339865318256
33.825,0.8658007869828107,0.3787085528781931,0.8916131515335043
33.85,0.8659164095843441,0.3784358672025063,0.8916922843256437
33.875,0.8660319754368048,0.37816326109542114,0.8917713849694576
33.900000000000006,0.8661474845310884,0.37789073469572054,0.8918504535255748
33.925,0.8662629368578939,0.37761828814183196,0.8919294900540425
33.95,0.8663783324077259,0.3773459215718291,0.89200849461433
33.975,0.8664936711708962,0.3770736351234336,0.8920874672653313
34.0,0.8666089531375262,0.37680142893401664,0.8921664080653692
34.025000000000006,0.8667241782975492,0.37652930314060074,0.8922453170721979
34.05,0.8668393466407119,0.3762572578798614,0.8923241943430067
34.075,0.8669544581565769,0.3759852932881289,0.892403039934423
34.1,0.8670695128345245,0.3757134095013897,0.8924818539025157
34.125,0.8671845106637547,0.3754416066552883,0.892560636302798
34.150000000000006,0.8672994516332893,0.3751698848851287,0.8926393871902314
34.175,0.8674143357319738,0.3748982443258762,0.892718106619228
34.2,0.8675291629484796,0.37462668511215885,0.8927967946436541
34.225,0.8676439332713054,0.37435520737826916,0.8928754513168334
34.25,0.8677586466887798,0.37408381125816553,0.89295407669155
34.275000000000006,0.8678733031890628,0.37381249688547397,0.8930326708200516
34.3,0.8679879027601478,0.37354126439348956,0.8931112337540522
34.325,0.8681024453898637,0.37327011391517806,0.8931897655447361
34.35,0.8682169310658764,0.37299904558317737,0.8932682662427599
34.375,0.8683313597756909,0.37272805952979915,0.8933467358982564
34.400000000000006,0.8684457315066533,0.3724571558870302,0.8934251745608373
34.425,0.8685600462459524,0.372186334786534,0.8935035822795959
34.45,0.8686743039806216,0.3719155963596523,0.8935819591031109
34.475,0.8687885046975409,0.3716449407374065,0.8936603050794487
34.5,0.8689026483834383,0.371374368050499,0.8937386202561668
34.525000000000006,0.8690167350248922,0.37110387842931486,0.8938169046803165
34.55,0.8691307646083325,0.37083347200392314,0.893895158398446
34.575,0.8692447371200428,0.3705631489040784,0.8939733814566034
34.6,0.8693586525461621,0.37029290925922187,0.8940515739003394
34.625,0.8694725108726864,0.37002275319848327,0.8941297357747106
34.650000000000006,0.8695863120854708,0.36975268085068186,0.8942078671242818
34.675,0.8697000561702306,0.3694826923443279,0.8942859679931298
34.7,0.8698137431125438,0.36921278780762407,0.8943640384248451
34.725,0.8699273728978518,0.3689429673684669,0.8944420784625359
34.75,0.8700409455114623,0.36867323115444794,0.8945200881488301
34.775000000000006,0.8701544609385496,0.36840357929285533,0.8945980675258787
34.8,0.8702679191641577,0.3681340119106749,0.8946760166353581
34.825,0.8703813201732007,0.36786452913459167,0.8947539355184735
34.85,0.8704946639504653,0.36759513109099096,0.8948318242159611
34.875,0.8706079504806119,0.36732581790596,0.8949096827680914
34.900000000000006,0.8707211797481765,0.3670565897052888,0.8949875112146713
34.925,0.8708343517375723,0.366787446614472,0.8950653095950479
34.95,0.870947466433091,0.36651838875870946,0.8951430779481101
34.975,0.8710605238189046,0.366249416262908,0.8952208163122919
35.0,0.8711735238790674,0.36598052925168256,0.8952985247255751
35.025000000000006,0.8712864665975166,0.3657117278493573,0.895376203225492
35.05,0.8713993519580747,0.36544301217996694,0.895453851849128
35.075,0.8715121799444506,0.365174382367258,0.8955314706331239
35.1,0.8716249505402413,0.36490583853469,0.8956090596136795
35.125,0.8717376637289331,0.36463738080543645,0.8956866188265554
35.150000000000006,0.8718503194939039,0.36436900930238636,0.895764148307076
35.175,0.8719629178184237,0.3641007241481453,0.8958416480901319
35.2,0.8720754586856567,0.36383252546503647,0.8959191182101827
35.225,0.8721879420786627,0.3635644133751019,0.8959965587012596
35.25,0.8723003679803985,0.36329638800010383,0.8960739695969678
35.275000000000006,0.8724127363737191,0.3630284494615255,0.8961513509304894
35.3,0.8725250472413797,0.3627605978805725,0.8962287027345854
35.325,0.8726373005660367,0.3624928333781739,0.8963060250415988
35.35,0.8727494963302493,0.36222515607498323,0.8963833178834569
35.375,0.8728616345164809,0.3619575660913797,0.8964605812916737
35.400000000000006,0.8729737151071003,0.3616900635474693,0.8965378152973527
35.425,0.8730857380843834,0.36142264856308587,0.896615019931189
35.45,0.8731977034305145,0.36115532125779215,0.8966921952234721
35.475,0.8733096111275876,0.3608880817508809,0.8967693412040884
35.5,0.8734214611576079,0.3606209301613758,0.8968464579025233
35.525000000000006,0.8735332535024928,0.36035386660803287,0.896923545347864
35.55,0.8736449881440738,0.3600868912093412,0.8970006035688018
35.575,0.8737566650640973,0.35982000408352394,0.8970776325936345
35.6,0.8738682842442265,0.35955320534853963,0.8971546324502687
35.625,0.873979845666042,0.35928649512208305,0.8972316031662226
35.650000000000006,0.8740913493110439,0.35901987352158615,0.897308544768628
35.675,0.8742027951606525,0.3587533406642192,0.8973854572842325
35.7,0.8743141831962097,0.35848689666689176,0.8974623407394025
35.725,0.8744255133989807,0.3582205416462536,0.8975391951601249
35.75,0.8745367857501547,0.35795427571869576,0.8976160205720101
35.775000000000006,0.8746480002308467,0.35768809900035137,0.8976928170002936
35.8,0.8747591568220981,0.35742201160709686,0.8977695844698388
35.825,0.874870255504879,0.35715601365455274,0.8978463230051392
35.85,0.874981296260088,0.3568901052580846,0.8979230326303207
35.875,0.8750922790685548,0.35662428653280404,0.8979997133691435
35.900000000000006,0.8752032039110406,0.35635855759356955,0.8980763652450052
35.925,0.8753140707682395,0.35609291855498754,0.8981529882809423
35.95,0.87542487962078,0.35582736953141325,0.8982295824996326
35.975,0.8755356304492257,0.35556191063695153,0.8983061479233978
36.0,0.875646323234077,0.3552965419854579,0.8983826845742054
36.025000000000006,0.8757569579557718,0.35503126369053933,0.8984591924736709
36.05,0.8758675345946871,0.3547660758655552,0.8985356716430601
36.075,0.87597805313114,0.3545009786236182,0.8986121221032913
36.1,0.8760885135453885,0.354235972077595,0.8986885438749376
36.125,0.8761989158176334,0.35397105634010745,0.8987649369782286
36.150000000000006,0.8763092599280188,0.35370623152353314,0.8988413014330531
36.175,0.8764195458566335,0.3534414977400065,0.898917637258961
36.2,0.8765297735835121,0.3531768551014194,0.8989939444751655
36.225,0.8766399430886362,0.35291230371942206,0.8990702231005451
36.25,0.8767500543519352,0.3526478437054241,0.8991464731536458
36.275000000000006,0.8768601073532878,0.3523834751705951,0.8992226946526835
36.3,0.8769701020725229,0.3521191982258654,0.8992988876155453
36.325,0.8770800384894207,0.3518550129819272,0.8993750520597926
36.35,0.8771899165837137,0.351590919549235,0.8994511880026624
36.375,0.877299736335088,0.3513269180380067,0.8995272954610697
36.400000000000006,0.877409497723184,0.35106300855822414,0.8996033744516093
36.425,0.8775192007275979,0.35079919121963415,0.8996794249905583
36.45,0.8776288453278827,0.3505354661317491,0.8997554470938778
36.475,0.8777384315035485,0.35027183340384765,0.8998314407772148
36.5,0.8778479592340647,0.3500082931449758,0.8999074060559045
36.525000000000006,0.87795742849886,0.34974484546394724,0.8999833429449722
36.55,0.8780668392773244,0.3494814904693445,0.9000592514591353
36.575,0.8781761915488092,0.3492182282695195,0.9001351316128053
36.6,0.8782854852926287,0.3489550589725941,0.9002109834200898
36.625,0.878394720488061,0.34869198268646123,0.900286806894794
36.650000000000006,0.8785038971143488,0.34842899951878537,0.9003626020504236
36.675,0.878613015150701,0.34816610957700317,0.9004383689001859
36.7,0.8787220745762928,0.3479033129683245,0.9005141074569921
36.725,0.8788310753702675,0.3476406097997328,0.900589817733459
36.75,0.8789400175117369,0.3473780001779861,0.9006654997419113
36.775000000000006,0.8790489009797825,0.3471154842096173,0.9007411534943832
36.8,0.8791577257534564,0.34685306200093535,0.9008167790026204
36.825,0.8792664918117823,0.34659073365802556,0.9008923762780817
36.85,0.8793751991337565,0.3463284992867504,0.9009679453319415
36.875,0.8794838476983485,0.3460663589927503,0.9010434861750909
36.900000000000006,0.8795924374845026,0.345804312881444,0.9011189988181404
36.925,0.8797009684711379,0.3455423610580295,0.9011944832714209
36.95,0.87980944063715,0.3452805036274847,0.9012699395449861
36.975,0.8799178539614118,0.3450187406945678,0.9013453676486143
37.0,0.8800262084227736,0.34475707236381814,0.9014207675918097
37.025000000000006,0.8801345040000652,0.3444954987395568,0.9014961393838049
37.05,0.8802427406720961,0.3442340199258873,0.9015714830335624
37.075,0.8803509184176563,0.3439726360266961,0.9016467985497763
37.1,0.8804590372155178,0.34371134714565316,0.9017220859408741
37.125,0.8805670970444344,0.3434501533862128,0.9017973452150186
37.150000000000006,0.8806750978831438,0.34318905485161416,0.9018725763801098
37.175,0.8807830397103675,0.3429280516448817,0.9019477794437861
37.2,0.8808909225048124,0.3426671438688261,0.9020229544134267
37.225,0.8809987462451709,0.3424063316260444,0.902098101296153
37.25,0.8811065109101225,0.3421456150189211,0.9021732200988302
37.275000000000006,0.8812142164783339,0.34188499414962836,0.9022483108280694
37.3,0.8813218629284604,0.34162446912012673,0.9023233734902292
37.325,0.8814294502391464,0.34136404003216575,0.9023984080914169
37.35,0.8815369783890266,0.34110370698728437,0.9024734146374911
37.375,0.8816444473567262,0.34084347008681165,0.9025483931340625
37.400000000000006,0.8817518571208625,0.34058332943186725,0.9026233435864964
37.425,0.8818592076600448,0.3403232851233621,0.9026982659999135
37.45,0.8819664989528758,0.3400633372619987,0.9027731603791924
37.475,0.8820737309779526,0.339803485948272,0.9028480267289706
37.5,0.8821809037138667,0.3395437312824695,0.9029228650536464
37.525000000000006,0.8822880171392055,0.3392840733646723,0.9029976753573807
37.55,0.8823950712325527,0.33902451229475516,0.9030724576440985
37.575,0.8825020659724891,0.3387650481723873,0.9031472119174904
37.6,0.8826090013375937,0.3385056810970328,0.9032219381810142
37.625,0.8827158773064439,0.3382464111679511,0.9032966364378967
37.650000000000006,0.8828226938576167,0.3379872384841977,0.9033713066911353
37.675,0.8829294509696893,0.33772816314462445,0.9034459489434993
37.7,0.8830361486212399,0.33746918524788005,0.9035205631975317
37.725,0.8831427867908482,0.33721030489241066,0.903595149455551
37.75,0.8832493654570965,0.3369515221764604,0.9036697077196522
37.775000000000006,0.8833558845985703,0.3366928371980717,0.9037442379917087
37.8,0.8834623441938587,0.3364342500550858,0.9038187402733739
37.825,0.8835687442215557,0.3361757608451435,0.9038932145660827
37.85,0.8836750846602605,0.3359173696656852,0.9039676608710527
37.875,0.883781365488578,0.3356590766139516,0.9040420791892864
37.900000000000006,0.8838875866851205,0.3354008817869843,0.9041164695215719
37.925,0.8839937482285071,0.33514278528162594,0.904190831868485
37.95,0.8840998500973652,0.33488478719452086,0.9042651662303907
37.975,0.8842058922703313,0.33462688762211557,0.9043394726074442
38.0,0.884311874726051,0.33436908666065907,0.904413750999593
38.025000000000006,0.8844177974431803,0.3341113844062034,0.9044880014065778
38.05,0.8845236604003859,0.333853780954604,0.9045622238279345
38.075,0.884629463576346,0.3335962764015201,0.9046364182629952
38.1,0.8847352069497512,0.3333388708424154,0.9047105847108902
38.125,0.8848408904993047,0.33308156437255826,0.9047847231705486
38.150000000000006,0.8849465142037235,0.33282435708702207,0.9048588336407007
38.175,0.8850520780417385,0.33256724908068586,0.904932916119879
38.2,0.8851575819920953,0.33231024044823465,0.9050069706064193
38.225,0.8852630260335552,0.33205333128415987,0.9050809970984627
38.25,0.8853684101448956,0.33179652168275964,0.9051549955939565
38.275000000000006,0.8854737343049105,0.33153981173813935,0.9052289660906562
38.3,0.8855789984924112,0.3312832015442119,0.9053029085861263
38.325,0.885684202686227,0.3310266911946983,0.905376823077742
38.35,0.8857893468652059,0.3307702807831278,0.9054507095626907
38.375,0.8858944310082151,0.3305139704028385,0.9055245680379729
38.400000000000006,0.8859994550941414,0.3302577601469775,0.905598398500404
38.425,0.8861044191018923,0.33000165010850163,0.9056722009466157
38.45,0.8862093230103962,0.32974564038017745,0.905745975373057
38.475,0.8863141667986032,0.3294897310545819,0.9058197217759957
38.5,0.8864189504454856,0.3292339222241024,0.90589344015152
38.525000000000006,0.8865236739300385,0.3289782139809376,0.9059671304955393
38.55,0.8866283372312804,0.3287226064170972,0.9060407928037864
38.575,0.8867329403282539,0.32846709962440296,0.9061144270718176
38.6,0.8868374832000261,0.32821169369448844,0.906188033295015
38.625,0.8869419658256892,0.32795638871879973,0.9062616114685875
38.650000000000006,0.8870463881843611,0.3277011847885957,0.9063351615875722
38.675,0.8871507502551861,0.3274460819949484,0.9064086836468354
38.7,0.8872550520173352,0.3271910804287432,0.9064821776410741
38.725,0.8873592934500071,0.3269361801806792,0.9065556435648172
38.75,0.8874634745324281,0.3266813813412699,0.906629081412427
38.775000000000006,0.8875675952438532,0.326426684000843,0.9067024911781002
38.8,0.8876716555635664,0.3261720882495411,0.9067758728558692
38.825,0.8877756554708814,0.3259175941773218,0.9068492264396036
38.85,0.8878795949451419,0.32566320187395825,0.9069225519230111
38.875,0.8879834739657224,0.32540891142903927,0.9069958492996388
38.900000000000006,0.8880872925120284,0.3251547229319698,0.907069118562875
38.925,0.8881910505634976,0.32490063647197104,0.9071423597059494
38.95,0.8882947480995993,0.3246466521380809,0.9072155727219353
38.975,0.888398385099836,0.32439277001915434,0.9072887576037503
39.0,0.8885019615437436,0.3241389902038635,0.9073619143441575
39.025000000000006,0.8886054774108915,0.32388531278069815,0.907435042935767
39.05,0.8887089326808836,0.32363173783796595,0.907508143371037
39.075,0.8888123273333586,0.32337826546379267,0.9075812156422747
39.1,0.8889156613479904,0.3231248957461226,0.9076542597416377
39.125,0.8890189347044889,0.32287162877271863,0.9077272756611355
39.150000000000006,0.8891221473826003,0.3226184646311629,0.9078002633926302
39.175,0.8892252993621075,0.32236540340885667,0.9078732229278377
39.2,0.8893283906228308,0.32211244519302085,0.907946154258329
39.225,0.8894314211446283,0.3218595900706962,0.9080190573755317
39.25,0.8895343909073962,0.3216068381287436,0.9080919322707304
39.275000000000006,0.8896372998910697,0.3213541894538443,0.9081647789350685
39.3,0.889740148075623,0.3211016441325003,0.9082375973595491
39.325,0.8898429354410701,0.32084920225103447,0.9083103875350359
39.35,0.8899456619674652,0.3205968638955909,0.9083831494522547
39.375,0.8900483276349029,0.320344629152135,0.9084558831017945
39.400000000000006,0.8901509324235192,0.3200924981064541,0.9085285884741082
39.425,0.8902534763134913,0.31984047084415734,0.9086012655595144
39.45,0.8903559592850386,0.319588547450676,0.9086739143481976
39.475,0.890458381318423,0.31933672801126395,0.9087465348302102
39.5,0.8905607423939491,0.31908501261099764,0.9088191269954731
39.525000000000006,0.8906630424919649,0.3188334013347766,0.9088916908337767
39.55,0.8907652815928623,0.3185818942673234,0.9089642263347826
39.575,0.8908674596770771,0.3183304914931841,0.9090367334880237
39.6,0.8909695767250901,0.31807919309672833,0.9091092122829063
39.625,0.8910716327174271,0.31782799916214965,0.9091816627087104
39.650000000000006,0.8911736276346591,0.31757690977346575,0.909254084754591
39.675,0.8912755614574035,0.3173259250145186,0.9093264784095795
39.7,0.8913774341663236,0.3170750449689748,0.909398843662584
39.725,0.8914792457421299,0.3168242697203257,0.9094711805023914
39.75,0.8915809961655797,0.3165735993518875,0.9095434889176672
39.775000000000006,0.8916826854174782,0.3163230339468019,0.9096157688969577
39.8,0.8917843134786783,0.31607257358803575,0.9096880204286901
39.825,0.8918858803300815,0.3158222183583818,0.9097602435011741
39.85,0.8919873859526384,0.3155719683404585,0.9098324381026026
39.875,0.8920888303273482,0.3153218236167103,0.909904604221053
39.900000000000006,0.8921902134352602,0.3150717842694081,0.9099767418444881
39.925,0.8922915352574735,0.3148218503806491,0.9100488509607568
39.95,0.8923927957751377,0.31457202203235723,0.9101209315575957
39.975,0.8924939949694533,0.31432229930628336,0.9101929836226292
40.0,0.8925951328216715,0.31407268228400537,0.9102650071433718
40.025000000000006,0.8926962093130955,0.31382317104692836,0.9103370021072276
40.05,0.8927972244250804,0.3135737656762849,0.9104089685014923
40.075,0.8928981781390335,0.31332446625313526,0.9104809063133541
40.1,0.8929990704364148,0.3130752728583674,0.910552815529894
40.125,0.8930999012987374,0.3128261855726974,0.9106246961380874
40.150000000000006,0.8932006707075678,0.3125772044766696,0.9106965481248047
40.175,0.8933013786445264,0.31232832965065654,0.9107683714768127
40.2,0.8934020250912876,0.31207956117485947,0.9108401661807749
40.225,0.8935026100295805,0.3118308991293083,0.9109119322232531
40.25,0.8936031334411889,0.31158234359386183,0.9109836695907078
40.275000000000006,0.893703595307952,0.311333894648208,0.9110553782694994
40.3,0.8938039956117643,0.3110855523718639,0.9111270582458894
40.325,0.8939043343345766,0.3108373168441762,0.9111987095060403
40.35,0.8940046114583958,0.31058918814432107,0.911270332036018
40.375,0.8941048269652854,0.3103411663513044,0.9113419258217915
40.400000000000006,0.8942049808373659,0.310093251543962,0.9114134908492344
40.425,0.8943050730568151,0.30984544380095985,0.9114850271041256
40.45,0.8944051036058684,0.3095977432007941,0.9115565345721502
40.475,0.8945050724668194,0.30935014982179126,0.9116280132389007
40.5,0.8946049796220198,0.30910266374210843,0.9116994630898774
40.525000000000006,0.8947048250538799,0.3088552850397334,0.9117708841104895
40.55,0.8948046087448691,0.3086080137924849,0.9118422762860561
40.575,0.8949043306775161,0.30836085007801256,0.911913639601807
40.6,0.895003990834409,0.3081137939737971,0.9119849740428837
40.625,0.8951035891981959,0.30786684555715077,0.9120562795943399
40.650000000000006,0.8952031257515853,0.30762000490521707,0.9121275562411426
40.675,0.8953026004773462,0.3073732720949712,0.912198803968173
40.7,0.8954020133583084,0.3071266472032199,0.9122700227602274
40.725,0.8955013643773628,0.30688013030660205,0.9123412126020177
40.75,0.895600653517462,0.30663372148158835,0.9124123734781728
40.775000000000006,0.8956998807616201,0.30638742080448167,0.912483505373239
40.8,0.8957990460929136,0.3061412283514172,0.9125546082716809
40.825,0.8958981494944811,0.30589514419836256,0.9126256821578824
40.85,0.8959971909495241,0.3056491684211178,0.9126967270161475
40.875,0.896096170441307,0.3054033010953157,0.9127677428307008
40.900000000000006,0.8961950879531573,0.3051575422964219,0.912838729585689
40.925,0.8962939434684662,0.3049118920997349,0.912909687265181
40.95,0.896392736970689,0.3046663505803862,0.9129806158531689
40.975,0.8964914684433447,0.30442091781334063,0.9130515153335693
41.0,0.8965901378700168,0.3041755938733961,0.9131223856902234
41.025,0.8966887452343538,0.30393037883518415,0.9131932269068983
41.050000000000004,0.8967872905200688,0.30368527277316965,0.9132640389672875
41.075,0.8968857737109402,0.3034402757616513,0.9133348218550118
41.1,0.8969841947908122,0.3031953878747614,0.9134055755536202
41.125,0.8970825537435944,0.30295060918646627,0.9134763000465905
41.15,0.8971808505532627,0.3027059397705661,0.9135469953173302
41.175000000000004,0.8972790852038594,0.30246137970069525,0.9136176613491772
41.2,0.8973772576794932,0.3022169290503223,0.9136882981254005
41.225,0.8974753679643396,0.30197258789275017,0.9137589056292013
41.25,0.8975734160426414,0.3017283563011161,0.9138294838437132
41.275,0.8976714018987088,0.30148423434839194,0.9139000327520037
41.300000000000004,0.8977693255169193,0.30124022210738416,0.9139705523370741
41.325,0.8978671868817187,0.300996319650734,0.9140410425818611
41.35,0.8979649859776206,0.30075252705091743,0.9141115034692369
41.375,0.8980627227892072,0.30050884438024555,0.9141819349820101
41.4,0.8981603973011291,0.3002652717108643,0.9142523371029267
41.425000000000004,0.8982580094981059,0.3000218091147549,0.9143227098146708
41.45,0.8983555593649263,0.2997784566637337,0.9143930530998648
41.475,0.8984530468864484,0.2995352144294524,0.9144633669410709
41.5,0.8985504720476,0.2992920824833982,0.9145336513207911
41.525,0.8986478348333784,0.29904906089689376,0.9146039062214685
41.550000000000004,0.8987451352288512,0.29880614974109726,0.9146741316254877
41.575,0.8988423732191564,0.29856334908700266,0.9147443275151756
41.6,0.8989395487895022,0.2983206590054397,0.9148144938728022
41.625,0.8990366619251678,0.29807807956707394,0.914884630680581
41.65,0.8991337126115034,0.29783561084240695,0.9149547379206701
41.675000000000004,0.8992307008339303,0.2975932529017763,0.9150248155751726
41.7,0.8993276265779412,0.29735100581535573,0.9150948636261375
41.725,0.8994244898291005,0.2971088696531551,0.9151648820555601
41.75,0.8995212905730446,0.2968668444850206,0.9152348708453832
41.775,0.8996180287954819,0.29662493038063487,0.9153048299774972
41.800000000000004,0.899714704482193,0.29638312740951683,0.9153747594337411
41.825,0.8998113176190312,0.296141435641022,0.9154446591959032
41.85,0.8999078681919224,0.2958998551443426,0.9155145292457217
41.875,0.9000043561868654,0.29565838598850736,0.9155843695648854
41.9,0.9001007815899322,0.29541702824238186,0.9156541801350342
41.925000000000004,0.9001971443872684,0.2951757819746684,0.9157239609377599
41.95,0.9002934445650926,0.2949346472539064,0.9157937119546069
41.975,0.9003896821096977,0.29469362414847194,0.915863433167073
42.0,0.9004858570074503,0.2944527127265784,0.9159331245566096
42.025,0.9005819692447912,0.29421191305627614,0.9160027861046228
42.050000000000004,0.9006780188082355,0.2939712252054527,0.9160724177924738
42.075,0.9007740056843728,0.29373064924183295,0.9161420196014796
42.1,0.9008699298598677,0.29349018523297893,0.9162115915129135
42.125,0.9009657913214595,0.2932498332462901,0.9162811335080062
42.15,0.9010615900559625,0.2930095933490035,0.9163506455679459
42.175000000000004,0.9011573260502667,0.29276946560819345,0.916420127673879
42.2,0.9012529992913372,0.292529450090772,0.9164895798069114
42.225,0.901348609766215,0.2922895468634888,0.916559001948108
42.25,0.9014441574620169,0.2920497559929311,0.9166283940784943
42.275,0.9015396423659356,0.29181007754552396,0.9166977561790564
42.300000000000004,0.9016350644652403,0.2915705115875303,0.9167670882307419
42.325,0.9017304237472763,0.2913310581850508,0.9168363902144607
42.35,0.9018257201994656,0.2910917174040241,0.916905662111085
42.375,0.901920953809307,0.2908524893102269,0.9169749039014505
42.4,0.9020161245643761,0.2906133739692738,0.9170441155663566
42.425000000000004,0.9021112324523256,0.2903743714466175,0.9171132970865672
42.45,0.9022062774608854,0.29013548180754895,0.9171824484428115
42.475,0.9023012595778631,0.28989670511719723,0.917251569615784
42.5,0.9023961787911434,0.2896580414405297,0.9173206605861457
42.525,0.9024910350886892,0.2894194908423519,0.9173897213345242
42.550000000000004,0.902585828458541,0.28918105338730793,0.9174587518415148
42.575,0.9026805588888175,0.28894272913988006,0.9175277520876804
42.6,0.9027752263677156,0.28870451816438913,0.9175967220535528
42.625,0.9028698308835105,0.28846642052499444,0.9176656617196327
42.65,0.902964372424556,0.28822843628569383,0.9177345710663907
42.675000000000004,0.9030588509792846,0.28799056551032376,0.9178034500742674
42.7,0.9031532665362078,0.2877528082625593,0.9178722987236746
42.725,0.9032476190839156,0.28751516460591414,0.9179411169949953
42.75,0.9033419086110777,0.28727763460374084,0.9180099048685842
42.775,0.9034361351064427,0.2870402183192306,0.9180786623247691
42.800000000000004,0.9035302985588389,0.2868029158154135,0.9181473893438502
42.825,0.903624398957174,0.28656572715515843,0.9182160859061018
42.85,0.9037184362904352,0.28632865240117317,0.9182847519917722
42.875,0.9038124105476901,0.2860916916160044,0.9183533875810843
42.9,0.9039063217180859,0.2858548448620379,0.9184219926542364
42.925000000000004,0.9040001697908501,0.2856181122014983,0.9184905671914025
42.95,0.9040939547552903,0.28538149369644944,0.918559111172733
42.975,0.9041876766007947,0.2851449894087941,0.918627624578355
43.0,0.9042813353168319,0.28490859940027435,0.918696107388373
43.025,0.9043749308929511,0.28467232373247126,0.9187645595828695
43.050000000000004,0.9044684633187825,0.2844361624668052,0.9188329811419054
43.075,0.9045619325840373,0.2842001156645358,0.9189013720455205
43.1,0.9046553386785073,0.2839641833867618,0.9189697322737341
43.125,0.904748681592066,0.2837283656944215,0.9190380618065456
43.15,0.9048419613146679,0.2834926626482923,0.9191063606239346
43.175000000000004,0.9049351778363489,0.28325707430899116,0.919174628705862
43.2,0.9050283311472267,0.28302160073697435,0.9192428660322701
43.225,0.9051214212375005,0.28278624199253755,0.9193110725830832
43.25,0.9052144480974512,0.28255099813581597,0.9193792483382082
43.275,0.9053074117174419,0.2823158692267843,0.9194473932775349
43.300000000000004,0.9054003120879173,0.2820808553252568,0.9195155073809368
43.325,0.9054931491994046,0.2818459564908872,0.9195835906282712
43.35,0.9055859230425131,0.28161117278316883,0.9196516429993801
43.375,0.9056786336079343,0.2813765042614348,0.9197196644740903
43.4,0.9057712808864425,0.2811419509848577,0.9197876550322143
43.425000000000004,0.9058638648688945,0.2809075130124499,0.9198556146535504
43.45,0.9059563855462295,0.28067319040306343,0.9199235433178834
43.475,0.9060488429094697,0.28043898321538996,0.919991441004985
43.5,0.9061412369497203,0.2802048915079611,0.9200593076946144
43.525,0.9062335676581692,0.2799709153391481,0.9201271433665186
43.550000000000004,0.9063258350260877,0.2797370547671621,0.9201949480004329
43.575,0.9064180390448301,0.27950330985005406,0.9202627215760816
43.6,0.906510179705834,0.2792696806457147,0.920330464073178
43.625,0.9066022570006206,0.27903616721187485,0.9203981754714254
43.65,0.9066942709207944,0.278802769606105,0.9204658557505173
43.675000000000004,0.9067862214580434,0.27856948788581576,0.9205335048901377
43.7,0.9068781086041396,0.27833632210825754,0.9206011228699619
43.725,0.9069699323509386,0.27810327233052085,0.9206687096696565
43.75,0.9070616926903797,0.27787033860953614,0.9207362652688805
43.775,0.9071533896144864,0.2776375210020739,0.9208037896472852
43.800000000000004,0.9072450231153661,0.27740481956474466,0.9208712827845146
43.825,0.9073365931852105,0.277172234353999,0.9209387446602065
43.85,0.9074280998162954,0.27693976542612764,0.9210061752539923
43.875,0.9075195430009806,0.2767074128372613,0.9210735745454977
43.9,0.9076109227317108,0.27647517664337096,0.921140942514343
43.925000000000004,0.907702239001015,0.2762430569002676,0.9212082791401437
43.95,0.9077934918015066,0.2760110536636025,0.9212755844025109
43.975,0.9078846811258837,0.275779166988867,0.9213428582810516
44.0,0.9079758069669293,0.27554739693139274,0.9214101007553692
44.025,0.9080668693175108,0.2753157435463515,0.9214773118050641
44.050000000000004,0.9081578681705808,0.27508420688875546,0.9215444914097338
44.075,0.9082488035191766,0.27485278701345683,0.9216116395489736
44.1,0.9083396753564207,0.27462148397514824,0.9216787562023768
44.125,0.9084304836755205,0.27439029782836255,0.9217458413495353
44.15,0.9085212284697687,0.274159228627473,0.9218128949700399
44.175000000000004,0.9086119097325431,0.27392827642669304,0.9218799170434809
44.2,0.9087025274573071,0.27369744128007656,0.9219469075494482
44.225,0.9087930816376089,0.2734667232415178,0.9220138664675318
44.25,0.9088835722670825,0.27323612236475125,0.9220807937773224
44.275,0.9089739993394473,0.273005638703352,0.9221476894584119
44.300000000000004,0.9090643628485084,0.27277527231073534,0.9222145534903929
44.325,0.9091546627881563,0.2725450232401571,0.9222813858528606
44.35,0.9092448991523672,0.2723148915447135,0.9223481865254118
44.375,0.9093350719352031,0.2720848772773412,0.9224149554876462
44.4,0.9094251811308119,0.2718549804908174,0.9224816927191661
44.425000000000004,0.9095152267334272,0.27162520123775963,0.9225483981995777
44.45,0.9096052087373686,0.271395539570626,0.9226150719084903
44.475,0.9096951271370416,0.27116599554171517,0.9226817138255179
44.5,0.9097849819269377,0.2709365692031662,0.9227483239302786
44.525,0.9098747731016346,0.2707072606069588,0.9228149022023957
44.550000000000004,0.909964500655796,0.2704780698049132,0.9228814486214976
44.575,0.910054164584172,0.27024899684869,0.9229479631672183
44.6,0.9101437648815986,0.27002004178979067,0.923014445819198
44.625,0.9102333015429984,0.26979120467955703,0.9230808965570831
44.65,0.9103227745633801,0.26956248556917156,0.9231473153605271
44.675000000000004,0.9104121839378387,0.2693338845096574,0.9232137022091903
44.7,0.9105015296615561,0.26910540155187823,0.9232800570827406
44.725,0.9105908117298002,0.26887703674653846,0.923346379960854
44.75,0.9106800301379255,0.268648790144183,0.9234126708232144
44.775,0.9107691848813733,0.2684206617951976,0.9234789296495146
44.800000000000004,0.910858275955671,0.26819265174980844,0.9235451564194562
44.825,0.9109473033564333,0.26796476005808256,0.9236113511127502
44.85,0.9110362670793609,0.26773698676992763,0.9236775137091171
44.875,0.9111251671202418,0.267509331935092,0.9237436441882877
44.9,0.9112140034749504,0.26728179560316484,0.9238097425300029
44.925000000000004,0.911302776139448,0.26705437782357583,0.9238758087140146
44.95,0.9113914851097826,0.2668270786455955,0.9239418427200857
44.975,0.9114801303820893,0.2665998981183352,0.9240078445279905
45.0,0.9115687119525898,0.2663728362907468,0.9240738141175148
45.025,0.911657229817593,0.26614589321162324,0.924139751468457
45.050000000000004,0.9117456839734945,0.265919068929598,0.9242056565606277
45.075,0.9118340744167772,0.26569236349314546,0.9242715293738503
45.1,0.9119224011440107,0.2654657769505807,0.9243373698879613
45.125,0.9120106641518517,0.2652393093500597,0.9244031780828108
45.15,0.9120988634370443,0.26501296073957914,0.9244689539382626
45.175000000000004,0.9121869989964192,0.26478673116697665,0.9245346974341945
45.2,0.9122750708268946,0.2645606206799306,0.924600408550499
45.225,0.9123630789254757,0.26433462932596025,0.9246660872670832
45.25,0.9124510232892549,0.2641087571524257,0.9247317335638695
45.275,0.9125389039154116,0.26388300420652794,0.9247973474207957
45.300000000000004,0.9126267208012128,0.26365737053530874,0.9248629288178151
45.325,0.9127144739440124,0.26343185618565085,0.9249284777348972
45.35,0.9128021633412516,0.2632064612042779,0.924993994152028
45.375,0.9128897889904591,0.26298118563775436,0.9250594780492103
45.4,0.9129773508892508,0.26275602953248567,0.9251249294064636
45.425000000000004,0.9130648490353297,0.2625309929347182,0.9251903482038251
45.45,0.9131522834264862,0.2623060758905392,0.9252557344213492
45.475,0.9132396540605983,0.2620812784458769,0.9253210880391087
45.5,0.9133269609356309,0.2618566006465005,0.9253864090371945
45.525,0.9134142040496368,0.2616320425380201,0.925451697395716
45.550000000000004,0.9135013834007557,0.26140760416588676,0.9255169530948015
45.575,0.913588498987215,0.2611832855753926,0.9255821761145986
45.6,0.9136755508073292,0.2609590868116707,0.9256473664352742
45.625,0.9137625388595005,0.26073500791969506,0.9257125240370152
45.65,0.9138494631422185,0.26051104894428084,0.9257776489000283
45.675000000000004,0.91393632365406,0.2602872099300841,0.9258427410045409
45.7,0.9140231203936893,0.2600634909216019,0.9259078003308008
45.725,0.9141098533598582,0.2598398919631725,0.9259728268590768
45.75,0.9141965225514059,0.259616413098975,0.9260378205696591
45.775,0.9142831279672591,0.25939305437302973,0.9261027814428593
45.800000000000004,0.9143696696064318,0.259169815829198,0.9261677094590108
45.825,0.9144561474680257,0.25894669751118227,0.9262326045984692
45.85,0.9145425615512297,0.25872369946252594,0.9262974668416125
45.875,0.9146289118553202,0.2585008217266137,0.9263622961688414
45.9,0.9147151983796612,0.2582780643466712,0.9264270925605793
45.925000000000004,0.9148014211237039,0.2580554273657653,0.9264918559972732
45.95,0.9148875800869871,0.25783291082680393,0.9265565864593935
45.975,0.9149736752691371,0.2576105147725362,0.9266212839274343
46.0,0.9150597066698675,0.2573882392455524,0.9266859483819136
46.025,0.9151456742889793,0.2571660842882838,0.9267505798033743
46.050000000000004,0.9152315781263611,0.25694404994300307,0.9268151781723832
46.075,0.915317418181989,0.25672213625182394,0.9268797434695326
46.1,0.915403194455926,0.2565003432567014,0.9269442756754396
46.125,0.9154889069483231,0.2562786709994315,0.9270087747707467
46.15,0.9155745556594183,0.2560571195216518,0.9270732407361223
46.175000000000004,0.915660140589537,0.2558356888648407,0.9271376735522605
46.2,0.9157456617390923,0.25561437907031814,0.9272020731998818
46.225,0.9158311191085844,0.25539319017924517,0.9272664396597331
46.25,0.9159165126986009,0.25517212223262414,0.9273307729125879
46.275,0.9160018425098166,0.2549511752712987,0.9273950729392468
46.300000000000004,0.916087108542994,0.2547303493359536,0.9274593397205377
46.325,0.9161723107989825,0.2545096444671152,0.9275235732373159
46.35,0.916257449278719,0.254289060705151,0.9275877734704644
46.375,0.9163425239832276,0.25406859809026977,0.9276519404008943
46.4,0.9164275349136196,0.25384825666252164,0.9277160740095447
46.425000000000004,0.9165124820710938,0.25362803646179816,0.9277801742773836
46.45,0.9165973654569359,0.2534079375278322,0.9278442411854074
46.475,0.9166821850725191,0.25318795990019793,0.9279082747146417
46.5,0.9167669409193034,0.252968103618311,0.927972274846141
46.525,0.9168516329988364,0.2527483687214284,0.9280362415609896
46.550000000000004,0.9169362613127525,0.2525287552486486,0.9281001748403016
46.575,0.9170208258627734,0.2523092632389114,0.9281640746652207
46.6,0.9171053266507079,0.2520898927309981,0.9282279410169209
46.625,0.9171897636784516,0.25187064376353135,0.9282917738766067
46.65,0.9172741369479874,0.25165151637497546,0.9283555732255131
46.675000000000004,0.9173584464613853,0.25143251060363603,0.9284193390449063
46.7,0.917442692220802,0.2512136264876602,0.9284830713160833
46.725,0.9175268742284813,0.25099486406503674,0.9285467700203728
46.75,0.917610992486754,0.25077622337359573,0.9286104351391347
46.775,0.9176950469980377,0.25055770445100894,0.928674066653761
46.800000000000004,0.9177790377648369,0.25033930733478965,0.9287376645456755
46.825,0.917862964789743,0.2501210320622927,0.9288012287963346
46.85,0.9179468280754343,0.24990287867071445,0.928864759387227
46.875,0.9180306276246755,0.249684847197093,0.928928256299874
46.9,0.9181143634403184,0.24946693767830794,0.9289917195158298
46.925000000000004,0.9181980355253015,0.24924915015108054,0.9290551490166822
46.95,0.91828164388265,0.2490314846519737,0.9291185447840519
46.975,0.9183651885154754,0.24881394121739198,0.9291819067995933
47.0,0.9184486694269763,0.24859651988358164,0.9292452350449949
47.025,0.9185320866204376,0.2483792206866306,0.9293085295019787
47.050000000000004,0.9186154400992308,0.24816204366246852,0.9293717901523014
47.075,0.9186987298668139,0.24794498884686678,0.929435016977754
47.1,0.9187819559267313,0.24772805627543845,0.929498209960162
47.125,0.918865118282614,0.24751124598363847,0.9295613690813859
47.15,0.9189482169381792,0.24729455800676348,0.9296244943233213
47.175000000000004,0.9190312518972306,0.24707799237995196,0.929687585667899
47.2,0.919114223163658,0.24686154913818417,0.9297506430970854
47.225,0.9191971307414377,0.24664522831628224,0.9298136665928824
47.25,0.9192799746346321,0.24642902994891014,0.9298766561373281
47.275,0.9193627548473897,0.2462129540705737,0.9299396117124962
47.300000000000004,0.9194454713839454,0.24599700071562067,0.9300025333004972
47.325,0.91952812424862,0.2457811699182407,0.9300654208834778
47.35,0.9196107134458202,0.24556546171246538,0.9301282744436215
47.375,0.9196932389800391,0.24534987613216824,0.9301910939631486
47.400000000000006,0.9197757008558554,0.2451344132110648,0.9302538794243166
47.425000000000004,0.9198580990779338,0.24491907298271254,0.9303166308094201
47.45,0.9199404336510251,0.24470385548051096,0.9303793481007914
47.475,0.9200227045799655,0.24448876073770162,0.9304420312808002
47.5,0.9201049118696772,0.24427378878736813,0.9305046803318543
47.525000000000006,0.9201870555251682,0.2440589396624362,0.9305672952363994
47.550000000000004,0.9202691355515319,0.24384421339567355,0.9306298759769194
47.575,0.9203511519539476,0.24362961001969013,0.9306924225359366
47.6,0.9204331047376798,0.24341512956693798,0.9307549348960121
47.625,0.920514993908079,0.24320077206971127,0.9308174130397456
47.650000000000006,0.9205968194705808,0.24298653756014643,0.9308798569497758
47.675000000000004,0.9206785814307062,0.24277242607022206,0.9309422666087804
47.7,0.9207602797940617,0.24255843763175902,0.9310046419994767
47.725,0.9208419145663391,0.24234457227642042,0.9310669831046214
47.75,0.9209234857533153,0.24213083003571165,0.9311292899070108
47.775000000000006,0.9210049933608524,0.2419172109409804,0.9311915623894812
47.800000000000004,0.9210864373948978,0.2417037150234167,0.9312538005349087
47.825,0.9211678178614838,0.24149034231405292,0.9313160043262099
47.85,0.9212491347667279,0.24127709284376384,0.9313781737463416
47.875,0.9213303881168322,0.24106396664326663,0.9314403087783011
47.900000000000006,0.921411577918084,0.2408509637431209,0.9315024094051266
47.925000000000004,0.9214927041768555,0.24063808417372873,0.9315644756098973
47.95,0.9215737668996034,0.24042532796533464,0.9316265073757332
47.975,0.9216547660928692,0.24021269514802573,0.9316885046857954
48.0,0.9217357017632792,0.24000018575173157,0.9317504675232869
48.025000000000006,0.9218165739175441,0.23978779980622436,0.9318123958714519
48.050000000000004,0.9218973825624593,0.23957553734111883,0.9318742897135764
48.075,0.9219781277049046,0.2393633983858724,0.9319361490329884
48.1,0.9220588093518441,0.23915138296978505,0.9319979738130577
48.125,0.9221394275103264,0.23893949112199953,0.9320597640371967
48.150000000000006,0.9222199821874842,0.23872772287150124,0.9321215196888598
48.175000000000004,0.9223004733905347,0.23851607824711832,0.9321832407515441
48.2,0.9223809011267788,0.2383045572775217,0.9322449272087895
48.225,0.922461265403602,0.2380931599912251,0.9323065790441785
48.25,0.9225415662284733,0.23788188641658503,0.9323681962413368
48.275000000000006,0.9226218036089461,0.23767073658180088,0.9324297787839332
48.300000000000004,0.9227019775526573,0.23745971051491493,0.9324913266556798
48.325,0.9227820880673278,0.2372488082438124,0.9325528398403321
48.35,0.9228621351607622,0.23703802979622138,0.9326143183216894
48.375,0.9229421188408489,0.23682737519971303,0.9326757620835946
48.400000000000006,0.9230220391155596,0.23661684448170145,0.9327371711099345
48.425000000000004,0.9231018959929497,0.23640643766944383,0.93279854538464
48.45,0.9231816894811581,0.2361961547900404,0.9328598848916864
48.475,0.923261419588407,0.23598599587043456,0.932921189615093
48.5,0.9233410863230019,0.23577596093741277,0.9329824595389239
48.525000000000006,0.9234206896933317,0.2355660500176047,0.9330436946472876
48.550000000000004,0.923500229707868,0.23535626313748326,0.9331048949243377
48.575,0.9235797063751662,0.23514660032336457,0.9331660603542723
48.6,0.923659119703864,0.23493706160140804,0.9332271909213349
48.625,0.9237384697026827,0.23472764699761636,0.9332882866098141
48.650000000000006,0.923817756380426,0.23451835653783565,0.9333493474040438
48.675000000000004,0.9238969797459804,0.23430919024775532,0.9334103732884036
48.7,0.9239761398083153,0.23410014815290828,0.9334713642473184
48.725,0.9240552365764827,0.23389123027867084,0.9335323202652589
48.75,0.924134270059617,0.23368243665026284,0.9335932413267419
48.775000000000006,0.9242132402669354,0.2334737672927476,0.9336541274163302
48.800000000000004,0.9242921472077371,0.23326522223103208,0.9337149785186326
48.825,0.924370990891404,0.2330568014898668,0.9337757946183043
48.85,0.9244497713273998,0.23284850509384594,0.9338365757000467
48.875,0.9245284885252708,0.23264033306740736,0.9338973217486081
48.900000000000006,0.9246071424946452,0.2324322854348326,0.9339580327487831
48.925000000000004,0.9246857332452331,0.23222436222024703,0.9340187086854135
48.95,0.9247642607868266,0.23201656344761978,0.9340793495433877
48.975,0.9248427251292997,0.23180888914076384,0.9341399553076413
49.0,0.9249211262826079,0.23160133932333601,0.9342005259631571
49.025000000000006,0.9249994642567888,0.23139391401883713,0.934261061494965
49.050000000000004,0.9250777390619612,0.2311866132506119,0.9343215618881426
49.075,0.9251559507083256,0.2309794370418491,0.9343820271278149
49.1,0.9252340992061637,0.23077238541558145,0.9344424571991546
49.125,0.9253121845658389,0.23056545839468587,0.9345028520873823
49.150000000000006,0.9253902067977954,0.23035865600188332,0.9345632117777661
49.175000000000004,0.9254681659125589,0.23015197825973902,0.9346235362556227
49.2,0.9255460619207361,0.22994542519066233,0.9346838255063165
49.225,0.9256238948330145,0.22973899681690688,0.9347440795152603
49.25,0.9257016646601628,0.22953269316057065,0.9348042982679153
49.275000000000006,0.9257793714130302,0.2293265142435959,0.9348644817497913
49.300000000000004,0.9258570151025468,0.22912046008776935,0.9349246299464464
49.325,0.9259345957397234,0.2289145307147221,0.9349847428434878
49.35,0.926012113335651,0.22870872614592974,0.935044820426571
49.375,0.9260895679015015,0.22850304640271243,0.9351048626814009
49.400000000000006,0.9261669594485269,0.22829749150623488,0.9351648695937314
49.425000000000004,0.9262442879880595,0.22809206147750638,0.9352248411493652
49.45,0.9263215535315118,0.22788675633738092,0.9352847773341547
49.475,0.9263987560903765,0.22768157610655723,0.9353446781340014
49.5,0.9264758956762261,0.22747652080557879,0.9354045435348562
49.525000000000006,0.9265529723007132,0.22727159045483383,0.9354643735227199
49.550000000000004,0.92662998597557,0.22706678507455555,0.9355241680836428
49.575,0.9267069367126086,0.22686210468482196,0.9355839272037249
49.6,0.9267838245237207,0.22665754930555604,0.9356436508691162
49.625,0.9268606494208773,0.22645311895652584,0.9357033390660165
49.650000000000006,0.9269374114161293,0.2262488136573444,0.9357629917806762
49.675000000000004,0.9270141105216064,0.2260446334274699,0.9358226089993954
49.7,0.9270907467495181,0.22584057828620566,0.9358821907085246
49.725,0.9271673201121525,0.22563664825270022,0.9359417368944648
49.75,0.9272438306218772,0.2254328433459474,0.9360012475436673
49.775000000000006,0.9273202782911386,0.22522916358478628,0.9360607226426342
49.800000000000004,0.9273966631324618,0.22502560898790136,0.936120162177918
49.825,0.927472985158451,0.22482217957382253,0.9361795661361224
49.85,0.9275492443817888,0.22461887536092512,0.9362389345039016
49.875,0.9276254408152363,0.22441569636743006,0.936298267267961
49.900000000000006,0.9277015744716335,0.22421264261140378,0.9363575644150567
49.925000000000004,0.9277776453638983,0.2240097141107584,0.9364168259319963
49.95,0.927853653505027,0.22380691088325172,0.9364760518056384
49.975,0.9279295989080942,0.22360423294648724,0.9365352420228932
50.0,0.9280054815862526,0.22340168031791427,0.936594396570722
50.025000000000006,0.9280813015527327,0.22319925301482801,0.9366535154361377
50.050000000000004,0.9281570588208429,0.22299695105436956,0.936712598606205
50.075,0.9282327534039694,0.22279477445352594,0.9367716460680401
50.1,0.9283083853155761,0.22259272322913026,0.9368306578088108
50.125,0.9283839545692045,0.22239079739786166,0.936889633815737
50.150000000000006,0.9284594611784734,0.22218899697624545,0.9369485740760904
50.175000000000004,0.9285349051570791,0.2219873219806531,0.9370074785771948
50.2,0.9286102865187952,0.22178577242730238,0.937066347306426
50.225,0.9286856052774722,0.22158434833225735,0.937125180251212
50.25,0.928760861447038,0.22138304971142847,0.9371839773990331
50.275000000000006,0.928836055041497,0.2211818765805726,0.9372427387374219
50.300000000000004,0.928911186074931,0.22098082895529308,0.9373014642539634
50.325,0.928986254561498,0.2207799068510399,0.9373601539362952
50.35,0.9290612605154329,0.22057911028310956,0.9374188077721073
50.375,0.9291362039510472,0.2203784392666453,0.9374774257491424
50.400000000000006,0.9292110848827286,0.22017789381663705,0.9375360078551961
50.425000000000004,0.9292859033249413,0.2199774739479216,0.9375945540781165
50.45,0.9293606592922254,0.2197771796751826,0.9376530644058049
50.475,0.9294353527991975,0.21957701101295057,0.9377115388262153
50.5,0.92950998386055,0.21937696797560308,0.9377699773273548
50.525000000000006,0.929584552491051,0.21917705057736472,0.9378283798972836
50.550000000000004,0.9296590587055447,0.21897725883230723,0.9378867465241151
50.575,0.9297335025189507,0.21877759275434952,0.9379450771960158
50.6,0.9298078839462642,0.21857805235725775,0.9380033719012058
50.625,0.9298822030025561,0.21837863765464538,0.9380616306279582
50.650000000000006,0.9299564597029722,0.2181793486599733,0.9381198533645998
50.675000000000004,0.930030654062734,0.2179801853865498,0.9381780400995108
50.7,0.9301047860971378,0.21778114784753075,0.9382361908211251
50.725,0.9301788558215549,0.21758223605591948,0.93829430551793
50.75,0.9302528632514316,0.2173834500245671,0.9383523841784668
50.775000000000006,0.930326808402289,0.21718478976617236,0.9384104267913304
50.800000000000004,0.9304006912897227,0.21698625529328186,0.9384684333451695
50.825,0.9304745119294031,0.21678784661828998,0.9385264038286869
50.85,0.9305482703370749,0.21658956375343907,0.9385843382306391
50.875,0.9306219665285571,0.21639140671081947,0.9386422365398369
50.900000000000006,0.930695600519743,0.21619337550236958,0.938700098745145
50.925000000000004,0.9307691723266,0.21599547013987597,0.9387579248354824
50.95,0.9308426819651694,0.21579769063497334,0.938815714799822
50.975,0.9309161294515665,0.21560003699914473,0.9388734686271912
51.0,0.9309895148019804,0.21540250924372153,0.9389311863066719
51.025000000000006,0.9310628380326738,0.21520510737988352,0.9389888678274001
51.050000000000004,0.9311360991599826,0.21500783141865898,0.9390465131785662
51.075,0.9312092982003167,0.2148106813709248,0.9391041223494154
51.1,0.9312824351701589,0.21461365724740644,0.9391616953292472
51.125,0.9313555100860653,0.21441675905867813,0.9392192321074158
51.150000000000006,0.9314285229646652,0.21421998681516288,0.9392767326733299
51.175000000000004,0.9315014738226606,0.21402334052713254,0.9393341970164532
51.2,0.9315743626768265,0.21382682020470792,0.9393916251263038
51.225,0.9316471895440106,0.21363042585785882,0.939449016992455
51.25,0.9317199544411333,0.21343415749640418,0.9395063726045347
51.275000000000006,0.9317926573851874,0.21323801513001206,0.9395636919522259
51.300000000000004,0.931865298393238,0.2130419987681998,0.9396209750252664
51.325,0.9319378774824225,0.212846108420334,0.9396782218134492
51.35,0.9320103946699505,0.21265034409563074,0.9397354323066222
51.375,0.9320828499731035,0.2124547058031555,0.9397926064946884
51.400000000000006,0.9321552434092351,0.2122591935518234,0.9398497443676062
51.425000000000004,0.9322275749957704,0.2120638073503991,0.9399068459153889
51.45,0.9322998447502063,0.211868547207497,0.9399639111281053
51.475,0.9323720526901114,0.21167341313158136,0.9400209399958793
51.5,0.9324441988331252,0.21147840513096625,0.9400779325088904
51.525000000000006,0.9325162831969592,0.2112835232138157,0.9401348886573733
51.550000000000004,0.9325883057993957,0.21108876738814375,0.9401918084316181
51.575,0.9326602666582878,0.2108941376618146,0.9402486918219705
51.6,0.93273216579156,0.21069963404254266,0.9403055388188316
51.625,0.9328040032172075,0.21050525653789254,0.9403623494126582
51.650000000000006,0.932875778953296,0.21031100515527928,0.9404191235939625
51.675000000000004,0.9329474930179619,0.21011687990196837,0.9404758613533125
51.7,0.933019145429412,0.2099228807850758,0.9405325626813319
51.725,0.9330907362059235,0.20972900781156817,0.9405892275687
51.75,0.9331622653658439,0.20953526098826278,0.9406458560061519
51.775000000000006,0.9332337329275905,0.20934164032182773,0.9407024479844784
51.800000000000004,0.9333051389096507,0.20914814581878197,0.9407590034945265
51.825,0.9333764833305818,0.20895477748549537,0.9408155225271985
51.85,0.9334477662090106,0.20876153532818892,0.9408720050734529
51.875,0.9335189875636337,0.20856841935293466,0.9409284511243043
51.900000000000006,0.9335901474132172,0.20837542956565586,0.940984860670823
51.925000000000004,0.9336612457765964,0.2081825659721271,0.9410412337041354
51.95,0.9337322826726756,0.20798982857797432,0.941097570215424
51.975,0.9338032581204286,0.207797217388675,0.9411538701959271
52.0,0.9338741721388981,0.20760473240955807,0.9412101336369395
52.025000000000006,0.9339450247471954,0.20741237364580423,0.9412663605298119
52.050000000000004,0.9340158159645007,0.20722014110244583,0.9413225508659513
52.075,0.9340865458100626,0.20702803478436707,0.9413787046368206
52.1,0.9341572143031983,0.20683605469630412,0.9414348218339392
52.125,0.9342278214632934,0.2066442008428451,0.9414909024488828
52.150000000000006,0.9342983673098015,0.20645247322843027,0.9415469464732831
52.175000000000004,0.9343688518622445,0.20626087185735203,0.9416029538988282
52.2,0.9344392751402121,0.20606939673375513,0.9416589247172628
52.225,0.9345096371633619,0.20587804786163666,0.9417148589203875
52.25,0.9345799379514191,0.20568682524484616,0.9417707565000598
52.275000000000006,0.9346501775241768,0.20549572888708578,0.9418266174481933
52.300000000000004,0.934720355901495,0.2053047587919103,0.9418824417567581
52.325,0.9347904731033015,0.2051139149627272,0.9419382294177806
52.35,0.9348605291495911,0.2049231974027969,0.941993980423344
52.375,0.9349305240604254,0.20473260611523267,0.9420496947655879
52.400000000000006,0.9350004578559334,0.20454214110300087,0.9421053724367082
52.425000000000004,0.9350703305563107,0.20435180236892095,0.9421610134289577
52.45,0.9351401421818195,0.2041615899156656,0.9422166177346456
52.475,0.9352098927527885,0.20397150374576084,0.9422721853461377
52.5,0.9352795822896132,0.20378154386158606,0.9423277162558563
52.525000000000006,0.9353492108127548,0.20359171026537423,0.9423832104562807
52.550000000000004,0.935418778342741,0.20340200295921188,0.9424386679399465
52.575,0.9354882849001656,0.20321242194503927,0.942494088699446
52.6,0.935557730505688,0.20302296722465046,0.9425494727274283
52.625,0.9356271151800337,0.2028336387996934,0.9426048200165992
52.650000000000006,0.9356964389439936,0.2026444366716701,0.9426601305597213
52.675000000000004,0.935765701818424,0.20245536084193658,0.9427154043496138
52.7,0.9358349038242469,0.20226641131170317,0.9427706413791527
52.725,0.9359040449824495,0.2020775880820344,0.9428258416412707
52.75,0.9359731253140837,0.2018888911538493,0.9428810051289575
52.775000000000006,0.9360421448402668,0.20170032052792136,0.9429361318352594
52.800000000000004,0.9361111035821809,0.20151187620487865,0.9429912217532795
52.825,0.9361800015610725,0.20132355818520398,0.9430462748761781
52.85,0.936248838798253,0.20113536646923497,0.9431012911971718
52.875,0.9363176153150982,0.20094730105716416,0.9431562707095343
52.900000000000006,0.936386331133048,0.2007593619490391,0.9432112134065963
52.925000000000004,0.9364549862736068,0.20057154914476244,0.9432661192817451
52.95,0.9365235807583429,0.2003838626440921,0.943320988328425
52.975,0.9365921146088884,0.2001963024466413,0.9433758205401374
53.0,0.9366605878469393,0.2000088685518787,0.9434306159104402
53.025000000000006,0.9367290004942553,0.19982156095912845,0.9434853744329487
53.050000000000004,0.9367973525726596,0.19963437966757042,0.9435400961013346
53.075,0.9368656441040387,0.1994473246762402,0.9435947809093269
53.1,0.9369338751103424,0.19926039598402925,0.9436494288507115
53.125,0.9370020456135836,0.19907359358968496,0.9437040399193309
53.150000000000006,0.9370701556358382,0.19888691749181078,0.943758614109085
53.175000000000004,0.937138205199245,0.19870036768886642,0.9438131514139304
53.2,0.9372061943260054,0.1985139441791678,0.9438676518278808
53.225,0.9372741230383834,0.19832764696088723,0.9439221153450067
53.25,0.9373419913587056,0.19814147603205357,0.9439765419594357
53.275000000000006,0.9374097993093606,0.19795543139055224,0.9440309316653523
53.300000000000004,0.9374775469127996,0.19776951303412546,0.944085284456998
53.325,0.9375452341915355,0.1975837209603722,0.9441396003286713
53.35,0.937612861168143,0.19739805516674838,0.9441938792747276
53.375,0.9376804278652591,0.19721251565056702,0.9442481212895795
53.400000000000006,0.9377479343055819,0.1970271024089983,0.9443023263676962
53.425000000000004,0.9378153805118713,0.1968418154390696,0.9443564945036041
53.45,0.9378827665069485,0.19665665473766575,0.9444106256918868
53.475,0.9379500923136957,0.19647162030152907,0.9444647199271846
53.5,0.9380173579550566,0.19628671212725948,0.9445187772041947
53.525000000000006,0.9380845634540355,0.19610193021131464,0.9445727975176716
53.550000000000004,0.9381517088336977,0.19591727455001004,0.9446267808624266
53.575,0.9382187941171691,0.1957327451395191,0.9446807272333279
53.6,0.9382858193276362,0.19554834197587334,0.9447346366253008
53.625,0.9383527844883458,0.19536406505496243,0.9447885090333275
53.650000000000006,0.9384196896226051,0.19517991437253435,0.9448423444524472
53.675000000000004,0.9384865347537814,0.19499588992419548,0.9448961428777561
53.7,0.9385533199053019,0.19481199170541075,0.9449499043044074
53.725,0.9386200451006538,0.1946282197115037,0.9450036287276111
53.75,0.9386867103633838,0.19444457393765666,0.9450573161426342
53.775000000000006,0.9387533157170984,0.19426105437891078,0.9451109665448008
53.800000000000004,0.9388198611854636,0.19407766103016627,0.9451645799294915
53.825,0.9388863467922044,0.19389439388618243,0.9452181562921445
53.85,0.9389527725611052,0.19371125294157776,0.9452716956282543
53.875,0.9390191385160095,0.19352823819083012,0.9453251979333727
53.900000000000006,0.9390854446808193,0.19334534962827685,0.9453786632031081
53.925000000000004,0.9391516910794959,0.19316258724811486,0.9454320914331262
53.95,0.9392178777360588,0.1929799510444008,0.9454854826191492
53.975,0.9392840046745862,0.19279744101105106,0.9455388367569564
54.0,0.9393500719192144,0.19261505714184207,0.9455921538423838
54.025000000000006,0.9394160794941382,0.19243279943041028,0.9456454338713244
54.050000000000004,0.9394820274236102,0.1922506678702523,0.945698676839728
54.075,0.9395479157319412,0.1920686624547251,0.9457518827436012
54.1,0.9396137444434994,0.19188678317704602,0.9458050515790076
54.125,0.9396795135827111,0.19170503003029302,0.9458581833420674
54.150000000000006,0.9397452231740596,0.1915234030074047,0.9459112780289576
54.175000000000004,0.9398108732420861,0.19134190210118043,0.9459643356359121
54.2,0.9398764638113887,0.19116052730428054,0.9460173561592214
54.225,0.9399419949066224,0.1909792786092264,0.9460703395952331
54.25,0.9400074665524998,0.1907981560084005,0.9461232859403511
54.275000000000006,0.9400728787737895,0.19061715949404667,0.9461761951910364
54.300000000000004,0.9401382315953175,0.19043628905827018,0.9462290673438064
54.325,0.9402035250419658,0.19025554469303776,0.9462819023952355
54.35,0.940268759138673,0.1900749263901779,0.9463347003419544
54.375,0.940333933910434,0.1898944341413808,0.946387461180651
54.400000000000006,0.9403990493822997,0.18971406793819864,0.9464401849080694
54.425000000000004,0.940464105579377,0.18953382777204564,0.9464928715210104
54.45,0.9405291025268286,0.18935371363419815,0.9465455210163315
54.475,0.940594040249873,0.18917372551579484,0.9465981333909468
54.5,0.9406589187737842,0.18899386340783683,0.9466507086418269
54.525000000000006,0.9407237381238913,0.18881412730118777,0.946703246765999
54.550000000000004,0.9407884983255792,0.188634517186574,0.9467557477605469
54.575,0.9408531994042876,0.1884550330545847,0.9468082116226108
54.6,0.9409178413855112,0.18827567489567196,0.9468606383493873
54.625,0.9409824242947995,0.18809644270015094,0.9469130279381297
54.650000000000006,0.941046948157757,0.18791733645820002,0.9469653803861477
54.675000000000004,0.9411114130000424,0.18773835615986093,0.9470176956908074
54.7,0.941175818847369,0.1875595017950388,0.9470699738495313
54.725,0.9412401657255044,0.18738077335350242,0.9471222148597982
54.75,0.9413044536602702,0.18720217082488427,0.9471744187191433
54.775000000000006,0.941368682677542,0.1870236941986807,0.9472265854251584
54.800000000000004,0.9414328528032496,0.18684534346425205,0.9472787149754912
54.825,0.9414969640633761,0.18666711861082275,0.9473308073678459
54.85,0.9415610164839583,0.18648901962748152,0.947382862599983
54.875,0.9416250100910865,0.18631104650318142,0.9474348806697194
54.900000000000006,0.941688944910904,0.1861331992267401,0.9474868615749277
54.925000000000004,0.9417528209696079,0.1859554777868398,0.9475388053135372
54.95,0.9418166382934475,0.18577788217202756,0.9475907118835332
54.975,0.9418803969087256,0.1856004123707154,0.947642581282957
55.0,0.9419440968417975,0.1854230683711803,0.9476944135099061
55.025000000000006,0.9420077381190709,0.18524585016156453,0.9477462085625343
55.050000000000004,0.9420713207670062,0.1850687577298756,0.9477979664390511
55.075,0.942134844812116,0.18489179106398654,0.9478496871377223
55.1,0.9421983102809649,0.18471495015163597,0.9479013706568696
55.125,0.9422617172001698,0.1845382349804282,0.9479530169948707
55.150000000000006,0.9423250655963994,0.1843616455378335,0.9480046261501591
55.175000000000004,0.9423883554963739,0.18418518181118804,0.9480561981212245
55.2,0.9424515869268653,0.18400884378769425,0.9481077329066123
55.225,0.9425147599146969,0.18383263145442078,0.9481592305049238
55.25,0.9425778744867436,0.18365654479830268,0.948210690914816
55.275000000000006,0.9426409306699312,0.18348058380614163,0.9482621141350019
55.300000000000004,0.9427039284912364,0.18330474846460595,0.9483135001642502
55.325,0.9427668679776872,0.18312903876023087,0.9483648490013852
55.35,0.9428297491563619,0.1829534546794185,0.948416160645287
55.375,0.9428925720543896,0.18277799620843818,0.9484674350948914
55.400000000000006,0.9429553366989498,0.18260266333342642,0.9485186723491899
55.425000000000004,0.9430180431172724,0.18242745604038715,0.9485698724072292
55.45,0.9430806913366374,0.1822523743151919,0.9486210352681123
55.475,0.9431432813843746,0.1820774181435798,0.9486721609309969
55.5,0.9432058132878641,0.18190258751115784,0.9487232493950969
55.525000000000006,0.9432682870745355,0.181727882403401,0.9487743006596812
55.550000000000004,0.9433307027718679,0.1815533028056523,0.9488253147240744
55.575,0.9433930604073901,0.1813788487031231,0.9488762915876563
55.6,0.94345536000868,0.18120452008089308,0.9489272312498622
55.625,0.9435176016033647,0.18103031692391047,0.9489781337101828
55.650000000000006,0.9435797852191204,0.18085623921699223,0.9490289989681638
55.675000000000004,0.9436419108836722,0.18068228694482408,0.9490798270234065
55.7,0.9437039786247938,0.1805084600919607,0.9491306178755672
55.725,0.9437659884703077,0.18033475864282594,0.9491813715243573
55.75,0.9438279404480845,0.18016118258171288,0.9492320879695436
55.775000000000006,0.9438898345860435,0.179987731892784,0.9492827672109478
55.800000000000004,0.9439516709121519,0.17981440656007133,0.9493334092484469
55.825,0.9440134494544251,0.17964120656747656,0.9493840140819726
55.85,0.9440751702409262,0.17946813189877128,0.9494345817115117
55.875,0.9441368332997663,0.17929518253759702,0.9494851121371062
55.900000000000006,0.9441984386591038,0.17912235846746544,0.9495356053588525
55.925000000000004,0.9442599863471447,0.1789496596717585,0.9495860613769025
55.95,0.9443214763921424,0.17877708613372859,0.9496364801914624
55.975,0.9443829088223972,0.17860463783649863,0.9496868618027935
56.0,0.9444442836662567,0.17843231476306232,0.9497372062112116
56.025000000000006,0.9445056009521151,0.17826011689628418,0.9497875134170876
56.050000000000004,0.9445668607084137,0.1780880442188998,0.9498377834208466
56.075,0.9446280629636401,0.17791609671351585,0.9498880162229686
56.1,0.9446892077463285,0.17774427436261042,0.9499382118239881
56.125,0.9447502950850593,0.177572577148533,0.9499883702244942
56.150000000000006,0.9448113250084591,0.1774010050535047,0.9500384914251305
56.175000000000004,0.9448722975452006,0.17722955805961843,0.950088575426595
56.2,0.9449332127240024,0.17705823614883895,0.95013862222964
56.225,0.9449940705736287,0.17688703930300315,0.9501886318350724
56.25,0.9450548711228894,0.1767159675038201,0.9502386042437533
56.275000000000006,0.9451156144006397,0.17654502073287126,0.9502885394565981
56.300000000000004,0.9451763004357804,0.1763741989716106,0.9503384374745764
56.325,0.9452369292572571,0.17620350220136477,0.9503882982987121
56.35,0.9452975008940607,0.17603293040333323,0.950438121930083
56.375,0.945358015375227,0.1758624835585884,0.9504879083698213
56.400000000000006,0.9454184727298364,0.17569216164807588,0.9505376576191131
56.425000000000004,0.9454788729870138,0.1755219646526145,0.9505873696791985
56.45,0.9455392161759288,0.17535189255289652,0.9506370445513715
56.475,0.9455995023257951,0.17518194532948783,0.9506866822369803
56.5,0.9456597314658708,0.17501212296282806,0.9507362827374265
56.525000000000006,0.9457199036254578,0.1748424254332307,0.9507858460541659
56.550000000000004,0.945780018833902,0.17467285272088331,0.9508353721887081
56.575,0.9458400771205929,0.17450340480584767,0.9508848611426161
56.6,0.9459000785149639,0.1743340816680599,0.9509343129175067
56.625,0.9459600230464916,0.17416488328733062,0.9509837275150506
56.650000000000006,0.946019910744696,0.17399580964334518,0.9510331049369717
56.675000000000004,0.9460797416391402,0.1738268607156637,0.9510824451850477
56.7,0.9461395157594304,0.1736580364837213,0.9511317482611096
56.725,0.9461992331352157,0.17348933692682825,0.9511810141670419
56.75,0.9462588937961878,0.1733207620241701,0.9512302429047825
56.775000000000006,0.9463184977720811,0.17315231175480786,0.9512794344763227
56.800000000000004,0.9463780450926726,0.17298398609767815,0.951328588883707
56.825,0.9464375357877814,0.17281578503159337,0.951377706129033
56.85,0.946496969887269,0.17264770853524183,0.9514267862144518
56.875,0.9465563474210384,0.17247975658718792,0.9514758291421672
56.900000000000006,0.9466156684190352,0.1723119291658723,0.9515248349144366
56.925000000000004,0.9466749329112464,0.17214422624961198,0.95157380353357
56.95,0.9467341409277005,0.1719766478166006,0.9516227350019305
56.975,0.9467932924984676,0.17180919384490848,0.9516716293219342
57.0,0.9468523876536591,0.1716418643124828,0.9517204864960499
57.025000000000006,0.9469114264234276,0.17147465919714777,0.9517693065267995
57.050000000000004,0.9469704088379669,0.17130757847660485,0.9518180894167574
57.075,0.9470293349275113,0.17114062212843284,0.9518668351685508
57.1,0.9470882047223361,0.17097379013008804,0.9519155437848595
57.125,0.9471470182527573,0.17080708245890444,0.9519642152684161
57.150000000000006,0.9472057755491311,0.1706404990920939,0.9520128496220056
57.175000000000004,0.9472644766418543,0.17047404000674618,0.9520614468484654
57.2,0.9473231215613637,0.17030770517982932,0.9521100069506855
57.225,0.9473817103381361,0.17014149458818964,0.9521585299316081
57.25,0.9474402430026885,0.16997540820855195,0.952207015794228
57.275000000000006,0.9474987195855774,0.16980944601751968,0.952255464541592
57.300000000000004,0.947557140117399,0.1696436079915751,0.9523038761767995
57.325,0.947615504628789,0.16947789410707947,0.9523522507030014
57.35,0.9476738131504222,0.16931230434027317,0.9524005881234016
57.375,0.947732065713013,0.16914683866727584,0.9524488884412551
57.400000000000006,0.9477902623473147,0.16898149706408663,0.9524971516598696
57.425000000000004,0.9478484030841193,0.16881627950658434,0.9525453777826045
57.45,0.9479064879542579,0.16865118597052753,0.952593566812871
57.475,0.9479645169886,0.1684862164315547,0.9526417187541322
57.5,0.9480224902180535,0.16832137086518448,0.952689833609903
57.525000000000006,0.948080407673565,0.1681566492468158,0.95273791138375
57.550000000000004,0.9481382693861191,0.16799205155172808,0.9527859520792913
57.575,0.9481960753867384,0.16782757775508125,0.9528339557001967
57.6,0.9482538257064836,0.16766322783191612,0.9528819222501876
57.625,0.948311520376453,0.1674990017571544,0.9529298517330368
57.650000000000006,0.9483691594277828,0.16733489950559893,0.9529777441525684
57.675000000000004,0.9484267428916463,0.16717092105193385,0.9530255995126582
57.7,0.9484842707992546,0.16700706637072468,0.9530734178172329
57.725,0.9485417431818557,0.1668433354364186,0.9531211990702706
57.75,0.9485991600707349,0.1666797282233446,0.9531689432758006
57.775000000000006,0.9486565214972144,0.16651624470571352,0.9532166504379033
57.800000000000004,0.948713827492653,0.16635288485761843,0.9532643205607101
57.825,0.9487710780884464,0.16618964865303457,0.9533119536484035
57.85,0.9488282733160268,0.1660265360658197,0.9533595497052169
57.875,0.9488854132068626,0.16586354706971423,0.9534071087354344
57.900000000000006,0.9489424977924587,0.16570068163834129,0.9534546307433912
57.925000000000004,0.9489995271043558,0.16553793974520695,0.953502115733473
57.95,0.9490565011741308,0.16537532136370048,0.9535495637101162
57.975,0.9491134200333964,0.16521282646709437,0.9535969746778081
58.0,0.9491702837138009,0.16505045502854462,0.9536443486410863
58.025000000000006,0.9492270922470282,0.16488820702109086,0.9536916856045389
58.050000000000004,0.9492838456647975,0.1647260824176565,0.9537389855728046
58.075,0.9493405439988635,0.16456408119104887,0.9537862485505724
58.1,0.9493971872810156,0.16440220331395958,0.9538334745425815
58.125,0.9494537755430787,0.1642404487589644,0.9538806635536214
58.150000000000006,0.9495103088169122,0.1640788174985237,0.953927815588532
58.175000000000004,0.9495667871344103,0.16391730950498243,0.9539749306522031
58.2,0.9496232105275019,0.16375592475057038,0.9540220087495745
58.225,0.94967957902815,0.16359466320740237,0.9540690498856362
58.25,0.9497358926683523,0.16343352484747833,0.954116054065428
58.275000000000006,0.9497921514801404,0.16327250964268358,0.9541630212940395
58.300000000000004,0.9498483554955799,0.16311161756478892,0.9542099515766104
58.325,0.9499045047467702,0.16295084858545084,0.9542568449183297
58.35,0.9499605992658449,0.16279020267621166,0.9543037013244364
58.375,0.9500166390849706,0.16262967980849977,0.954350520800219
58.400000000000006,0.9500726242363478,0.16246927995362972,0.9543973033510155
58.425000000000004,0.95012855475221,0.1623090030828025,0.9544440489822134
58.45,0.9501844306648242,0.16214884916710554,0.9544907576992496
58.475,0.9502402520064902,0.16198881817751307,0.9545374295076104
58.5,0.9502960188095408,0.16182891008488617,0.9545840644128314
58.525000000000006,0.9503517311063416,0.161669124859973,0.9546306624204972
58.550000000000004,0.9504073889292908,0.161509462473409,0.9546772235362417
58.575,0.9504629923108189,0.16134992289571692,0.954723747765748
58.6,0.9505185412833891,0.16119050609730723,0.9547702351147478
58.625,0.9505740358794966,0.16103121204847806,0.9548166855890221
58.650000000000006,0.9506294761316688,0.16087204071941552,0.9548630991944008
58.675000000000004,0.950684862072465,0.1607129920801938,0.9549094759367623
58.7,0.9507401937344764,0.1605540661007754,0.954955815822034
58.725,0.9507954711503255,0.16039526275101135,0.9550021188561919
58.75,0.9508506943526668,0.1602365820006412,0.9550483850452606
58.775000000000006,0.9509058633741859,0.16007802381929337,0.9550946143953131
58.800000000000004,0.9509609782475998,0.15991958817648524,0.9551408069124709
58.825,0.9510160390056566,0.1597612750416234,0.9551869626029043
58.85,0.9510710456811353,0.15960308438400378,0.9552330814728313
58.875,0.9511259983068459,0.1594450161728118,0.9552791635285185
58.900000000000006,0.9511808969156289,0.15928707037712253,0.9553252087762807
58.925000000000004,0.9512357415403557,0.15912924696590103,0.9553712172224808
58.95,0.9512905322139279,0.1589715459080023,0.9554171888735296
58.975,0.9513452689692774,0.15881396717217164,0.9554631237358859
59.0,0.9513999518393664,0.15865651072704468,0.9555090218160567
59.025000000000006,0.951454580857187,0.15849917654114767,0.9555548831205964
59.050000000000004,0.9515091560557614,0.15834196458289765,0.9556007076561077
59.075,0.9515636774681412,0.15818487482060253,0.9556464954292404
59.1,0.951618145127408,0.15802790722246138,0.9556922464466924
59.125,0.9516725590666728,0.15787106175656454,0.9557379607152089
59.150000000000006,0.9517269193190758,0.1577143383908938,0.9557836382415826
59.175000000000004,0.9517812259177867,0.15755773709332266,0.9558292790326538
59.2,0.951835478896004,0.15740125783161638,0.95587488309531
59.225,0.9518896782869551,0.15724490057343227,0.9559204504364859
59.25,0.9519438241238968,0.1570886652863198,0.9559659810631636
59.275000000000006,0.9519979164401138,0.1569325519377208,0.956011474982372
59.300000000000004,0.9520519552689198,0.15677656049496969,0.9560569322011876
59.325,0.9521059406436571,0.15662069092529354,0.9561023527267333
59.35,0.9521598725976957,0.1564649431958124,0.9561477365661791
59.375,0.9522137511644343,0.1563093172735393,0.9561930837267422
59.400000000000006,0.9522675763772992,0.15615381312538068,0.956238394215686
59.425000000000004,0.9523213482697448,0.15599843071813627,0.9562836680403209
59.45,0.9523750668752532,0.1558431700184995,0.9563289052080041
59.475,0.9524287322273342,0.15568803099305764,0.9563741057261388
59.5,0.9524823443595248,0.15553301360829186,0.9564192696021752
59.525000000000006,0.9525359033053898,0.1553781178305775,0.9564643968436096
59.550000000000004,0.9525894090985209,0.15522334362618434,0.9565094874579848
59.575,0.9526428617725367,0.15506869096127657,0.9565545414528898
59.6,0.9526962613610831,0.15491415980191317,0.9565995588359597
59.625,0.9527496078978328,0.15475975011404797,0.9566445396148758
59.650000000000006,0.9528029014164849,0.15460546186352986,0.9566894837973654
59.675000000000004,0.9528561419507653,0.15445129501610302,0.9567343913912018
59.7,0.9529093295344262,0.15429724953740706,0.956779262404204
59.725,0.9529624642012461,0.15414332539297715,0.956824096844237
59.75,0.9530155459850296,0.15398952254824433,0.9568688947192115
59.775000000000006,0.9530685749196074,0.1538358409685356,0.9569136560370839
59.800000000000004,0.9531215510388361,0.15368228061907407,0.956958380805856
59.825,0.9531744743765981,0.15352884146497928,0.9570030690335753
59.85,0.9532273449668012,0.15337552347126723,0.9570477207283347
59.875,0.9532801628433788,0.15322232660285068,0.9570923358982723
59.900000000000006,0.9533329280402898,0.15306925082453923,0.9571369145515717
59.925000000000004,0.9533856405915181,0.1529162961010396,0.9571814566964616
59.95,0.9534383005310729,0.15276346239695576,0.9572259623412158
59.975,0.9534909078929883,0.15261074967678914,0.9572704314941533
60.0,0.9535434627113232,0.15245815790493875,0.9573148641636378
