t,C,M,R
0.0,0.8,0.9,0.8
0.025,0.7990620593070922,0.8991616777117729,0.8004464975181748
0.05,0.7981334485098575,0.8983266979278843,0.8008860459453808
0.07500000000000001,0.7972140901776162,0.8974950413220727,0.8013187285221696
0.1,0.7963039073912243,0.896666688638599,0.8017446277342183
0.125,0.7954028237428756,0.8958416206928386,0.8021638253157792
0.15000000000000002,0.7945107633358216,0.8950198183718516,0.8025764022531884
0.17500000000000002,0.7936276507840073,0.8942012626349328,0.8029824387884321
0.2,0.7927534112116289,0.8933859345141413,0.8033820144227697
0.225,0.7918879702526124,0.8925738151148097,0.8037752079204088
0.25,0.7910312540500165,0.8917648856160347,0.8041620973122332
0.275,0.7901831892553622,0.8909591272711473,0.8045427598995786
0.30000000000000004,0.7893437030278893,0.8901565214081648,0.8049172722580566
0.325,0.7885127230337426,0.8893570494302239,0.8052857102414237
0.35000000000000003,0.7876901774450913,0.8885606928159955,0.8056481489854928
0.375,0.7868759949391796,0.8877674331200819,0.8060046629120866
0.4,0.7860701046973145,0.886977251973396,0.8063553257330309
0.42500000000000004,0.7852724364037896,0.8861901310835237,0.8067002104541843
0.45,0.7844829202447479,0.8854060522350686,0.8070393893795043
0.47500000000000003,0.7837014869069848,0.884624997289981,0.8073729341151472
0.5,0.7829280675766946,0.8838469481878695,0.8077009155736007
0.525,0.7821625939381588,0.8830718869462976,0.8080234039778459
0.55,0.7814049981723813,0.8822997956610639,0.8083404688655492
0.5750000000000001,0.7806552129556705,0.8815306565064673,0.8086521790932811
0.6000000000000001,0.7799131714581699,0.8807644517355567,0.8089586028407604
0.625,0.7791788073423382,0.8800011636803658,0.8092598076151224
0.65,0.7784520547613831,0.8792407747521342,0.8095558602552104
0.675,0.777732848357646,0.8784832674415132,0.8098468269358872
0.7000000000000001,0.7770211232609429,0.8777286243187579,0.8101327731723668
0.7250000000000001,0.776316815086861,0.8769768280339062,0.8104137638245642
0.75,0.7756198599350134,0.8762278613169437,0.810689863101462
0.775,0.7749301943872515,0.8754817069779557,0.8109611345654919
0.8,0.7742477555058396,0.874738347907266,0.8112276411369312
0.8250000000000001,0.7735724808315892,0.873997767075564,0.8114894450983113
0.8500000000000001,0.7729043083819582,0.8732599475340181,0.811746608098838
0.875,0.772243176649113,0.8725248724143781,0.8119991911588221
0.9,0.7715890245979568,0.8717925249290651,0.8122472546741191
0.925,0.7709417916641248,0.87106288837125,0.8124908584205767
0.9500000000000001,0.7703014177519474,0.8703359461149209,0.8127300615584893
0.9750000000000001,0.7696678432323822,0.8696116816149388,0.8129649226370576
1.0,0.7690410089409174,0.868890078407083,0.8131954995988535
1.0250000000000001,0.7684208561754459,0.8681711201080851,0.813421849784288
1.05,0.7678073266941121,0.8674547904156537,0.8136440299360814
1.075,0.7672003627131339,0.8667410731084877,0.8138620962037355
1.1,0.7665999069045972,0.8660299520462806,0.8140761041480058
1.125,0.7660059023942294,0.8653214111697146,0.8142861087453735
1.1500000000000001,0.7654182927591469,0.8646154345004449,0.8144921643925158
1.175,0.7648370220255827,0.8639120061410751,0.8146943249107742
1.2000000000000002,0.7642620346665926,0.8632111102751238,0.8148926435506191
1.225,0.7636932755997409,0.8625127311669815,0.8150871729961111
1.25,0.7631306901847674,0.8618168531618593,0.8152779653693567
1.2750000000000001,0.7625742242212368,0.8611234606857291,0.8154650722349585
1.3,0.76202382394617,0.8604325382452555,0.8156485446044591
1.3250000000000002,0.76147943603166,0.8597440704277192,0.8158284329407777
1.35,0.7609410075824719,0.8590580419009333,0.8160047871626384
1.375,0.7604084861336284,0.8583744374131512,0.8161776566489901
1.4000000000000001,0.7598818196479824,0.8576932417929672,0.816347090243417
1.425,0.7593609565137752,0.8570144399492097,0.8165131362585389
1.4500000000000002,0.7588458455421844,0.8563380168708273,0.8166758424804007
1.475,0.7583364359648591,0.8556639576267682,0.8168352561728505
1.5,0.7578326774314457,0.8549922473658518,0.816991424081906
1.5250000000000001,0.7573345200071028,0.8543228713166351,0.817144392440108
1.55,0.7568419141700085,0.8536558147872715,0.8172942069708609
1.5750000000000002,0.756354810808858,0.8529910631653637,0.8174409128927593
1.6,0.7558731612203548,0.8523286019178102,0.8175845549239008
1.625,0.7553969171066934,0.8516684165906466,0.8177251772861829
1.6500000000000001,0.7549260305730381,0.85101049280888,0.8178628237095861
1.675,0.7544604541249937,0.850354816276318,0.8179975374364401
1.7000000000000002,0.754000140666073,0.8497013727753935,0.8181293612256743
1.725,0.7535450434951589,0.8490501481669817,0.818258337357051
1.75,0.7530951163039635,0.848401128390214,0.8183845076353823
1.7750000000000001,0.7526503131744834,0.8477542994622859,0.8185079133947287
1.8,0.7522105885764528,0.8471096474782599,0.8186285955025802
1.8250000000000002,0.7517758973647946,0.8464671586108642,0.8187465943640185
1.85,0.7513461947770693,0.8458268191102857,0.8188619499258613
1.875,0.7509214364309245,0.8451886153039596,0.8189747016807861
1.9000000000000001,0.7505015783215416,0.844552533596354,0.8190848886714367
1.925,0.7500865768190854,0.8439185604687499,0.8191925494945073
1.9500000000000002,0.7496763886661515,0.8432866824790184,0.8192977223048086
1.975,0.7492709709752166,0.8426568862613919,0.8194004448193125
2.0,0.7488702812260896,0.8420291585262333,0.8195007543211763
2.025,0.7484742772633645,0.8414034860598,0.8195986876637458
2.0500000000000003,0.7480829172938761,0.8407798557240054,0.8196942812745373
2.075,0.7476961598841582,0.840158254456176,0.8197875711591981
2.1,0.7473139639579048,0.8395386692688053,0.819878592905445
2.125,0.7469362887934358,0.8389210872493047,0.819967381686981
2.15,0.7465630940211653,0.8383054955597509,0.8200539722673901
2.1750000000000003,0.7461943396210758,0.83769188143663,0.8201383990040086
2.2,0.7458299859201962,0.8370802321905793,0.8202206958517753
2.225,0.7454699935900849,0.8364705352061254,0.8203008963670573
2.25,0.745114323644319,0.8358627779414203,0.8203790337114544
2.275,0.7447629374359885,0.835256947927974,0.8204551406555789
2.3000000000000003,0.7444157966551975,0.8346530327703852,0.8205292495828133
2.325,0.7440728633265709,0.8340510201460689,0.8206013924930433
2.35,0.7437340998067684,0.8334508978049824,0.8206716010063687
2.375,0.7433994687820059,0.8328526535693481,0.820739906366789
2.4000000000000004,0.7430689332655831,0.8322562753333748,0.820806339445866
2.4250000000000003,0.7427424565954195,0.831661751062976,0.8208709307463629
2.45,0.7424200024315986,0.8310690687954876,0.8209337104058578
2.475,0.7421015347539192,0.8304782166393818,0.820994708200335
2.5,0.7417870178594558,0.8298891827739808,0.8210539535477503
2.5250000000000004,0.7414764163601278,0.8293019554491677,0.821111475511573
2.5500000000000003,0.7411696951802768,0.8287165229850959,0.8211673028043031
2.575,0.7408668195542534,0.8281328737718969,0.821221463790964
2.6,0.7405677550240135,0.8275509962693869,0.8212739864925712
2.625,0.7402724674367239,0.826970879006771,0.821324898589576
2.6500000000000004,0.7399809229423776,0.8263925105823471,0.8213742274252841
2.6750000000000003,0.7396930879914188,0.8258158796632076,0.8214220000092504
2.7,0.7394089293323783,0.8252409749849402,0.8214682430206489
2.725,0.7391284140095195,0.8246677853513276,0.8215129828116177
2.75,0.7388515093604936,0.8240962996340456,0.8215562454105791
2.7750000000000004,0.7385781830140071,0.8235265067723608,0.8215980565255357
2.8000000000000003,0.7383084028874987,0.8229583957728267,0.8216384415473409
2.825,0.7380421371848274,0.8223919557089789,0.821677425552945
2.85,0.7377793543939727,0.82182717572103,0.821715033308617
2.875,0.7375200232847443,0.8212640450155632,0.8217512892731407
2.9000000000000004,0.7372641129065047,0.8207025528652248,0.8217862176009875
2.9250000000000003,0.7370115925859023,0.820142688608417,0.8218198421454628
2.95,0.7367624319246162,0.819584441648989,0.8218521864618292
2.975,0.7365166007971133,0.8190278014559285,0.8218832738104044
3.0,0.7362740693484168,0.8184727575630513,0.8219131271596344
3.0250000000000004,0.7360348079918859,0.8179192995686921,0.8219417691891426
3.0500000000000003,0.7357987874070093,0.8173674171353937,0.8219692222927542
3.075,0.7355659785372092,0.816817099989596,0.8219955085814956
3.1,0.7353363525876577,0.8162683379213246,0.8220206498865706
3.125,0.7351098810231067,0.8157211207838799,0.8220446677623112
3.1500000000000004,0.7348865355657286,0.8151754384935251,0.8220675834891041
3.1750000000000003,0.7346662881929704,0.8146312810291741,0.822089418076294
3.2,0.7344491111354203,0.8140886384320795,0.8221101922650614
3.225,0.7342349768746861,0.8135475008055204,0.8221299265312776
3.25,0.734023858141287,0.8130078583144905,0.8221486410883343
3.2750000000000004,0.7338157279125582,0.8124697011853853,0.8221663558899509
3.3000000000000003,0.7336105594105674,0.8119330197056902,0.8221830906329564
3.325,0.7334083261000447,0.8113978042236681,0.8221988647600483
3.35,0.7332090016863253,0.8108640451480476,0.8222136974625283
3.375,0.7330125601133051,0.8103317329477105,0.8222276076830126
3.4000000000000004,0.7328189755614087,0.8098008581513809,0.8222406141181213
3.4250000000000003,0.7326282224455716,0.8092714113473125,0.822252735221142
3.45,0.7324402754132333,0.8087433831829782,0.8222639892046713
3.475,0.7322551093423457,0.8082167643647586,0.8222743940432332
3.5,0.732072699339393,0.8076915456576315,0.8222839674758738
3.5250000000000004,0.7318930207374249,0.807167717884861,0.8222927270087332
3.5500000000000003,0.7317160490941035,0.806645271927688,0.8223006899175946
3.575,0.7315417601897624,0.8061241987250203,0.8223078732504105
3.6,0.7313701300254795,0.8056044892731236,0.8223142938298065
3.625,0.7312011348211627,0.8050861346253125,0.8223199682555618
3.6500000000000004,0.7310347510136485,0.8045691258916426,0.8223249129070682
3.6750000000000003,0.7308709552548142,0.8040534542386025,0.8223291439457662
3.7,0.7307097244097023,0.8035391108888067,0.8223326773175584
3.725,0.7305510355546592,0.803026087120689,0.8223355287552023
3.75,0.7303948659754856,0.8025143742681967,0.8223377137806792
3.7750000000000004,0.7302411931656014,0.802003963720485,0.8223392477075427
3.8000000000000003,0.7300899948242223,0.8014948469216122,0.822340145643245
3.825,0.7299412488545505,0.800987015370236,0.822340422491441
3.85,0.7297949333619775,0.8004804606193097,0.8223400929542719
3.875,0.7296510266523014,0.79997517427578,0.8223391715346268
3.9000000000000004,0.729509507229955,0.7994711480002848,0.8223376725383829
3.9250000000000003,0.7293703537962488,0.7989683735068521,0.8223356100766253
3.95,0.7292335452476261,0.7984668425625995,0.822332998067845
3.975,0.7290990606739308,0.797966546987435,0.8223298502401168
4.0,0.7289668793566888,0.7974674786537578,0.8223261801332559
4.025,0.7288369807674016,0.7969696294861607,0.8223220011009538
4.05,0.728709344565853,0.7964729914611329,0.8223173263128946
4.075,0.7285839505984286,0.795977556606764,0.8223121687568499
4.1000000000000005,0.728460778896448,0.7954833170024479,0.8223065412407543
4.125,0.7283398096745095,0.7949902647785896,0.8223004563947606
4.15,0.7282210233288482,0.7944983921163107,0.8222939266732746
4.175,0.7281044004357056,0.7940076912471573,0.8222869643569711
4.2,0.7279899217497129,0.7935181544528085,0.8222795815547891
4.2250000000000005,0.7278775682022861,0.7930297740647853,0.8222717902059083
4.25,0.7277673209000339,0.7925425424641612,0.8222636020817061
4.275,0.7276591611231782,0.7920564520812737,0.822255028787695
4.3,0.7275530703239866,0.7915714953954364,0.822246081765441
4.325,0.7274490301252178,0.791087664934652,0.8222367722944635
4.3500000000000005,0.7273470223185785,0.7906049532753274,0.8222271114941155
4.375,0.7272470288631937,0.7901233530419886,0.8222171103254462
4.4,0.7271490318840882,0.789642856906997,0.8222067795930437
4.425,0.7270530136706809,0.7891634575902675,0.8221961299468603
4.45,0.7269589566752906,0.7886851478589866,0.8221851718840197
4.4750000000000005,0.7268668435116546,0.7882079205273321,0.8221739157506048
4.5,0.7267766569534588,0.7877317684561942,0.8221623717434287
4.525,0.7266883799328796,0.7872566845528967,0.822150549911787
4.55,0.7266019955391382,0.7867826617709205,0.8221384601591935
4.575,0.7265174870170664,0.7863096931096275,0.8221261122450965
4.6000000000000005,0.7264348377656843,0.7858377716139858,0.8221135157865797
4.625,0.7263540313367893,0.785366890374296,0.822100680260044
4.65,0.7262750514335576,0.7848970425259185,0.8220876150028734
4.675,0.7261978819091562,0.7844282212490024,0.8220743292150829
4.7,0.7261225067653675,0.7839604197682148,0.8220608319609501
4.7250000000000005,0.7260489101512244,0.7834936313524725,0.82204713217063
4.75,0.7259770763616576,0.7830278493146732,0.8220332386417526
4.775,0.7259069898361538,0.7825630670114291,0.8220191600410048
4.800000000000001,0.725838635157425,0.7820992778428015,0.8220049049056954
4.825,0.7257719970500897,0.7816364752520362,0.8219904816453037
4.8500000000000005,0.7257070603793646,0.7811746527253001,0.8219758985430127
4.875,0.7256438101497675,0.7807138037914194,0.8219611637572254
4.9,0.7255822315038317,0.780253922021619,0.8219462853230665
4.925000000000001,0.7255223097208303,0.7797950010292622,0.8219312711538669
4.95,0.7254640302155129,0.779337034469593,0.821916129042634
4.9750000000000005,0.7254073785368513,0.7788800160394781,0.8219008666635058
5.0,0.7253523403667981,0.7784239394771516,0.8218854915731898
5.025,0.7215104252829907,0.7806855957208316,0.8212484045383589
5.05,0.7177089926748781,0.7829416783834058,0.8206010151309676
5.075,0.7139475090549392,0.7851922484621874,0.8199435984280278
5.1,0.7102254480408755,0.7874373661442329,0.8192764252144842
5.125,0.7065422902831917,0.7896770908144557,0.8185997620229508
5.15,0.7028975233925218,0.791911481063741,0.817913871173879
5.175,0.6992906418667502,0.7941405946970576,0.8172190108161188
5.2,0.6957211470179774,0.796364488741564,0.8165154349678357
5.225,0.6921885468993738,0.7985832194547058,0.8158033935577478
5.25,0.6886923562319669,0.8007968423323008,0.8150831324666471
5.275,0.6852320963314036,0.8030054121166091,0.8143548935691736
5.3,0.6818072950347274,0.8052089828043865,0.813618914775808
5.325,0.6784174866272084,0.8074076076549158,0.812875430075055
5.35,0.6750622117692632,0.8096013391980177,0.8121246695757837
5.375,0.6717410174234988,0.8117902292420346,0.8113668595497009
5.4,0.6684534567819139,0.8139743288817878,0.8106022224739272
5.425,0.6651990891932885,0.816153688506505,0.8098309770736503
5.45,0.6619774800907924,0.818328357807716,0.8090533383648312
5.475,0.6587882009198406,0.8204983857871138,0.8082695176969388
5.5,0.6556308290662228,0.8226638207643815,0.8074797227956894
5.525,0.6525049477845323,0.8248247103849808,0.8066841578057697
5.55,0.649410146126918,0.8269811016279012,0.8058830233335228
5.575,0.6463460188721847,0.8291330408133682,0.805076516489575
5.6,0.6433121664552595,0.8312805736105104,0.8042648309313867
5.625,0.640308194897049,0.833423745044981,0.8034481569057073
5.65,0.6373337157347034,0.8355625995065348,0.8026266812909173
5.675,0.6343883459523072,0.8376971807565591,0.8018005876392412
5.7,0.6314717079120131,0.8398275319355558,0.8009700562188143
5.725,0.6285834292856358,0.8419536955705754,0.8001352640555892
5.75,0.6257231429867193,0.8440757135826001,0.7992963849750674
5.775,0.6228904871030937,0.8461936272938765,0.7984535896438426
5.8,0.6200851048299331,0.8483074774351955,0.7976070456109421
5.825,0.6173066444033274,0.85041730415312,0.7967569173489545
5.85,0.6145547590343798,0.852523147017158,0.7959033662949323
5.875,0.6118291068438398,0.8546250450268814,0.795046550891058
5.9,0.6091293507972819,0.8567230366189895,0.7941866266250636
5.925,0.606455158640839,0.8588171596743164,0.7933237460703931
5.95,0.6038062028374991,0.8609074515247814,0.7924580589261006
5.975,0.6011821605039718,0.8629939489602829,0.791589712056472
6.0,0.5985827133481326,0.8650766882355337,0.7907188495303669
6.025,0.5960075476070512,0.8671557050768385,0.7898456126602678
6.05,0.5934563539856081,0.8692310346888127,0.7889701400410338
6.075,0.5909288275957069,0.871302711761042,0.7880925675883501
6.1,0.5884246678960835,0.8733707704746829,0.7872130285768668
6.125,0.5859435786327204,0.8754352445090029,0.7863316536780227
6.15,0.5834852677798649,0.8774961670478612,0.7854485709975476
6.175,0.5810494474816574,0.8795535707861287,0.7845639061126386
6.2,0.5786358339943715,0.8816074879360486,0.7836777821088058
6.225,0.5762441476292659,0.8836579502335348,0.7827903196163833
6.25,0.5738741126960534,0.8857049889444112,0.7819016368467019
6.275,0.571525457446984,0.8877486348705892,0.7810118496279193
6.3,0.5691979140215461,0.8897889183561847,0.7801210714405057
6.325,0.5668912183917836,0.8918258692935739,0.7792294134523818
6.35,0.5646051103082316,0.8938595171293886,0.7783369845537058
6.375,0.5623393332464675,0.8958898908704505,0.7774438913913083
6.4,0.5600936343542784,0.897917019089644,0.776550238402773
6.425,0.5578677643994443,0.8999409299317298,0.775656127850161
6.45,0.5556614777181342,0.9019616511190957,0.7747616598533781
6.475,0.5534745321639146,0.9039792099574483,0.7738669324231832
6.5,0.5513066890573686,0.9059936333414441,0.772972041493838
6.525,0.5491577131363226,0.90800494776026,0.7720770809553963
6.55,0.5470273725066799,0.9100131793031034,0.7711821426856325
6.575,0.5449154385938568,0.9120183536646633,0.7702873165816104
6.6,0.5428216860948197,0.9140204961505007,0.7693926905908909
6.625,0.5407458929307195,0.9160196316823804,0.7684983507423787
6.65,0.5386878402001207,0.9180157848035428,0.7676043811768101
6.675,0.5366473121328219,0.9200089796839176,0.76671086417688
6.7,0.5346240960442632,0.9219992401252779,0.7658178801970106
6.725,0.5326179822905179,0.9239865895663365,0.7649255078927624
6.75,0.5306287642238648,0.9259710510877842,0.7640338241498874
6.775,0.5286562381489359,0.9279526474172697,0.7631429041130269
6.8,0.5267002032794363,0.9299314009343226,0.7622528212140545
6.825,0.524760461695433,0.9319073336752193,0.7613636472000659
6.85,0.5228368183012055,0.9338804673377916,0.7604754521610173
6.875,0.5209290807836575,0.9358508232861797,0.7595883045570133
6.9,0.5190370595712815,0.9378184225555284,0.7587022712452468
6.925,0.5171605677936747,0.939783285856628,0.7578174175065923
6.95,0.5152994212415993,0.9417454335804998,0.7569338070718545
6.975,0.5134534383275842,0.9437048858029271,0.7560515021476754
7.0,0.5116224400470616,0.9456616622889312,0.7551705634420995
7.025,0.5098062499400352,0.9476157824971937,0.7542910501898027
7.050000000000001,0.5080046940532734,0.9495672655844244,0.7534130201769833
7.075,0.5062176009030243,0.9515161304096773,0.7525365297659216
7.1,0.5044448014382453,0.9534623955386125,0.7516616339192066
7.125,0.502686129004345,0.955406079247706,0.7507883862236355
7.15,0.5009414193074285,0.9573471995284084,0.7499168389137866
7.175000000000001,0.49921051037904574,0.9592857740912506,0.749047042895268
7.2,0.4974932425414323,0.9612218203698993,0.7481790477676474
7.225,0.49578945837324195,0.9631553555251623,0.7473129018470615
7.25,0.49409900267576345,0.9650863964489421,0.7464486521885116
7.275,0.4924217224396167,0.9670149597681414,0.7455863446078465
7.300000000000001,0.4907574668119231,0.9689410618485181,0.7447260237034342
7.325,0.48910608706394515,0.9708647187984919,0.7438677328775286
7.35,0.48746743655918917,0.9727859464729025,0.7430115143573307
7.375,0.485841370721967,0.97470476047672,0.742157409215749
7.4,0.4842277470064105,0.9766211761687073,0.7413054573918618
7.425000000000001,0.4826264248659341,0.9785352086650358,0.740455697711084
7.45,0.48103726572313943,0.980446872842855,0.7396081679050416
7.475,0.4794601329401581,0.9823561833438148,0.7387629046311566
7.5,0.4778948917894259,0.9842631545775431,0.737919943491946
7.525,0.47634140942488434,0.986167800725078,0.7370793190540367
7.550000000000001,0.47479955485360353,0.9880701357422554,0.7362410648669006
7.575,0.47326919890782193,0.9899701733630516,0.7354052134813119
7.6,0.471750214217397,0.9918679271028829,0.7345717964675308
7.625,0.47024247518266254,0.9937634102618613,0.7337408444332143
7.65,0.46874585794768675,0.9956566359280079,0.7329123870410607
7.675000000000001,0.46726024037392655,0.997547616980423,0.7320864530261874
7.7,0.46578550201427266,0.9994363660924152,0.7312630702132472
7.725,0.4643215240874808,1.0013228957345872,0.730442265533285
7.75,0.46286818945298364,1.0032072181778835,0.7296240650403384
7.775,0.4614253825860789,1.0050893454965941,0.7288084939277852
7.800000000000001,0.4599929895534884,1.00696928957132,0.727995576544441
7.825,0.4585708979892833,1.008847062091899,0.7271853364104088
7.85,0.45715899707117075,1.0107226745602909,0.7263777962326855
7.875,0.45575717749713673,1.012596138293425,0.7255729779205262
7.9,0.45436533146244096,1.0144674644260085,0.724770902600571
7.925000000000001,0.4529833526369585,1.016336663913298,0.723971590631736
7.95,0.4516111361428639,1.018203747533831,0.7231750616198726
7.975,0.4502485785326527,1.0200687258921233,0.7223813344321961
8.0,0.448895577767496,1.0219316094213275,0.7215904272114896
8.025,0.44755203319592346,1.0237924083858567,0.7208023573900826
8.05,0.44621784553283034,1.0256511328839704,0.7200171417036096
8.075,0.4448929168388036,1.0275077928503271,0.7192347962045511
8.1,0.4435771504997633,1.029362398058501,0.7184553362755587
8.125,0.4422704512069143,1.0312149581234635,0.7176787766425685
8.15,0.44097272493700407,1.0330654825040317,0.7169051313877051
8.175,0.4396838789328828,1.0349139805052818,0.7161344139619785
8.2,0.43840382168436054,1.0367604612809302,0.7153666371977776
8.225,0.4371324629093582,1.0386049338356815,0.7146018133211619
8.25,0.4358697135353473,1.0404474070275431,0.7138399539639553
8.275,0.4346154856810752,1.0422878895701086,0.7130810701756436
8.3,0.43336969263857095,1.0441263900348088,0.7123251724350793
8.325,0.43213224885542817,1.045962916853131,0.7115722706619958
8.35,0.43090306991736105,1.047797478318809,0.7108223742283334
8.375,0.42968207253102886,1.0496300825899803,0.7100754919693805
8.4,0.42846917450712607,1.0514607376913139,0.7093316321947317
8.425,0.4272642947437331,1.053289451516109,0.7085908026990662
8.45,0.426067353209925,1.0551162318283633,0.707853010772748
8.475,0.42487827092963326,1.056941086264812,0.7071182632122515
8.5,0.4236969699657578,1.0587640223369388,0.7063865663304142
8.525,0.4225233734045249,1.060585047432958,0.705657925966519
8.55,0.42135740534008803,1.0624041688197683,0.7049323474962094
8.575,0.42019899085936735,1.0642213936448803,0.7042098358412381
8.6,0.41904805602712475,1.0660367289383146,0.7034903954790541
8.625,0.4179045278712708,1.0678501816144743,0.7027740304522279
8.65,0.4167683343684001,1.0696617584739907,0.7020607443777187
8.675,0.4156394044295517,1.0714714662055425,0.7013505404559863
8.7,0.4145176678861913,1.0732793113876484,0.700643421479948
8.725,0.4134030554764116,1.0750853004904355,0.6999393898437847
8.75,0.4122954988313478,1.076889439877381,0.6992384475515978
8.775,0.41119493046180505,1.07869173580703,0.6985405962259186
8.8,0.4101012837450942,1.080492194434688,0.6978458371160727
8.825,0.4090144929120733,1.0822908218140885,0.6971541711064023
8.85,0.4079344930343914,1.0840876238990391,0.696465598724347
8.875,0.4068612200119314,1.0858826065450402,0.6957801201483863
8.9,0.4057946105604496,1.087675775510883,0.6950977352158462
8.925,0.40473460219940777,1.0894671364602244,0.6944184434305699
8.95,0.40368113323999644,1.091256694963137,0.6937422439704578
8.975,0.4026341427733448,1.0930444564976391,0.6930691356948758
9.0,0.4015935706589155,1.0948304264512008,0.6923991171519355
9.025,0.40266050192225433,1.0951078930829985,0.6922524727151179
9.05,0.40371938055183276,1.0953821048020722,0.6921108385697461
9.075,0.40477028349052147,1.0956530794072348,0.6919741395622885
9.1,0.4058132868010028,1.095920834595943,0.6918423015876223
9.125,0.4068484656783879,1.096185387965149,0.6917152515734738
9.15,0.4078758944626086,1.0964467570121372,0.6915929174651222
9.175,0.40889564665059003,1.0967049591353466,0.6914752282103607
9.2,0.40990779490820733,1.0969600116351803,0.6913621137447109
9.225,0.4109124110820316,1.0972119317148021,0.691253504976885
9.25,0.41190956621086966,1.0974607364809188,0.6911493337744904
9.275,0.41289933053710154,1.0977064429445507,0.6910495329499736
9.3,0.41388177351781996,1.09794906802179,0.690954036246797
9.325,0.41485696383577625,1.0981886285345464,0.6908627783258451
9.35,0.4158249694101363,1.098425141211281,0.6907756947520559
9.375,0.4167858574070508,1.0986586226877295,0.6906927219812722
9.4,0.4177396942500432,1.0988890895076124,0.6906137973473095
9.425,0.41868654563021956,1.0991165581233364,0.6905388590492362
9.45,0.4196264765163038,1.099341044896683,0.6904678461388608
9.475,0.4205595511645015,1.0995625660994874,0.6904006985084251
9.5,0.4214858331281965,1.0997811379143083,0.6903373568784961
9.525,0.42240538526748295,1.0999967764350849,0.6902777627860552
9.55,0.4233182697585367,1.1002094976677863,0.6902218585727802
9.575,0.4242245481028289,1.1004193175310508,0.6901695873735159
9.6,0.42512428113618506,1.1006262518568157,0.6901208931049313
9.625,0.4260175290376929,1.1008303163909374,0.6900757204543584
9.65,0.42690435133846166,1.1010315267938033,0.69003401486881
9.675,0.427784806930236,1.1012298986409346,0.689995722544173
9.7,0.4286589540738676,1.10142544742358,0.6899607904145738
9.725,0.4295268504076467,1.1016181885493026,0.6899291661419135
9.75,0.43038855295549716,1.1018081373425561,0.689900798105568
9.775,0.43124411813503677,1.1019953090452557,0.689875635392252
9.8,0.4320936017655063,1.1021797188173388,0.6898536277860426
9.825,0.43293705907556956,1.1023613817373201,0.6898347257585598
9.85,0.4337745447109865,1.1025403128028375,0.6898188804593013
9.875,0.4346061127421628,1.1027165269311912,0.6898060437061293
9.9,0.43543181667157776,1.1028900389598761,0.6897961679759049
9.925,0.4362517094410923,1.103060863647107,0.6897892063952695
9.95,0.43706584343914084,1.1032290156723366,0.6897851127315688
9.975,0.43787427050780775,1.1033945096367663,0.6897838413839184
10.0,0.43867704194979174,1.1035573600638524,0.6897853473744064
10.025,0.4394742085352596,1.1037175813998035,0.6897895863394339
10.05,0.4402658205085918,1.1038751880140727,0.6897965145211865
10.075,0.44105192759502193,1.1040301941998443,0.6898060887592389
10.1,0.44183257900717154,1.104182614174513,0.6898182664822866
10.125,0.4426078234514835,1.1043324620801585,0.6898330057000055
10.15,0.4433777091345542,1.1044797519840133,0.6898502649950347
10.175,0.4441422837693682,1.1046244978789261,0.6898700035150814
10.2,0.4449015945814357,1.1047667136838184,0.6898921809651469
10.225,0.44565568831483526,1.1049064132441362,0.6899167575998686
10.25,0.4464046112381641,1.1050436103322963,0.6899436942159791
10.275,0.4471484091503964,1.105178318648128,0.689972952144879
10.3,0.4478871273866526,1.1053105518193096,0.6900044932453206
10.325,0.44862081082388044,1.105440323401798,0.6900382798962028
10.35,0.44934950388644984,1.1055676468802569,0.6900742749894725
10.375,0.4500732505516632,1.105692535668477,0.6901124419231334
10.4,0.45079209435518214,1.1058150031097937,0.6901527445943584
10.425,0.4515060783963731,1.1059350624774993,0.6901951473927048
10.45,0.4522152453435724,1.1060527269752505,0.6902396151934301
10.475,0.4529196374392728,1.106168009737472,0.6902861133509072
10.5,0.45361929650523286,1.1062809238297557,0.6903346076921362
10.525,0.45431426394751007,1.1063914822492562,0.6903850645103532
10.55,0.4550045807614199,1.1064996979250805,0.6904374505587322
10.575,0.45569028753642155,1.106605583718676,0.6904917330441797
10.6,0.4563714244609316,1.1067091524242123,0.6905478796212208
10.625,0.45704803132706734,1.1068104167689614,0.6906058583859743
10.65,0.45772014753532075,1.1069093894136717,0.6906656378702161
10.675,0.45838781209916446,1.1070060829529396,0.6907271870355285
10.7,0.4590510636495905,1.1071005099155782,0.6907904752675355
10.725,0.4597099404395836,1.1071926827649805,0.6908554723702208
10.75,0.46036448034853017,1.107282613899481,0.6909221485603293
10.775,0.46101472088656337,1.1073703156527117,0.690990474461848
10.8,0.46166069919884606,1.1074558002939576,0.6910604211005679
10.825,0.46230245206979287,1.107539080028506,0.691131959898723
10.85,0.46294001592723155,1.1076201669979948,0.6912050626697076
10.875,0.46357342684650565,1.1076990732807557,0.6912797016128681
10.9,0.46420272055451894,1.1077758108921558,0.6913558493083704
10.925,0.4648279324337227,1.107850391784936,0.6914334787121396
10.95,0.4654490975260471,1.1079228278495452,0.6915125631508726
10.975,0.466066250536777,1.1079931309144728,0.6915930763171215
11.0,0.46667942583837446,1.1080613127465777,0.6916749922644464
11.025,0.4672886574742467,1.1081273850514146,0.6917582854026376
11.05,0.4678939791624628,1.1081913594735575,0.6918429304930047
11.075,0.46849542429941826,1.108253247596921,0.6919289026437325
11.1,0.46909302596344943,1.1083130609450775,0.6920161773053028
11.125,0.4696868169183977,1.1083708109815738,0.6921047302659797
11.15,0.47027682961712497,1.1084265091102428,0.6921945376473589
11.175,0.4708630962049813,1.1084801666755149,0.6922855758999795
11.2,0.4714456485232247,1.1085317949627254,0.6923778217989965
11.225,0.47202451811239493,1.10858140519842,0.6924712524399147
11.25,0.4725997362156412,1.1086290085506578,0.6925658452343809
11.275,0.47317133378200515,1.108674616129312,0.692661577906036
11.3,0.4737393414696593,1.1087182389863681,0.6927584284864235
11.325,0.47430378964910236,1.1087598881162206,0.6928563753109557
11.35,0.4748647084063114,1.108799574455966,0.6929553970149346
11.375,0.47542212754585217,1.1088373088856947,0.6930554725296291
11.4,0.47597607659394775,1.1088731022287808,0.6931565810784054
11.425,0.4765265848015068,1.108906965252169,0.6932587021729112
11.45,0.47707368114711135,1.1089389086666603,0.6933618156093118
11.475,0.47761739433996564,1.108968943127195,0.6934659014645783
11.5,0.4781577528228057,1.1089970792331334,0.6935709400928267
11.525,0.47869478477477106,1.1090233275285357,0.6936769121217067
11.55,0.4792285181142387,1.1090476985024393,0.69378379844884
11.575,0.4797589805016203,1.1090702025891332,0.6938915802383075
11.6,0.48028619934212285,1.1090908501684325,0.6940002389171838
11.625,0.4808102017884737,1.109109651565949,0.6941097561721188
11.65,0.4813310147436103,1.109126617053362,0.6942201139459663
11.675,0.48184866486333516,1.109141756848685,0.6943312944344575
11.7,0.48236317855893696,1.109155081116533,0.6944432800829202
11.725,0.48287458199977784,1.1091665999683862,0.6945560535830414
11.75,0.4833829011158478,1.1091763234628529,0.6946695978696746
11.775,0.48388816160028636,1.1091842616059306,0.6947838961176895
11.8,0.48439038891187236,1.1091904243512654,0.6948989317388641
11.825,0.48488960827748234,1.109194821600409,0.6950146883788181
11.85,0.48538584469451745,1.109197463203076,0.6951311499139886
11.875,0.4858791229333003,1.1091983589573973,0.6952483004486452
11.9,0.48636946753944144,1.1091975186101735,0.695366124311945
11.925,0.486856902836176,1.109194951857126,0.6954846060550277
11.95,0.4873414529266717,1.1091906683431474,0.6956037304481485
11.975,0.48782314169630775,1.1091846776625491,0.6957234824778498
12.0,0.48830199281492537,1.1091769893593089,0.6958438473441699
12.025,0.48877802973905077,1.1091676129273158,0.6959648104578898
12.05,0.48925127571409044,1.1091565578106142,0.6960863574378147
12.075,0.48972175377649946,1.1091438334036463,0.6962084741080932
12.1,0.4901894867559232,1.1091294490514938,0.696331146495571
12.125,0.4906544972773129,1.1091134140501169,0.6964543608271799
12.15,0.49111680776301514,1.109095737646593,0.6965781035273607
12.175,0.4915764404348362,1.109076429039354,0.6967023612155205
12.2,0.49203341731608113,1.1090554973784215,0.6968271207035236
12.225,0.49248776023356805,1.1090329517656417,0.6969523689932143
12.25,0.49293949081961846,1.1090088012549182,0.6970780932739735
12.275,0.49338863051402315,1.1089830548524442,0.6972042809203063
12.3,0.4938352005659849,1.1089557215169326,0.6973309194894615
12.325,0.49427922203603747,1.1089268101598455,0.6974579967190824
12.35,0.494720715797942,1.1088963296456225,0.6975855005248875
12.375,0.4951597025405608,1.1088642887919076,0.6977134189983827
12.4,0.4955962027697085,1.1088306963697745,0.6978417404046016
12.425,0.4960302368099817,1.1087955611039513,0.6979704531798766
12.45,0.4964618248065667,1.1087588916730442,0.6980995459296382
12.475,0.496890986727026,1.1087206967097591,0.6982290074262427
12.5,0.4973177423630638,1.108680984801123,0.698358826606829
12.525,0.49774211133227086,1.1086397644887034,0.6984889925712018
12.55,0.49816411307984854,1.108597044268828,0.6986194945797427
12.575,0.49858376688031336,1.1085528325928011,0.698750322051349
12.6,0.4990010918391812,1.1085071378671216,0.6988814645613977
12.625,0.499416106894632,1.108459968453697,0.6990129118397366
12.65,0.4998288308191556,1.1084113326700593,0.6991446537687013
12.675,0.5002392822211779,1.108361238789577,0.6992766803811569
12.7,0.5006474795466687,1.1083096950416682,0.6994089818585657
12.725,0.5010534410807311,1.1082567096120117,0.6995415485290792
12.75,0.5014571849491727,1.108202290642757,0.6996743708656546
12.775,0.501858729120058,1.1081464462327342,0.6998074394841955
12.8,0.5022580914052445,1.1080891844376612,0.699940745141716
12.825,0.5026552894618999,1.1080305132703516,0.7000742787345289
12.85,0.5030503407940033,1.107970440700921,0.7002080312964563
12.875,0.5034432627538288,1.1079089746569915,0.7003419939970634
12.9,0.5038340725434115,1.107846123023897,0.700476158139915
12.925,0.504222787215999,1.1077818936448856,0.7006105151608535
12.95,0.5046094236774844,1.1077162943213223,0.700745056626299
12.975,0.5049939986878249,1.107649332812891,0.7008797742315717
13.0,0.5053765288624436,1.1075810168377935,0.7010146597992343
13.025,0.5057570306736154,1.107511354072951,0.7011497052774566
13.05,0.506135520451839,1.1074403521542013,0.7012849027384
13.075,0.5065120143871914,1.1073680186764967,0.7014202443766231
13.100000000000001,0.5068865285306694,1.107294361194101,0.7015557225075063
13.125,0.5072590787955149,1.1072193872207863,0.7016913295656978
13.15,0.5076296809585263,1.1071431042300262,0.701827058103578
13.175,0.5079983506613555,1.1070655196551915,0.7019629007897439
13.2,0.5083651034117896,1.106986640889743,0.7020988504075122
13.225000000000001,0.5087299545850203,1.1069064752874238,0.7022348998534415
13.25,0.5090929194248978,1.1068250301624507,0.702371042135873
13.275,0.5094540130451715,1.1067423127897054,0.7025072703734895
13.3,0.509813250430718,1.1066583304049238,0.7026435777938924
13.325,0.5101706464387546,1.1065730902048856,0.7027799577321969
13.350000000000001,0.5105262158000404,1.1064865993476019,0.7029164036296442
13.375,0.5108799731200638,1.1063988649525025,0.7030529090322318
13.4,0.511231932880218,1.1063098941006233,0.7031894675893602
13.425,0.5115821094389628,1.1062196938347912,0.703326073052497
13.45,0.5119305170329748,1.106128271159809,0.7034627192738578
13.475000000000001,0.5122771697782851,1.1060356330426397,0.7035994002051033
13.5,0.5126220816714042,1.10594178641259,0.7037361098960523
13.525,0.5129652665904357,1.105846738161492,0.7038728424934118
13.55,0.5133067382961776,1.1057504951438861,0.7040095922395216
13.575,0.5136465104332119,1.1056530641772009,0.704146353471116
13.600000000000001,0.513984596530983,1.1055544520419338,0.7042831206180993
13.625,0.5143210100048647,1.10545466548183,0.704419888202338
13.65,0.5146557641572151,1.1053537112040617,0.7045566508364671
13.675,0.5149888721784215,1.1052515958794051,0.7046934032227116
13.7,0.5153203471479332,1.1051483261424182,0.7048301401517222
13.725000000000001,0.5156502020352844,1.1050439085916164,0.7049668565014263
13.75,0.5159784497011061,1.104938349789649,0.7051035472358926
13.775,0.5163051028981267,1.104831656263473,0.7052402074042095
13.8,0.5166301742721634,1.1047238345045278,0.7053768321393781
13.825,0.5169536763631023,1.1046148909689082,0.7055134166572188
13.850000000000001,0.5172756216058684,1.104504832077537,0.7056499562552907
13.875,0.5175960223313861,1.1043936642163372,0.7057864463118255
13.9,0.5179148907675293,1.1042813937364029,0.7059228822846735
13.925,0.5182322390400614,1.104168026954169,0.7060592597102632
13.95,0.5185480791735667,1.1040535701515821,0.7061955742025738
13.975000000000001,0.5188624230923705,1.103938029576269,0.7063318214521204
14.0,0.5191752826214516,1.1038214114417044,0.7064679972249507
14.025,0.5194866694873439,1.103703721927379,0.7066040973616561
14.05,0.5197965953190297,1.1035849671789666,0.7067401177763928
14.075,0.5201050716488234,1.1034651533084894,0.7068760544559166
14.100000000000001,0.5204121099132465,1.1033442863944838,0.7070119034586287
14.125,0.5207177214538934,1.1032223724821657,0.7071476609136338
14.15,0.5210219175182885,1.1030994175835938,0.7072833230198089
14.175,0.5213247092607347,1.102975427677833,0.7074188860448848
14.2,0.5216261077431532,1.1028504087111177,0.7075543463245381
14.225000000000001,0.5219261239359148,1.1027243665970135,0.7076897002614941
14.25,0.5222247687186625,1.1025973072165778,0.7078249443246419
14.275,0.5225220528811271,1.1024692364185213,0.7079600750481589
14.3,0.5228179871239323,1.102340160019368,0.7080950890306473
14.325,0.5231125820593943,1.1022100838036142,0.7082299829342804
14.350000000000001,0.5234058482123111,1.1020790135238865,0.7083647534839598
14.375,0.5236977960207455,1.1019469549011012,0.7084993974664825
14.4,0.5239884358367998,1.1018139136246201,0.7086339117297191
14.425,0.5242777779273821,1.1016798953524083,0.7087682931818009
14.45,0.5245658324749659,1.1015449057111897,0.708902538790318
14.475000000000001,0.524852609578342,1.101408950296602,0.7090366455815265
14.5,0.5251381192533622,1.1012720346733522,0.7091706106395659
14.525,0.5254223714336765,1.1011341643753698,0.709304431105686
14.55,0.5257053759714627,1.1009953449059608,0.7094381041774828
14.575,0.5259871426381484,1.1008555817379602,0.7095716271081446
14.600000000000001,0.5262676811251265,1.1007148803138838,0.7097049972057066
14.625,0.5265470010444633,1.1005732460460802,0.7098382118323148
14.65,0.5268251119295998,1.1004306843168816,0.7099712684034993
14.675,0.527102023236046,1.1002872004787538,0.7101041643874563
14.7,0.5273777443420684,1.1001427998544455,0.7102368973043381
14.725000000000001,0.5276522845493707,1.099997487737138,0.7103694647255535
14.75,0.5279256530837683,1.0998512693905922,0.7105018642730748
14.775,0.5281978590958554,1.0997041500492981,0.710634093618755
14.8,0.5284689116616664,1.0995561349186203,0.7107661504836519
14.825,0.5287388197833307,1.0994072291749453,0.7108980326373617
14.850000000000001,0.5290075923897205,1.099257437965827,0.71102973789736
14.875,0.5292752383370931,1.0991067664101322,0.711161264128351
14.9,0.5295417664097268,1.0989552195981847,0.7112926092416249
14.925,0.5298071853205505,1.0988028025919099,0.7114237711944226
14.95,0.5300715037117668,1.098649520424978,0.7115547479893091
14.975000000000001,0.5303347301554704,1.0984953781029463,0.7116855376735536
15.0,0.5305968731542589,1.0983403806034022,0.7118161383385179
15.025,0.5308579411418389,1.0981845328761042,0.7119465481190516
15.05,0.5311179424836263,1.098027839843123,0.7120767651928955
15.075,0.5313768854773397,1.0978703063989816,0.7122067877800918
15.100000000000001,0.5316347783535895,1.097711937410796,0.7123366141424012
15.125,0.5318916292764603,1.0975527377184136,0.7124662425827281
15.15,0.5321474463440885,1.0973927121345517,0.7125956714445516
15.175,0.5324022375892342,1.097231865444936,0.7127248991113649
15.2,0.5326560109798473,1.097070202408438,0.7128539240061202
15.225000000000001,0.5329087744196285,1.0969077277572115,0.7129827445906811
15.25,0.533160535748585,1.096744446196829,0.7131113593652816
15.275,0.5334113027435811,1.0965803624064174,0.7132397668679917
15.3,0.5336610831188827,1.0964154810387932,0.7133679656741897
15.325,0.5339098845266983,1.0962498067205966,0.7134959543960404
15.350000000000001,0.534157714557713,1.096083344052426,0.7136237316819806
15.375,0.534404580741619,1.095916097608971,0.7137512962162098
15.4,0.5346504905476401,1.0957480719391453,0.7138786467181882
15.425,0.534895451385052,1.0955792715662187,0.7140057819421403
15.45,0.5351394706036969,1.0954097009879493,0.7141327006765643
15.475000000000001,0.5353825554944942,1.095239364676714,0.7142594017437486
15.5,0.5356247132899457,1.0950682670796392,0.7143858839992925
15.525,0.5358659511646361,1.094896412618731,0.7145121463316347
15.55,0.5361062762357297,1.0947238056910042,0.7146381876615863
15.575,0.5363456955634612,1.0945504506686115,0.7147640069418696
15.600000000000001,0.5365842161516229,1.0943763518989713,0.7148896031566634
15.625,0.5368218449480465,1.0942015137048962,0.7150149753211529
15.65,0.5370585888450816,1.094025940384719,0.7151401224810857
15.675,0.5372944546800684,1.0938496362124206,0.7152650437123333
15.7,0.5375294492358073,1.093672605437755,0.7153897381204576
15.725000000000001,0.5377635792410229,1.0934948522863757,0.7155142048402827
15.75,0.537996851370825,1.0933163809599598,0.7156384430354727
15.775,0.538229272247164,1.0931371956363327,0.715762451898114
15.8,0.5384608484392832,1.0929573004695927,0.7158862306483026
15.825,0.5386915864641664,1.0927766995902333,0.7160097785337372
15.850000000000001,0.5389214927869812,1.0925953971052664,0.7161330948293166
15.875,0.5391505738215191,1.0924133970983447,0.716256178836743
15.9,0.5393788359306303,1.092230703629883,0.7163790298841285
15.925,0.5396062854266555,1.0920473207371801,0.7165016473256085
15.95,0.539832928571853,1.0918632524345384,0.7166240305409584
15.975000000000001,0.5400587715788231,1.091678502713385,0.7167461789352154
16.0,0.5402838206109266,1.0914930755423908,0.7168680919383056
16.025,0.5405080817827018,1.0913069748675892,0.7169897690046746
16.05,0.5407315611602757,1.0911202046124955,0.7171112096129234
16.075,0.5409542647617727,1.0909327686782242,0.717232413265449
16.1,0.5411761985577191,1.0907446709436066,0.7173533794880885
16.125,0.5413973684714443,1.090555915265308,0.7174741078297688
16.15,0.541617780379477,1.0903665054779437,0.7175945978621595
16.175,0.5418374401119403,1.0901764453941956,0.7177148491793309
16.2,0.5420563534529406,1.0899857388049263,0.7178348613974159
16.225,0.5422745261409544,1.0897943894792956,0.7179546341542763
16.25,0.5424919638692117,1.0896024011648737,0.7180741671091727
16.275,0.5427086722860753,1.0894097775877556,0.7181934599424393
16.3,0.5429246569954168,1.0892165224526738,0.7183125123551622
16.325,0.5431399235569894,1.0890226394431117,0.7184313240688618
16.35,0.5433544774867973,1.0888281322214162,0.7185498948251791
16.375,0.5435683242574618,1.0886330044289083,0.7186682243855661
16.4,0.5437814692985837,1.0884372596859957,0.7187863125309799
16.425,0.5439939179971034,1.088240901592283,0.7189041590615807
16.45,0.5442056756976563,1.0880439337266816,0.7190217637964332
16.475,0.5444167477029267,1.0878463596475205,0.7191391265732128
16.5,0.5446271392739969,1.0876481828926547,0.7192562472479136
16.525,0.5448368556306944,1.0874494069795746,0.7193731256945621
16.55,0.5450459019519356,1.0872500354055137,0.7194897618049332
16.575,0.5452542833760659,1.0870500716475568,0.7196061554882698
16.6,0.5454620050011975,1.0868495191627476,0.7197223066710066
16.625,0.545669071885544,1.0866483813881946,0.7198382152964967
16.65,0.5458754890477518,1.0864466617411785,0.7199538813247423
16.675,0.5460812614672286,1.0862443636192576,0.7200693047321275
16.7,0.5462863940844688,1.0860414904003726,0.7201844855111562
16.725,0.5464908918013768,1.0858380454429526,0.7202994236701921
16.75,0.5466947594815864,1.0856340320860185,0.7204141192332019
16.775,0.5468980019507782,1.0854294536492874,0.7205285722395026
16.8,0.5471006239969933,1.085224313433276,0.7206427827435116
16.825,0.5473026303709452,1.0850186147194034,0.7207567508144991
16.85,0.5475040257863281,1.084812360770094,0.7208704765363452
16.875,0.547704814920123,1.0846055548288787,0.7209839600072986
16.9,0.5479050024129011,1.084398200120497,0.7210972013397394
16.925,0.5481045928691238,1.0841902998509985,0.7212102006599443
16.95,0.5483035908574413,1.0839818572078423,0.7213229581078551
16.975,0.5485020009109873,1.083772875359998,0.7214354738368496
17.0,0.5486998275276719,1.0835633574580452,0.7215477480135164
17.025,0.5488970751704715,1.0833533066342727,0.7216597808174314
17.05,0.5490937482677166,1.0831427260027766,0.721771572440938
17.075000000000003,0.5492898512133767,1.0829316186595597,0.7218831230889298
17.1,0.5494853883673425,1.0827199876826283,0.7219944329786357
17.125,0.5496803640557064,1.0825078361320901,0.7221055023394088
17.15,0.5498747825710396,1.082295167050251,0.7222163314125166
17.175,0.5500686481726674,1.082081983461711,0.7223269204509349
17.200000000000003,0.5502619650869421,1.081868288373461,0.722437269719144
17.225,0.5504547375075132,1.0816540847749776,0.7225473794929274
17.25,0.5506469695955949,1.0814393756383187,0.7226572500591731
17.275,0.5508386654802324,1.0812241639182176,0.7227668817156782
17.3,0.551029829258565,1.081008452552178,0.7228762747709543
17.325000000000003,0.5512204649960869,1.0807922444605662,0.7229854295440373
17.35,0.5514105767269061,1.0805755425467063,0.7230943463642985
17.375,0.5516001684540005,1.0803583496969715,0.7232030255712583
17.4,0.551789244149473,1.0801406687808772,0.7233114675144027
17.425,0.5519778077548023,1.0799225026511727,0.7234196725530018
17.450000000000003,0.552165863181094,1.079703854143933,0.7235276410559306
17.475,0.552353414309327,1.0794847260786493,0.7236353734014925
17.5,0.5525404649906004,1.0792651212583202,0.7237428699772448
17.525,0.5527270190463756,1.0790450424695415,0.7238501311798264
17.55,0.5529130802687181,1.0788244924825963,0.723957157414788
17.575000000000003,0.5530986524205369,1.078603474051544,0.7240639490964244
17.6,0.5532837392358214,1.0783819899143094,0.7241705066476085
17.625,0.5534683444198762,1.0781600427927713,0.7242768304996288
17.65,0.5536524716495547,1.07793763539285,0.7243829210920272
17.675,0.5538361245734893,1.0777147704045957,0.7244887788724406
17.700000000000003,0.5540193068123213,1.077491450502275,0.7245944042964432
17.725,0.5542020219589273,1.0772676783444581,0.7246997978273921
17.75,0.5543842735786448,1.0770434565741047,0.7248049599362739
17.775,0.5545660652094948,1.0768187878186506,0.7249098911015539
17.8,0.5547474003624033,1.0765936746900924,0.725014591809027
17.825000000000003,0.5549282825214207,1.0763681197850734,0.7251190625516711
17.85,0.5551087151439389,1.076142125684968,0.7252233038295014
17.875,0.5552887016609073,1.0759156949559652,0.7253273161494277
17.9,0.5554682454770462,1.0756888301491536,0.725431100025113
17.925,0.5556473499710589,1.0754615338006046,0.7255346559768342
17.950000000000003,0.5558260184958415,1.0752338084314548,0.7256379845313444
17.975,0.5560042543786913,1.0750056565479889,0.7257410862217373
18.0,0.5561820609215132,1.0747770806417223,0.7258439615873132
18.025,0.5563594414010249,1.0745480831894827,0.7259466111734474
18.05,0.5565363990689588,1.0743186666534914,0.7260490355314588
18.075000000000003,0.5567129371522643,1.0740888334814445,0.7261512352184823
18.1,0.5568890588533068,1.073858586106593,0.7262532107973415
18.125,0.5570647673500653,1.073627926947824,0.7263549628364234
18.15,0.557240065796329,1.0733968584097393,0.7264564919095553
18.175,0.5574149573218916,1.0731653828827357,0.7265577985958824
18.200000000000003,0.5575894450327437,1.072933502743084,0.7266588834797483
18.225,0.5577635320112643,1.072701220353007,0.7267597471505758
18.25,0.5579372213164104,1.0724685380607586,0.7268603902027502
18.275,0.5581105159839047,1.0722354582007005,0.726960813235504
18.3,0.5582834190264218,1.0720019830933811,0.727061016852803
18.325000000000003,0.558455933433773,1.0717681150456115,0.7271610016632339
18.35,0.5586280621730897,1.0715338563505425,0.727260768279894
18.375,0.5587998081890048,1.0712992092877414,0.7273603173202814
18.4,0.5589711744038325,1.0710641761232667,0.7274596494061876
18.425,0.5591421637177474,1.0708287591097447,0.7275587651635913
18.450000000000003,0.5593127790089609,1.070592960486445,0.7276576652225534
18.475,0.5594830231338973,1.070356782479354,0.7277563502171137
18.5,0.5596528989273672,1.0701202273012502,0.7278548207851893
18.525,0.5598224092027407,1.069883297151778,0.7279530775684734
18.55,0.5599915567521182,1.0696459942175216,0.7280511212123368
18.575000000000003,0.5601603443464998,1.069408320672078,0.72814895236573
18.6,0.5603287747359539,1.0691702786761297,0.7282465716810863
18.625,0.560496850649784,1.0689318703775181,0.7283439798142275
18.65,0.560664574796694,1.0686930979113152,0.7284411774242696
18.675,0.5608319498649518,1.0684539633998948,0.7285381651735306
18.700000000000003,0.5609989785225528,1.0682144689530053,0.7286349437274394
18.725,0.5611656634173802,1.0679746166678397,0.7287315137544459
18.75,0.5613320071773656,1.0677344086291065,0.7288278759259322
18.775,0.5614980124106475,1.0674938469091007,0.7289240309161257
18.8,0.5616636817057277,1.067252933567773,0.7290199794020125
18.825000000000003,0.5618290176316283,1.0670116706528001,0.7291157220632528
18.85,0.5619940227380457,1.0667700601996537,0.7292112595820973
18.875,0.5621586995555037,1.0665281042316694,0.7293065926433044
18.9,0.5623230505955061,1.0662858047601158,0.7294017219340592
18.925,0.562487078350687,1.0660431637842618,0.7294966481438927
18.950000000000003,0.5626507852949604,1.0658001832914454,0.7295913719646039
18.975,0.5628141738836682,1.0655568652571408,0.7296858940901807
19.0,0.5629772465537275,1.0653132116450257,0.7297802152167241
19.025,0.5631400057237762,1.0650692244070483,0.7298743360423718
19.05,0.5633024537943175,1.0648249054834935,0.7299682572672244
19.075000000000003,0.5634645931478633,1.0645802568030491,0.730061979593271
19.1,0.5636264261490762,1.064335280282872,0.7301555037243176
19.125,0.5637879551449104,1.0640899778286537,0.7302488303659153
19.15,0.5639491824647517,1.0638443513346845,0.73034196022529
19.175,0.5641101104205557,1.0635984026839196,0.7304348940112734
19.200000000000003,0.5642707413069858,1.0633521337480427,0.7305276324342344
19.225,0.564431077401549,1.0631055463875307,0.7306201762060118
19.25,0.5645911209647311,1.062858642451717,0.7307125260398484
19.275,0.5647508742401309,1.0626114237788555,0.7308046826503253
19.3,0.5649103394545933,1.0623638921961833,0.7308966467532977
19.325000000000003,0.5650695188183407,1.0621160495199835,0.7309884190658316
19.35,0.5652284145251036,1.0618678975556484,0.7310800003061412
19.375,0.5653870287522511,1.0616194380977406,0.7311713911935276
19.4,0.5655453636609183,1.0613706729300558,0.731262592448318
19.425,0.5657034213961348,1.061121603825684,0.7313536047918064
19.450000000000003,0.5658612040869504,1.0608722325470703,0.7314444289461944
19.475,0.5660187138465608,1.0606225608460762,0.7315350656345335
19.5,0.566175952772432,1.0603725904640402,0.731625515580668
19.525,0.5663329229464236,1.060122323131838,0.7317157795091792
19.55,0.5664896264349106,1.059871760569942,0.7318058581453297
19.575000000000003,0.5666460652889055,1.0596209044884812,0.7318957522150092
19.6,0.5668022415441779,1.059369756587301,0.731985462444681
19.625,0.5669581572213743,1.0591183185560216,0.7320749895613288
19.65,0.567113814326136,1.0588665920740967,0.7321643342924051
19.675,0.5672692148492162,1.058614578810872,0.7322534973657802
19.700000000000003,0.5674243607665973,1.0583622804256434,0.7323424795096912
19.725,0.5675792540396054,1.058109698567714,0.7324312814526932
19.75,0.567733896615025,1.0578568348764532,0.73251990392361
19.775,0.5678882904252126,1.0576036909813518,0.7326083476514863
19.8,0.5680424373882091,1.0573502685020801,0.7326966133655403
19.825000000000003,0.5681963394078516,1.0570965690485448,0.732784701795117
19.85,0.568349998373884,1.0568425942209436,0.7328726136696431
19.875,0.5685034161620668,1.056588345609823,0.732960349718581
19.9,0.5686565946342861,1.0563338247961327,0.7330479106713854
19.925,0.5688095356386614,1.0560790333512813,0.733135297257459
19.950000000000003,0.5689622410096532,1.0558239728371916,0.7332225102061096
19.975,0.5691147125681685,1.0555686448063553,0.7333095502465086
20.0,0.5692669521216668,1.0553130508018869,0.7333964181076483
20.025,0.5694189614642642,1.0550571923575787,0.7334831145183023
20.05,0.5695707423768372,1.054801070997954,0.7335696402069842
20.075000000000003,0.5697222966271258,1.0545446882383214,0.7336559959019088
20.1,0.5698736259698348,1.0542880455848274,0.7337421823309528
20.125,0.5700247321467354,1.0540311445345099,0.7338282002216168
20.15,0.5701756168867654,1.0537739865753508,0.7339140503009876
20.175,0.5703262819061286,1.0535165731863285,0.7339997332957011
20.200000000000003,0.5704767289083933,1.05325890583747,0.7340852499319064
20.225,0.5706269595845908,1.0530009859899028,0.7341706009352295
20.25,0.5707769756133114,1.0527428150959068,0.7342557870307382
20.275,0.5709267786608017,1.0524843945989655,0.7343408089429082
20.3,0.5710763703810592,1.0522257259338164,0.7344256673955883
20.325000000000003,0.5712257524159278,1.051966810526503,0.7345103631119677
20.35,0.571374926395191,1.0517076497944244,0.7345948968145427
20.375,0.5715238939366656,1.0514482451463862,0.7346792692250849
20.4,0.5716726566462936,1.0511885979826499,0.734763481064609
20.425,0.5718212161182344,1.0509287096949826,0.7348475330533423
20.450000000000003,0.5719695739349553,1.0506685816667074,0.7349314259106937
20.475,0.5721177316673216,1.0504082152727512,0.7350151603552239
20.5,0.5722656908746863,1.0501476118796946,0.7350987371046156
20.525,0.5724134531049786,1.0498867728458203,0.735182156875645
20.55,0.5725610198947921,1.049625699521161,0.7352654203841529
20.575000000000003,0.5727083927694718,1.0493643932475483,0.7353485283450168
20.6,0.5728555732432007,1.0491028553586597,0.735431481472124
20.625,0.5730025628190857,1.048841087180067,0.7355142804783439
20.65,0.5731493629892428,1.0485790900292835,0.735596926075502
20.675,0.5732959752348815,1.0483168652158104,0.7356794189743537
20.700000000000003,0.5734424010263887,1.0480544140411843,0.7357617598845594
20.725,0.5735886418234113,1.0477917377990236,0.7358439495146586
20.75,0.5737346990749395,1.0475288377750744,0.7359259885720462
20.775,0.5738805742193877,1.0472657152472575,0.7360078777629477
20.8,0.5740262686846761,1.0470023714857133,0.7360896177923965
20.825000000000003,0.574171783888311,1.0467388077528477,0.7361712093642094
20.85,0.5743171212374646,1.0464750253033772,0.7362526531809653
20.875,0.5744622821290539,1.0462110253843746,0.736333949943982
20.9,0.5746072679498198,1.045946809235313,0.7364151003532947
20.925,0.5747520800764041,1.0456823780881108,0.7364961051076344
20.950000000000003,0.5748967198754278,1.0454177331671761,0.7365769649044072
20.975,0.5750411887035667,1.0451528756894506,0.7366576804396732
21.0,0.575185487907628,1.0448878068644534,0.7367382524081267
21.025,0.5753296188246256,1.0446225278943246,0.7368186815030767
21.05,0.5754735827818548,1.0443570399738689,0.7368989684164269
21.075000000000003,0.5756173810969663,1.0440913442905984,0.736979113838657
21.1,0.5757610150780402,1.0438254420247757,0.7370591184588042
21.125,0.5759044860236587,1.0435593343494565,0.737138982964445
21.15,0.5760477952229786,1.043293022430532,0.7372187080416773
21.175,0.5761909439558027,1.0430265074267708,0.7372982943751029
21.200000000000003,0.576333933492652,1.0427597904898616,0.7373777426478104
21.225,0.5764767650948355,1.042492872764454,0.7374570535413588
21.25,0.5766194400145204,1.0422257553882004,0.7375362277357609
21.275,0.5767619594948019,1.0419584394917976,0.7376152659094671
21.3,0.5769043247697724,1.041690926199027,0.7376941687393503
21.325000000000003,0.5770465370645893,1.0414232166267963,0.7377729369006902
21.35,0.5771885975955433,1.0411553118851793,0.7378515710671583
21.375,0.5773305075701256,1.040887213077457,0.7379300719108033
21.4,0.5774722681870947,1.0406189213001567,0.7380084401020373
21.425,0.5776138806365427,1.0403504376430928,0.7380866763096211
21.450000000000003,0.5777553460999612,1.0400817631894064,0.7381647812006512
21.475,0.5778966657503058,1.0398128990156044,0.738242755440546
21.5,0.5780378407520619,1.0395438461915985,0.7383205996930329
21.525,0.5781788722613078,1.0392746057807452,0.7383983146201359
21.55,0.578319761425779,1.0390051788398835,0.738475900882163
21.575000000000003,0.5784605093849311,1.0387355664193743,0.7385533591376938
21.6,0.5786011172700024,1.038465769563138,0.7386306900435683
21.625,0.5787415862040762,1.038195789308694,0.738707894254875
21.65,0.5788819173021424,1.0379256266871966,0.7387849724249399
21.675,0.5790221116711587,1.0376552827234746,0.7388619252053154
21.700000000000003,0.5791621704101108,1.037384758436068,0.7389387532457697
21.725,0.5793020946100731,1.0371140548372653,0.7390154571942767
21.75,0.5794418853542684,1.0368431729331404,0.7390920376970056
21.775,0.5795815437181269,1.0365721137235906,0.739168495398311
21.8,0.5797210707693449,1.0363008782023717,0.7392448309407236
21.825000000000003,0.5798604675679433,1.0360294673571357,0.739321044964941
21.85,0.5799997351663253,1.0357578821694666,0.7393971381098184
21.875,0.5801388746093339,1.0354861236149164,0.7394731110123601
21.9,0.5802778869343084,1.0352141926630412,0.7395489643077106
21.925,0.5804167731711414,1.0349420902774364,0.7396246986291465
21.950000000000003,0.5805555343423344,1.0346698174157731,0.7397003146080687
21.975,0.5806941714630538,1.0343973750298325,0.7397758128739945
22.0,0.5808326855411853,1.0341247640655413,0.7398511940545497
22.025,0.5809710775773893,1.0338519854630064,0.7399264587754617
22.05,0.5811093485651547,1.0335790401565499,0.7400016076605525
22.075000000000003,0.581247499490853,1.0333059290747435,0.7400766413317312
22.1,0.5813855313337914,1.0330326531404423,0.7401515604089883
22.125,0.5815234450662663,1.0327592132708197,0.7402263655103886
22.15,0.581661241653615,1.0324856103774005,0.740301057252065
22.175,0.5817989220542686,1.0322118453660953,0.740375636248213
22.200000000000003,0.5819364872198036,1.0319379191372338,0.7404501031110846
22.225,0.5820739380949926,1.0316638325855976,0.7405244584509829
22.25,0.5822112756178561,1.0313895866004543,0.7405987028762567
22.275,0.5823485007197123,1.0311151820655895,0.7406728369932953
22.3,0.5824856143252277,1.0308406198593403,0.7407468614065237
22.325000000000003,0.5826226173524665,1.0305659008546273,0.7408207767183975
22.35,0.5827595107129397,1.0302910259189875,0.740894583529399
22.375,0.5828962953116549,1.0300159959146062,0.7409682824380321
22.4,0.5830329720471638,1.0297408116983493,0.741041874040819
22.425,0.5831695418116111,1.029465474121795,0.7411153589322953
22.450000000000003,0.5833060054907819,1.029189984031265,0.7411887377050068
22.475,0.5834423639641495,1.028914342267857,0.7412620109495057
22.5,0.5835786181049217,1.028638549667475,0.7413351792543471
22.525,0.5837147687800884,1.0283626070608611,0.7414082432060859
22.55,0.583850816850467,1.0280865152736263,0.7414812033892736
22.575000000000003,0.5839867631707492,1.027810275126281,0.7415540603864554
22.6,0.5841226085895456,1.0275338874342659,0.7416268147781676
22.625,0.5842583539494317,1.0272573530079823,0.7416994671429347
22.65,0.5843940000869927,1.0269806726528223,0.7417720180572671
22.675,0.5845295478328675,1.0267038471691994,0.7418444680956591
22.700000000000003,0.5846649980117933,1.0264268773525775,0.7419168178305864
22.725,0.5848003514426491,1.0261497639935013,0.7419890678325044
22.75,0.5849356089384995,1.0258725078776258,0.7420612186698463
22.775,0.5850707713066376,1.0255951097857454,0.7421332709090217
22.8,0.5852058393486279,1.0253175704938233,0.7422052251144146
22.825000000000003,0.5853408138603485,1.025039890773021,0.7422770818483824
22.85,0.5854756956320337,1.024762071389726,0.7423488416712548
22.875,0.5856104854483153,1.0244841131055824,0.7424205051413325
22.9,0.5857451840882644,1.0242060166775173,0.7424920728148863
22.925,0.5858797923254322,1.023927782857771,0.7425635452461563
22.950000000000003,0.5860143109278912,1.0236494123939246,0.7426349229873516
22.975,0.5861487406582756,1.0233709060289273,0.742706206588649
23.0,0.5862830822738212,1.0230922645011258,0.7427773965981936
23.025,0.5864173365264056,1.0228134885442908,0.7428484935620977
23.05,0.5865515041625875,1.0225345788876454,0.7429194980244411
23.075000000000003,0.5866855859236464,1.0222555362558923,0.7429904105272711
23.1,0.5868195825456209,1.0219763613692405,0.7430612316106023
23.125,0.5869534947593479,1.0216970549434337,0.7431319618124173
23.15,0.5870873232905005,1.021417617689776,0.7432026016686664
23.175,0.5872210688596264,1.0211380503151593,0.7432731517132688
23.200000000000003,0.5873547321821855,1.0208583535220899,0.7433436124781129
23.225,0.5874883139685871,1.0205785280087152,0.7434139844930567
23.25,0.5876218149242278,1.0202985744688498,0.7434842682859291
23.275,0.5877552357495274,1.0200184935920016,0.7435544643825303
23.3,0.587888577139966,1.0197382860633983,0.7436245733066332
23.325000000000003,0.5880218397861205,1.0194579525640126,0.7436945955799846
23.35,0.5881550243737003,1.0191774937705889,0.7437645317223063
23.375,0.5882881315835828,1.0188969103556678,0.7438343822512961
23.4,0.5884211620918497,1.0186162029876125,0.7439041476826297
23.425,0.5885541165698212,1.0183353723306334,0.7439738285299623
23.450000000000003,0.5886869956840914,1.0180544190448142,0.7440434253049298
23.475,0.5888198000965633,1.0177733437861358,0.744112938517151
23.5,0.5889525304644824,1.017492147206502,0.7441823686742288
23.525,0.5890851874404712,1.0172108299537637,0.7442517162817528
23.55,0.5892177716725633,1.0169293926717438,0.744320981843301
23.575000000000003,0.5893502838042365,1.0166478360002613,0.7443901658604418
23.6,0.5894827244744463,1.0163661605751562,0.7444592688327365
23.625,0.5896150943176591,1.016084367028313,0.7445282912577412
23.65,0.5897473939638849,1.0158024559876857,0.7445972336310094
23.675,0.5898796240387097,1.01552042807732,0.7446660964460943
23.700000000000003,0.5900117851633283,1.0152382839173788,0.7447348801945515
23.725,0.5901438779545756,1.0149560241241646,0.7448035853659414
23.75,0.5902759030249589,1.0146736493101436,0.7448722124478321
23.775,0.5904078609826897,1.014391160083969,0.7449407619258018
23.8,0.5905397524317144,1.014108557050504,0.7450092342834422
23.825000000000003,0.5906715779717459,1.0138258408108445,0.7450776300023608
23.85,0.5908033381982938,1.013543011962343,0.7451459495621843
23.875,0.5909350337026957,1.0132600710986304,0.7452141934405614
23.9,0.5910666650721473,1.0129770188096394,0.7452823621131661
23.925,0.5911982328897324,1.0126938556816265,0.745350456053701
23.950000000000003,0.5913297377344529,1.0124105822971947,0.7454184757339
23.975,0.5914611801812584,1.0121271992353156,0.7454864216235323
24.0,0.5915925608010759,1.0118437070713517,0.7455542941904054
24.025,0.5917238801608387,1.0115601063770785,0.7456220939003688
24.05,0.5918551388235153,1.0112763977207058,0.7456898212173172
24.075000000000003,0.5919863373481385,1.0109925816669,0.7457574766031942
24.1,0.5921174762898341,1.0107086587768062,0.7458250605179965
24.125,0.5922485561998486,1.010424629608068,0.7458925734197763
24.15,0.5923795776255777,1.0101404947148505,0.7459600157646467
24.175,0.5925105411105941,1.009856254647861,0.746027388006784
24.200000000000003,0.5926414471946754,1.0095719099543705,0.7460946905984328
24.225,0.5927722964138311,1.0092874611782334,0.7461619239899089
24.25,0.5929030893003305,1.0090029088599102,0.746229088629604
24.275,0.5930338263827292,1.008718253536487,0.7462961849639896
24.3,0.593164508185896,1.0084334957416963,0.7463632134376207
24.325000000000003,0.5932951352310397,1.0081486360059382,0.7464301744931403
24.35,0.5934257080357358,1.0078636748563,0.7464970685712836
24.375,0.5935562271139521,1.0075786128165765,0.7465638961108819
24.4,0.5936866929760751,1.007293450407291,0.7466306575488674
24.425,0.593817106128936,1.0070081881457145,0.7466973533202768
24.450000000000003,0.5939474670758359,1.0067228265458859,0.7467639838582564
24.475,0.5940777763165714,1.0064373661186317,0.7468305495940661
24.5,0.5942080343474602,1.0061518073715858,0.746897050957084
24.525,0.5943382416613655,1.0058661508092095,0.7469634883748109
24.55,0.5944683987477215,1.0055803969328099,0.7470298622728744
24.575000000000003,0.5945985060925577,1.00529454624056,0.7470961730750344
24.6,0.5947285641785234,1.0050085992275182,0.7471624212031869
24.625,0.5948585734849119,1.0047225563856466,0.7472286070773689
24.65,0.5949885344876851,1.0044364182038303,0.7472947311157634
24.675,0.595118447659497,1.004150185167897,0.7473607937347037
24.700000000000003,0.5952483134697173,1.0038638577606342,0.7474267953486782
24.725,0.5953781323844556,1.0035774364618097,0.7474927363703355
24.75,0.595507904866584,1.0032909217481891,0.7475586172104892
24.775,0.595637631375761,1.0030043140935543,0.7476244382781225
24.8,0.5957673123684541,1.002717613968722,0.7476901999803932
24.825000000000003,0.5958969482979629,1.002430821841562,0.7477559027226388
24.85,0.5960265396144414,1.0021439381770154,0.7478215469083812
24.875,0.596156086764921,1.0018569634371124,0.7478871329393321
24.9,0.5962855901933328,1.00156989808099,0.7479526612153974
24.925,0.5964150503405292,1.0012827425649105,0.7480181321346829
24.950000000000003,0.5965444676443065,1.0009954973422786,0.7480835460934991
24.975,0.5966738425394265,1.0007081628636594,0.7481489034863662
25.0,0.5968031754576383,1.0004207395767954,0.7482142047060193
25.025000000000002,0.5969324668276996,1.0001332279266246,0.7482794501434137
25.05,0.5970617170753982,0.9998456283552971,0.74834464018773
25.075,0.5971909266235732,0.9995579413021927,0.748409775226379
25.1,0.5973200958921359,0.9992701672039376,0.7484748556450076
25.125,0.5974492252980906,0.998982306494422,0.7485398818275035
25.150000000000002,0.5975783152555558,0.9986943596048165,0.7486048541560006
25.175,0.597707366175784,0.9984063269635888,0.7486697730108846
25.2,0.5978363784671826,0.9981182089965209,0.7487346387707975
25.225,0.5979653525353341,0.9978300061267255,0.7487994518126441
25.25,0.5980942887830161,0.9975417187746618,0.7488642125115963
25.275000000000002,0.5982231876102211,0.9972533473581531,0.7489289212410992
25.3,0.5983520494141765,0.996964892292402,0.7489935783728763
25.325,0.5984808745893644,0.9966763539900074,0.7490581842769344
25.35,0.5986096635275404,0.9963877328609801,0.7491227393215698
25.375,0.5987384166177538,0.996099029312759,0.7491872438733734
25.400000000000002,0.5988671342463663,0.9958102437502269,0.749251698297236
25.425,0.5989958167970709,0.9955213765757265,0.7493161029563541
25.45,0.5991244646509114,0.995232428189076,0.749380458212235
25.475,0.5992530781863006,0.9949433989875847,0.7494447644247026
25.5,0.5993816577790392,0.9946542893660687,0.7495090219519032
25.525000000000002,0.5995102038023342,0.9943650997168662,0.7495732311503099
25.55,0.5996387166268176,0.9940758304298527,0.7496373923747297
25.575,0.5997671966205637,0.9937864818924568,0.7497015059783079
25.6,0.5998956441491082,0.9934970544896747,0.7497655723125338
25.625,0.6000240595754658,0.993207548604086,0.749829591727247
25.650000000000002,0.6001524432601474,0.9929179646158679,0.749893564570642
25.675,0.6002807955611787,0.9926283029028107,0.7499574911892748
25.7,0.6004091168341172,0.9923385638403323,0.7500213719280674
25.725,0.6005374074320697,0.9920487478014932,0.7500852071303145
25.75,0.6006656677057096,0.991758855157011,0.7501489971376881
25.775000000000002,0.600793898003294,0.9914688862752747,0.7502127422902443
25.8,0.6009220986706807,0.9911788415223598,0.7502764429264276
25.825,0.6010502700513453,0.990888721262042,0.7503400993830777
25.85,0.6011784124863976,0.9905985258558117,0.7504037119954344
25.875,0.6013065263145986,0.9903082556628885,0.7504672810971438
25.900000000000002,0.6014346118723769,0.9900179110402352,0.7505308070202633
25.925,0.601562669493845,0.9897274923425714,0.7505942900952679
25.95,0.6016906995108154,0.9894369999223882,0.7506577306510556
25.975,0.6018187022528174,0.9891464341299615,0.750721129014953
26.0,0.6019466780471123,0.988855795313366,0.7507844855127213
26.025000000000002,0.6020746272187099,0.9885650838184887,0.7508478004685614
26.05,0.6022025500903839,0.9882742999890431,0.75091107420512
26.075,0.6023304469826881,0.9879834441665822,0.7509743070434957
26.1,0.6024583182139713,0.9876925166905121,0.7510374993032435
26.125,0.6025861641003931,0.9874015178981052,0.7511006513023817
26.150000000000002,0.6027139849559393,0.9871104481245141,0.7511637633573969
26.175,0.6028417810924369,0.9868193077027843,0.7512268357832499
26.2,0.6029695528195693,0.9865280969638673,0.7512898688933813
26.225,0.6030973004448912,0.9862368162366344,0.7513528629997175
26.25,0.6032250242738436,0.9859454658478884,0.7514158184126759
26.275000000000002,0.6033527246097685,0.985654046122378,0.7514787354411712
26.3,0.6034804017539236,0.9853625573828093,0.7515416143926203
26.325,0.6036080560054966,0.9850709999498596,0.7516044555729489
26.35,0.60373568766162,0.9847793741421894,0.7516672592865963
26.375,0.6038632970173852,0.9844876802764555,0.7517300258365218
26.400000000000002,0.6039908843658567,0.9841959186673229,0.7517927555242102
26.425,0.6041184499980864,0.983904089627478,0.7518554486496772
26.45,0.6042459942031275,0.9836121934676405,0.7519181055114753
26.475,0.6043735172680486,0.9833202304965758,0.7519807264066994
26.5,0.6045010194779468,0.9830282010211072,0.7520433116309928
26.525000000000002,0.6046285011159623,0.9827361053461284,0.7521058614785523
26.55,0.6047559624632918,0.9824439437746151,0.7521683762421344
26.575,0.6048834037992014,0.9821517166076372,0.7522308562130605
26.6,0.6050108254010406,0.9818594241443711,0.7522933016812231
26.625,0.6051382275442554,0.9815670666821109,0.7523557129350908
26.650000000000002,0.6052656105024017,0.9812746445162808,0.7524180902617147
26.675,0.605392974547158,0.9809821579404463,0.7524804339467334
26.7,0.6055203199483389,0.9806896072463266,0.7525427442743788
26.725,0.6056476469739075,0.9803969927238053,0.7526050215274822
26.75,0.6057749558899885,0.9801043146609427,0.7526672659874791
26.775000000000002,0.6059022469608812,0.9798115733439868,0.7527294779344156
26.8,0.6060295204490715,0.9795187690573848,0.7527916576469534
26.825,0.6061567766152449,0.9792259020837943,0.7528538054023761
26.85,0.6062840157182988,0.978932972704095,0.7529159214765941
26.875,0.6064112380153549,0.9786399811973991,0.7529780061441506
26.900000000000002,0.6065384437617714,0.9783469278410635,0.7530400596782268
26.925,0.6066656332111551,0.9780538129106995,0.7531020823506483
26.95,0.6067928066153737,0.977760636680185,0.7531640744318898
26.975,0.6069199642245676,0.9774673994216747,0.7532260361910811
27.0,0.607047106287162,0.9771741014056112,0.7532879678960123
27.025000000000002,0.6071742330498783,0.9768807429007358,0.7533498698131399
27.05,0.6073013447577464,0.9765873241740991,0.753411742207592
27.075,0.6074284416541161,0.9762938454910718,0.7534735853431737
27.1,0.6075555239806684,0.976000307115355,0.7535353994823729
27.125,0.6076825919774271,0.9757067093089913,0.7535971848863658
27.150000000000002,0.6078096458827708,0.9754130523323746,0.7536589418150221
27.175,0.6079366859334431,0.9751193364442611,0.7537206705269109
27.2,0.6080637123645648,0.9748255619017789,0.7537823712793058
27.225,0.6081907254096446,0.9745317289604393,0.7538440443281906
27.25,0.60831772530059,0.974237837874146,0.7539056899282648
27.275000000000002,0.6084447122677187,0.9739438888952059,0.7539673083329489
27.3,0.6085716865397692,0.9736498822743389,0.7540288997943898
27.325,0.6086986483439117,0.9733558182606881,0.7540904645634666
27.35,0.608825597905759,0.9730616971018295,0.7541520028897956
27.375,0.6089525354493767,0.9727675190437826,0.7542135150217356
27.400000000000002,0.6090794611972943,0.9724732843310191,0.7542750012063941
27.425,0.6092063753705155,0.9721789932064738,0.7543364616896319
27.45,0.6093332781885284,0.9718846459115539,0.7543978967160686
27.475,0.6094601698693165,0.9715902426861484,0.7544593065290882
27.5,0.609587050629368,0.9712957837686381,0.7545206913708444
27.525000000000002,0.609713920683687,0.9710012693959051,0.7545820514822659
27.55,0.6098407802458029,0.9707066998033423,0.7546433871030616
27.575,0.6099676295277808,0.9704120752248626,0.7547046984717259
27.6,0.6100944687402314,0.9701173958929087,0.7547659858255447
27.625,0.6102212980923211,0.9698226620384619,0.7548272494005993
27.650000000000002,0.6103481177917812,0.969527873891052,0.7548884894317732
27.675,0.6104749280449185,0.9692330316787662,0.7549497061527564
27.7,0.6106017290566246,0.9689381356282579,0.7550108997960507
27.725,0.6107285210303851,0.9686431859647567,0.7550720705929757
27.75,0.61085530416829,0.9683481829120766,0.7551332187736729
27.775000000000002,0.6109820786710427,0.9680531266926252,0.755194344567112
27.8,0.6111088447379692,0.9677580175274132,0.7552554482010952
27.825,0.611235602567028,0.9674628556360626,0.7553165299022633
27.85,0.611362352354819,0.9671676412368159,0.7553775898960997
27.875,0.6114890942965925,0.9668723745465447,0.7554386284069369
27.900000000000002,0.6116158285862591,0.9665770557807587,0.7554996456579605
27.925,0.6117425554163979,0.9662816851536139,0.7555606418712151
27.95,0.6118692749782663,0.9659862628779218,0.7556216172676089
27.975,0.6119959874618083,0.9656907891651576,0.7556825720669192
28.0,0.6121226930556636,0.965395264225469,0.7557435064877975
28.025000000000002,0.6122493919471766,0.9650996882676841,0.7558044207477741
28.05,0.6123760843224051,0.9648040614993206,0.7558653150632635
28.075,0.6125027703661285,0.9645083841265937,0.7559261896495696
28.1,0.6126294502618573,0.9642126563544244,0.7559870447208905
28.125,0.6127561241918409,0.963916878386448,0.7560478804903236
28.150000000000002,0.6128827923370763,0.9636210504250221,0.7561086971698704
28.175,0.613009454877317,0.9633251726712349,0.756169494970442
28.200000000000003,0.6131361119910804,0.9630292453249132,0.7562302741018635
28.225,0.6132627638556573,0.9627332685846307,0.7562910347728795
28.25,0.613389410647119,0.9624372426477159,0.7563517771911585
28.275000000000002,0.6135160525403268,0.9621411677102599,0.7564125015632982
28.3,0.6136426897089386,0.9618450439671247,0.7564732080948303
28.325000000000003,0.6137693223254185,0.9615488716119506,0.7565338969902256
28.35,0.6138959505610434,0.9612526508371644,0.7565945684528984
28.375,0.6140225745859123,0.960956381833987,0.7566552226852121
28.400000000000002,0.614149194568953,0.9606600647924414,0.7567158598884833
28.425,0.614275810677931,0.96036369990136,0.7567764802629872
28.450000000000003,0.6144024230794566,0.9600672873483924,0.7568370840079619
28.475,0.6145290319389927,0.9597708273200134,0.756897671321614
28.5,0.6146556374208628,0.9594743200015298,0.7569582424011227
28.525000000000002,0.6147822396882585,0.9591777655770883,0.7570187974426449
28.55,0.6149088389032469,0.9588811642296833,0.7570793366413195
28.575000000000003,0.6150354352267782,0.9585845161411635,0.7571398601912731
28.6,0.6151620288186933,0.95828782149224,0.7572003682856239
28.625,0.615288619837731,0.9579910804624935,0.7572608611164865
28.650000000000002,0.6154152084415354,0.9576942932303811,0.7573213388749772
28.675,0.6155417947866635,0.9573974599732441,0.757381801751218
28.700000000000003,0.615668379028592,0.9571005808673149,0.7574422499343416
28.725,0.6157949613217245,0.9568036560877241,0.7575026836124961
28.75,0.6159215418193993,0.956506685808508,0.7575631029728495
28.775000000000002,0.6160481206738957,0.9562096702026152,0.7576235082015943
28.8,0.6161746980364414,0.9559126094419138,0.7576838994839524
28.825000000000003,0.6163012740572197,0.9556155036971985,0.7577442770041793
28.85,0.6164278488853758,0.9553183531381974,0.757804640945569
28.875,0.6165544226690245,0.9550211579335787,0.7578649914904583
28.900000000000002,0.6166809955552564,0.954723918250958,0.7579253288202314
28.925,0.6168075676901449,0.954426634256905,0.757985653115325
28.950000000000003,0.6169341392187531,0.9541293061169498,0.7580459645552317
28.975,0.6170607102851403,0.9538319339955902,0.7581062633185054
29.0,0.617187281032369,0.9535345180562982,0.7581665495827656
29.025000000000002,0.6173138516025107,0.9532370584615264,0.7582268235247018
29.05,0.6174404221366534,0.952939555372715,0.7582870853200777
29.075000000000003,0.6175669927749073,0.9526420089502983,0.7583473351437359
29.1,0.6176935636564121,0.9523444193537107,0.7584075731696024
29.125,0.6178201349193426,0.9520467867413941,0.7584677995706909
29.150000000000002,0.6179467067009156,0.9517491112708035,0.758528014519107
29.175,0.6180732791373957,0.951451393098414,0.7585882181860529
29.200000000000003,0.6181998523641025,0.9511536323797266,0.7586484107418315
29.225,0.6183264265154157,0.9508558292692751,0.758708592355851
29.25,0.6184530017247821,0.9505579839206324,0.7587687631966288
29.275000000000002,0.6185795781247214,0.950260096486416,0.7588289234317962
29.3,0.6187061558468325,0.949962167118295,0.7588890732281026
29.325000000000003,0.6188327350217993,0.949664195966996,0.7589492127514198
29.35,0.6189593157793968,0.9493661831823094,0.759009342166746
29.375,0.6190858982484972,0.949068128913095,0.7590694616382102
29.400000000000002,0.619212482557076,0.9487700333072887,0.7591295713290768
29.425,0.619339068832217,0.9484718965119082,0.7591896714017491
29.450000000000003,0.6194656572001193,0.9481737186730591,0.759249762017774
29.475,0.6195922477861023,0.9478754999359407,0.7593098433378461
29.5,0.6197188407146119,0.9475772404448521,0.7593699155218118
29.525000000000002,0.619845436109226,0.9472789403431982,0.7594299787286731
29.55,0.6199720340926602,0.9469805997734949,0.7594900331165927
29.575000000000003,0.6200986347867733,0.9466822188773758,0.759550078842897
29.6,0.6202252383125734,0.9463837977955976,0.7596101160640809
29.625,0.6203518447902228,0.9460853366680455,0.7596701449358115
29.650000000000002,0.6204784543390439,0.9457868356337394,0.7597301656129326
29.675,0.6206050670775248,0.9454882948308396,0.7597901782494683
29.700000000000003,0.6207316831233245,0.9451897143966519,0.7598501829986272
29.725,0.6208583025932781,0.9448910944676338,0.7599101800128064
29.75,0.6209849256034028,0.9445924351793995,0.7599701694435957
29.775000000000002,0.6211115522689026,0.9442937366667262,0.7600301514417814
29.8,0.6212381827041737,0.943994999063559,0.7600901261573502
29.825000000000003,0.6213648170228103,0.9436962225030163,0.760150093739493
29.85,0.6214914553376091,0.9433974071173958,0.7602100543366096
29.875,0.6216180977605748,0.9430985530381796,0.7602700080963117
29.900000000000002,0.621744744402925,0.9427996603960392,0.7603299551654275
29.925,0.6218713953750961,0.9425007293208417,0.7603898956900048
29.950000000000003,0.6219980507867471,0.9422017599416542,0.7604498298153161
29.975,0.6221247107467657,0.9419027523867497,0.7605097576858609
30.0,0.6222513753632728,0.941603706783612,0.7605696794453711
30.025000000000002,0.6223780447436276,0.9413046232589413,0.7606295952368136
30.05,0.6225047189944324,0.9410055019386587,0.7606895052023948
30.075000000000003,0.6226313982215376,0.9407063429479123,0.7607494094835641
30.1,0.6227580825300465,0.9404071464110815,0.7608093082210178
30.125,0.6228847720243202,0.9401079124517823,0.760869201554703
30.150000000000002,0.6230114668079824,0.9398086411928726,0.7609290896238208
30.175,0.6231381669839237,0.9395093327564569,0.7609889725668308
30.200000000000003,0.6232648726543071,0.9392099872638917,0.7610488505214543
30.225,0.6233915839205721,0.9389106048357901,0.761108723624678
30.25,0.6235183008834398,0.9386111855920269,0.7611685920127578
30.275000000000002,0.623645023642917,0.9383117296517435,0.7612284558212227
30.3,0.6237717522983008,0.9380122371333525,0.761288315184878
30.325000000000003,0.623898486948184,0.937712708154543,0.7613481702378094
30.35,0.6240252276904584,0.9374131428322853,0.7614080211133861
30.375,0.6241519746223205,0.9371135412828353,0.7614678679442649
30.400000000000002,0.6242787278402749,0.9368139036217398,0.7615277108623935
30.425,0.6244054874401395,0.9365142299638408,0.7615875499990141
30.450000000000003,0.6245322535170492,0.9362145204232806,0.7616473854846673
30.475,0.6246590261654611,0.935914775113506,0.7617072174491949
30.5,0.6247858054791582,0.9356149941472733,0.7617670460217442
30.525000000000002,0.6249125915512537,0.935315177636653,0.7618268713307711
30.55,0.6250393844741957,0.9350153256930338,0.7618866935040438
30.575000000000003,0.6251661843397712,0.9347154384271279,0.7619465126686461
30.6,0.6252929912391103,0.9344155159489751,0.762006328950981
30.625,0.6254198052626903,0.9341155583679472,0.762066142476774
30.650000000000002,0.6255466265003399,0.933815565792753,0.7621259533710766
30.675,0.6256734550412436,0.9335155383314422,0.7621857617582699
30.700000000000003,0.6258002909739454,0.93321547609141,0.762245567762068
30.725,0.6259271343863532,0.9329153791794017,0.7623053715055208
30.75,0.6260539853657425,0.9326152477015169,0.7623651731110184
30.775000000000002,0.6261808439987607,0.9323150817632138,0.7624249727002933
30.8,0.626307710371431,0.9320148814693134,0.7624847703944249
30.825000000000003,0.6264345845691561,0.9317146469240044,0.7625445663138418
30.85,0.6265614666767226,0.9314143782308465,0.7626043605783259
30.875,0.6266883567783047,0.9311140754927756,0.7626641533070154
30.900000000000002,0.6268152549574677,0.9308137388121073,0.7627239446184079
30.925,0.6269421612971724,0.9305133682905414,0.7627837346303638
30.950000000000003,0.6270690758797786,0.9302129640291662,0.7628435234601098
30.975,0.627195998787049,0.9299125261284623,0.7629033112242418
31.0,0.6273229301001529,0.929612054688307,0.7629630980387285
31.025000000000002,0.6274498698996701,0.929311549807978,0.7630228840189143
31.05,0.6275768182655942,0.9290110115861581,0.7630826692795223
31.075000000000003,0.6277037752773368,0.9287104401209385,0.7631424539346581
31.1,0.6278307410137309,0.9284098355098235,0.7632022380978125
31.125,0.6279577155530345,0.9281091978497338,0.763262021881865
31.150000000000002,0.6280846989729342,0.9278085272370111,0.7633218053990863
31.175,0.6282116913505489,0.9275078237674218,0.7633815887611425
31.200000000000003,0.6283386927624334,0.9272070875361607,0.7634413720790969
31.225,0.6284657032845817,0.9269063186378551,0.7635011554634142
31.25,0.6285927229924309,0.9266055171665688,0.763560939023963
31.275000000000002,0.6287197519608638,0.9263046832158056,0.7636207228700191
31.3,0.6288467902642138,0.9260038168785134,0.7636805071102685
31.325000000000003,0.6289738379762668,0.925702918247088,0.7637402918528101
31.35,0.6291008951702659,0.9254019874133764,0.7638000772051595
31.375,0.6292279619189138,0.9251010244686816,0.7638598632742513
31.400000000000002,0.6293550382943769,0.924800029503765,0.7639196501664424
31.425,0.629482124368288,0.9244990026088513,0.7639794379875149
31.450000000000003,0.6296092202117501,0.9241979438736313,0.7640392268426791
31.475,0.6297363258953397,0.923896853387266,0.7640990168365767
31.5,0.6298634414891096,0.9235957312383903,0.7641588080732831
31.525000000000002,0.6299905670625924,0.9232945775151166,0.764218600656311
31.55,0.630117702684804,0.9229933923050377,0.764278394688613
31.575000000000003,0.6302448484242467,0.9226921756952318,0.7643381902725846
31.6,0.6303720043489118,0.9223909277722644,0.7643979875100669
31.625,0.6304991705262836,0.9220896486221931,0.7644577865023497
31.650000000000002,0.6306263470233419,0.9217883383305706,0.7645175873501743
31.675,0.6307535339065653,0.9214869969824482,0.764577390153736
31.700000000000003,0.6308807312419347,0.9211856246623793,0.7646371950126878
31.725,0.6310079390949357,0.9208842214544228,0.7646970020261422
31.75,0.631135157530562,0.9205827874421467,0.7647568112926747
31.775000000000002,0.6312623866133186,0.9202813227086313,0.7648166229103263
31.8,0.6313896264072243,0.9199798273364727,0.7648764369766062
31.825000000000003,0.6315168769758152,0.9196783014077861,0.764936253588495
31.85,0.6316441383821473,0.9193767450042091,0.764996072842447
31.875,0.6317714106887996,0.9190751582069053,0.765055894834393
31.900000000000002,0.6318986939578772,0.9187735410965675,0.7651157196597431
31.925,0.6320259882510139,0.9184718937534204,0.7651755474133898
31.950000000000003,0.632153293629375,0.9181702162572248,0.7652353781897099
31.975,0.6322806101536608,0.9178685086872803,0.7652952120825678
32.0,0.6324079378841085,0.9175667711224285,0.7653550491853179
32.025000000000006,0.6325352768804959,0.9172650036410563,0.7654148895908076
32.05,0.6326626272021437,0.9169632063210994,0.7654747333913795
32.075,0.6327899889079184,0.9166613792400448,0.7655345806788743
32.1,0.632917362056235,0.9163595224749345,0.7655944315446331
32.125,0.63304474670506,0.9160576361023685,0.7656542860795007
32.150000000000006,0.6331721429119138,0.9157557201985077,0.7657141443738275
32.175,0.6332995507338737,0.9154537748390774,0.7657740065174723
32.2,0.6334269702275762,0.9151518000993699,0.7658338725998051
32.225,0.6335544014492203,0.9148497960542478,0.7658937427097092
32.25,0.6336818444545692,0.914547762778147,0.7659536169355843
32.275000000000006,0.6338092992989541,0.9142457003450798,0.7660134953653486
32.3,0.6339367660372759,0.9139436088286377,0.7660733780864414
32.325,0.634064244724008,0.9136414883019947,0.7661332651858258
32.35,0.6341917354131992,0.9133393388379097,0.7661931567499911
32.375,0.6343192381584759,0.9130371605087303,0.7662530528649553
32.400000000000006,0.6344467530130449,0.9127349533863947,0.7663129536162672
32.425,0.6345742800296957,0.9124327175424355,0.7663728590890094
32.45,0.6347018192608033,0.912130453047982,0.7664327693678007
32.475,0.6348293707583302,0.9118281599737635,0.766492684536798
32.5,0.6349569345738296,0.9115258383901119,0.7665526046796993
32.525000000000006,0.635084510758447,0.9112234883669644,0.766612529879746
32.55,0.6352120993629232,0.9109211099738668,0.766672460219725
32.575,0.6353397004375969,0.9106187032799756,0.7667323957819713
32.6,0.6354673140324064,0.9103162683540618,0.7667923366483703
32.625,0.6355949401968926,0.9100138052645125,0.7668522829003604
32.650000000000006,0.635722578980201,0.9097113140793345,0.7669122346189352
32.675,0.6358502304310844,0.9094087948661567,0.7669721918846455
32.7,0.6359778945979049,0.9091062476922329,0.767032154777602
32.725,0.6361055715286364,0.9088036726244446,0.7670921233774778
32.75,0.6362332612708671,0.9085010697293033,0.7671520977635102
32.775000000000006,0.6363609638718012,0.9081984390729537,0.7672120780145035
32.8,0.6364886793782617,0.907895780721176,0.7672720642088307
32.825,0.6366164078366926,0.9075930947393887,0.7673320564244361
32.85,0.6367441492931609,0.9072903811926508,0.767392054738838
32.875,0.6368719037933591,0.9069876401456652,0.7674520592291298
32.900000000000006,0.6369996713826072,0.9066848716627809,0.7675120699719836
32.925,0.637127452105855,0.9063820758079951,0.7675720870436512
32.95,0.6372552460076841,0.9060792526449566,0.7676321105199672
32.975,0.6373830531323106,0.9057764022369676,0.7676921404763506
33.0,0.6375108735235866,0.9054735246469869,0.7677521769878075
33.025000000000006,0.6376387072250026,0.9051706199376318,0.7678122201289329
33.05,0.6377665542796898,0.9048676881711811,0.767872269973913
33.075,0.6378944147304219,0.9045647294095772,0.7679323265965273
33.1,0.6380222886196173,0.9042617437144288,0.7679923900701509
33.125,0.6381501759893414,0.9039587311470133,0.7680524604677563
33.150000000000006,0.6382780768813084,0.9036556917682792,0.7681125378619161
33.175,0.6384059913368834,0.9033526256388487,0.7681726223248044
33.2,0.6385339193970844,0.9030495328190196,0.7682327139281995
33.225,0.6386618611025844,0.9027464133687684,0.7682928127434856
33.25,0.6387898164937135,0.9024432673477522,0.768352918841655
33.275000000000006,0.6389177856104606,0.9021400948153111,0.7684130322933105
33.3,0.6390457684924759,0.9018368958304709,0.7684731531686667
33.325,0.639173765179072,0.9015336704519449,0.7685332815375528
33.35,0.6393017757092269,0.9012304187381368,0.7685934174694143
33.375,0.639429800121585,0.9009271407471425,0.7686535610333151
33.400000000000006,0.6395578384544598,0.9006238365367528,0.7687137122979392
33.425,0.6396858907458352,0.9003205061644554,0.7687738713315933
33.45,0.6398139570333676,0.9000171496874372,0.7688340382022083
33.475,0.6399420373543881,0.8997137671625868,0.7688942129773416
33.5,0.6400701317459041,0.8994103586464964,0.7689543957241788
33.525000000000006,0.6401982402446008,0.8991069241954643,0.7690145865095358
33.55,0.6403263628868437,0.898803463865497,0.7690747853998608
33.575,0.6404544997086802,0.8984999777123115,0.7691349924612363
33.6,0.6405826507458412,0.898196465791337,0.7691952077593807
33.625,0.6407108160337431,0.897892928157718,0.7692554313596506
33.650000000000006,0.6408389956074898,0.8975893648663157,0.7693156633270425
33.675,0.6409671895018739,0.8972857759717102,0.7693759037261948
33.7,0.6410953977513791,0.8969821615282031,0.7694361526213896
33.725,0.6412236203901815,0.8966785215898192,0.7694964100765549
33.75,0.6413518574521517,0.8963748562103088,0.7695566761552658
33.775000000000006,0.6414801089708564,0.8960711654431496,0.7696169509207469
33.8,0.6416083749795598,0.8957674493415492,0.7696772344358742
33.825,0.6417366555112259,0.8954637079584467,0.7697375267631767
33.85,0.6418649505985198,0.8951599413465149,0.7697978279648383
33.875,0.6419932602738094,0.8948561495581626,0.7698581381026994
33.900000000000006,0.6421215845691673,0.8945523326455364,0.7699184572382594
33.925,0.6422499235163724,0.8942484906605226,0.7699787854326775
33.95,0.6423782771469113,0.8939446236547496,0.7700391227467756
33.975,0.6425066454919801,0.8936407316795895,0.770099469241039
34.0,0.6426350285824862,0.8933368147861603,0.7701598249756192
34.025000000000006,0.6427634264490498,0.8930328730253281,0.7702201900103348
34.05,0.6428918391220053,0.8927289064477083,0.7702805644046739
34.075,0.6430202666314033,0.8924249151036684,0.7703409482177952
34.1,0.6431487090070117,0.8921208990433295,0.7704013415085306
34.125,0.6432771662783178,0.8918168583165682,0.7704617443353861
34.150000000000006,0.6434056384745294,0.8915127929730189,0.7705221567565439
34.175,0.6435341256245766,0.8912087030620752,0.7705825788298643
34.2,0.6436626277571134,0.8909045886328921,0.7706430106128868
34.225,0.643791144900519,0.8906004497343878,0.7707034521628324
34.25,0.6439196770828995,0.8902962864152455,0.7707639035366053
34.275000000000006,0.6440482243320895,0.8899920987239155,0.7708243647907937
34.3,0.6441767866756533,0.8896878867086169,0.7708848359816728
34.325,0.6443053641408863,0.8893836504173391,0.7709453171652052
34.35,0.6444339567548173,0.8890793898978444,0.7710058083970434
34.375,0.6445625645442089,0.888775105197669,0.7710663097325309
34.400000000000006,0.6446911875355598,0.8884707963641253,0.7711268212267043
34.425,0.6448198257551057,0.8881664634443035,0.7711873429342946
34.45,0.6449484792288209,0.8878621064850736,0.7712478749097289
34.475,0.64507714798242,0.8875577255330869,0.771308417207132
34.5,0.645205832041359,0.8872533206347778,0.7713689698803279
34.525000000000006,0.6453345314308366,0.8869488918363657,0.7714295329828418
34.55,0.6454632461757961,0.8866444391838568,0.771490106567901
34.575,0.6455919763009264,0.8863399627230455,0.771550690688437
34.6,0.6457207218306632,0.8860354624995164,0.7716112853970869
34.625,0.6458494827891912,0.8857309385586458,0.7716718907461949
34.650000000000006,0.6459782592004444,0.8854263909456038,0.771732506787814
34.675,0.6461070510881081,0.8851218197053554,0.7717931335737073
34.7,0.6462358584756202,0.8848172248826627,0.7718537711553496
34.725,0.6463646813861723,0.8845126065220862,0.7719144195839293
34.75,0.6464935198427114,0.8842079646679868,0.7719750789103491
34.775000000000006,0.6466223738679407,0.883903299364527,0.7720357491852284
34.8,0.6467512434843213,0.8835986106556732,0.7720964304589043
34.825,0.6468801287140734,0.8832938985851966,0.772157122781433
34.85,0.6470090295791774,0.8829891631966751,0.7722178262025915
34.875,0.6471379461013755,0.8826844045334952,0.7722785407718791
34.900000000000006,0.6472668783021729,0.8823796226388533,0.7723392665385187
34.925,0.6473958262028388,0.8820748175557572,0.7724000035514585
34.95,0.6475247898244078,0.8817699893270281,0.7724607518593731
34.975,0.6476537691876812,0.8814651379953017,0.7725215115106652
35.0,0.6477827643132285,0.8811602636030299,0.7725822825534667
35.025000000000006,0.6479117752213879,0.8808553661924827,0.7726430650356408
35.05,0.6480408019322682,0.8805504458057493,0.7727038590047828
35.075,0.6481698444657498,0.8802455024847395,0.7727646645082215
35.1,0.6482989028414857,0.8799405362711862,0.772825481593021
35.125,0.648427977078903,0.8796355472066456,0.7728863103059819
35.150000000000006,0.6485570671972039,0.8793305353324997,0.7729471506936425
35.175,0.6486861732153668,0.8790255006899573,0.7730080028022805
35.2,0.6488152951521479,0.8787204433200557,0.7730688666779142
35.225,0.6489444330260816,0.8784153632636621,0.7731297423663037
35.25,0.6490735868554827,0.878110260561475,0.7731906299129526
35.275000000000006,0.6492027566584464,0.8778051352540258,0.7732515293631091
35.3,0.6493319424528502,0.8774999873816802,0.7733124407617675
35.325,0.6494611442563549,0.8771948169846397,0.7733733641536693
35.35,0.6495903620864056,0.876889624102943,0.7734342995833047
35.375,0.6497195959602329,0.8765844087764673,0.7734952470949138
35.400000000000006,0.6498488458948537,0.8762791710449298,0.7735562067324883
35.425,0.6499781119070729,0.8759739109478893,0.7736171785397722
35.45,0.6501073940134838,0.8756686285247474,0.7736781625602634
35.475,0.65023669223047,0.8753633238147498,0.7737391588372152
35.5,0.6503660065742055,0.875057996856988,0.7738001674136371
35.525000000000006,0.6504953370606567,0.8747526476904004,0.7738611883322964
35.55,0.6506246837055827,0.8744472763537738,0.7739222216357196
35.575,0.6507540465245369,0.8741418828857448,0.773983267366193
35.6,0.6508834255328678,0.8738364673248009,0.774044325565765
35.625,0.6510128207457201,0.8735310297092823,0.7741053962762461
35.650000000000006,0.6511422321780356,0.8732255700773829,0.7741664795392112
35.675,0.6512716598445545,0.8729200884671514,0.7742275753960005
35.7,0.6514011037598161,0.8726145849164934,0.7742886838877203
35.725,0.65153056393816,0.8723090594631718,0.7743498050552449
35.75,0.6516600403937273,0.8720035121448089,0.7744109389392171
35.775000000000006,0.651789533140461,0.871697942998887,0.7744720855800501
35.8,0.6519190421921075,0.8713923520627505,0.7745332450179282
35.825,0.6520485675622175,0.8710867393736061,0.7745944172928082
35.85,0.6521781092641469,0.8707811049685253,0.7746556024444206
35.875,0.6523076673110577,0.8704754488844447,0.7747168005122705
35.900000000000006,0.6524372417159192,0.8701697711581677,0.7747780115356394
35.925,0.6525668324915087,0.8698640718263657,0.7748392355535857
35.95,0.6526964396504126,0.8695583509255793,0.774900472604946
35.975,0.6528260632050271,0.8692526084922195,0.7749617227283365
36.0,0.6529557031675597,0.8689468445625692,0.7750229859621541
36.025000000000006,0.6530853595500294,0.8686410591727839,0.7750842623445774
36.05,0.6532150323642683,0.8683352523588935,0.7751455519135677
36.075,0.6533447216219219,0.8680294241568031,0.7752068547068705
36.1,0.6534744273344506,0.8677235746022943,0.7752681707620163
36.125,0.6536041495131302,0.8674177037310267,0.7753295001163218
36.150000000000006,0.6537338881690529,0.8671118115785383,0.7753908428068914
36.175,0.6538636433131281,0.8668058981802479,0.7754521988706174
36.2,0.6539934149560837,0.866499963571455,0.7755135683441821
36.225,0.6541232031084664,0.8661940077873418,0.7755749512640581
36.25,0.654253007780643,0.8658880308629741,0.7756363476665097
36.275000000000006,0.6543828289828011,0.8655820328333023,0.7756977575875943
36.3,0.6545126667249499,0.8652760137331629,0.7757591810631628
36.325,0.6546425210169212,0.8649699735972795,0.7758206181288612
36.35,0.6547723918683702,0.8646639124602635,0.7758820688201313
36.375,0.6549022792887763,0.8643578303566162,0.7759435331722122
36.400000000000006,0.655032183287444,0.8640517273207287,0.7760050112201408
36.425,0.6551621038735036,0.863745603386884,0.776066502998753
36.45,0.6552920410559123,0.8634394585892577,0.7761280085426852
36.475,0.6554219948434548,0.8631332929619192,0.7761895278863746
36.5,0.6555519652447439,0.8628271065388325,0.7762510610640609
36.525000000000006,0.655681952268222,0.8625208993538578,0.7763126081097868
36.55,0.6558119559221612,0.8622146714407521,0.7763741690573991
36.575,0.6559419762146645,0.8619084228331707,0.77643574394055
36.6,0.6560720131536665,0.8616021535646678,0.776497332792698
36.625,0.6562020667469339,0.8612958636686981,0.7765589356471084
36.650000000000006,0.6563321370020668,0.8609895531786173,0.7766205525368551
36.675,0.6564622239264992,0.8606832221276834,0.7766821834948209
36.7,0.6565923275274996,0.8603768705490582,0.7767438285536988
36.725,0.6567224478121721,0.8600704984758073,0.776805487745993
36.75,0.656852584787457,0.8597641059409021,0.7768671611040197
36.775000000000006,0.6569827384601316,0.8594576929772205,0.776928848659908
36.8,0.6571129088368107,0.8591512596175477,0.7769905504456012
36.825,0.6572430959239478,0.8588448058945773,0.7770522664928575
36.85,0.6573732997278355,0.8585383318409128,0.7771139968332509
36.875,0.6575035202546065,0.8582318374890677,0.7771757414981721
36.900000000000006,0.6576337575102338,0.8579253228714674,0.7772375005188299
36.925,0.6577640115005322,0.8576187880204494,0.7772992739262514
36.95,0.6578942822311583,0.8573122329682651,0.7773610617512834
36.975,0.6580245697076117,0.8570056577470799,0.7774228640245933
37.0,0.6581548739352354,0.8566990623889751,0.7774846807766698
37.025000000000006,0.6582851949192169,0.8563924469259478,0.7775465120378239
37.05,0.6584155326645882,0.8560858113899131,0.7776083578381899
37.075,0.6585458871762273,0.8557791558127039,0.7776702182077262
37.1,0.6586762584588584,0.8554724802260726,0.7777320931762162
37.125,0.6588066465170526,0.8551657846616916,0.777793982773269
37.150000000000006,0.6589370513552288,0.8548590691511546,0.7778558870283209
37.175,0.6590674729776543,0.8545523337259775,0.7779178059706353
37.2,0.6591979113884453,0.8542455784175988,0.7779797396293044
37.225,0.6593283665915678,0.8539388032573813,0.7780416880332498
37.25,0.6594588385908381,0.8536320082766123,0.7781036512112232
37.275000000000006,0.6595893273899235,0.8533251935065053,0.7781656291918073
37.3,0.659719832992343,0.8530183589781999,0.778227622003417
37.325,0.6598503554014681,0.8527115047227637,0.7782896296742997
37.35,0.6599808946205228,0.8524046307711926,0.7783516522325367
37.375,0.6601114506525851,0.8520977371544116,0.7784136897060433
37.400000000000006,0.6602420235005871,0.8517908239032765,0.7784757421225705
37.425,0.6603726131673158,0.8514838910485738,0.7785378095097052
37.45,0.6605032196554135,0.851176938621022,0.7785998918948712
37.475,0.6606338429673787,0.8508699666512725,0.77866198930533
37.5,0.6607644831055668,0.8505629751699104,0.7787241017681819
37.525000000000006,0.6608951400721904,0.8502559642074556,0.7787862293103661
37.55,0.66102581386932,0.8499489337943633,0.7788483719586623
37.575,0.6611565044988847,0.8496418839610248,0.778910529739691
37.6,0.6612872119626728,0.8493348147377687,0.7789727026799144
37.625,0.6614179362623321,0.8490277261548617,0.7790348908056373
37.650000000000006,0.6615486773993711,0.848720618242509,0.7790970941430077
37.675,0.6616794353751589,0.8484134910308558,0.7791593127180177
37.7,0.6618102101909263,0.8481063445499876,0.7792215465565044
37.725,0.6619410018477662,0.847799178829931,0.7792837956841503
37.75,0.6620718103466339,0.8474919939006551,0.7793460601264842
37.775000000000006,0.6622026356883481,0.8471847897920716,0.7794083399088824
37.8,0.6623334778735915,0.846877566534036,0.7794706350565686
37.825,0.6624643369029108,0.8465703241563485,0.7795329455946155
37.85,0.6625952127767178,0.8462630626887544,0.7795952715479452
37.875,0.6627261054952898,0.8459557821609451,0.7796576129413296
37.900000000000006,0.6628570150587699,0.8456484826025593,0.7797199697993918
37.925,0.6629879414671682,0.8453411640431829,0.7797823421466064
37.95,0.6631188847203615,0.8450338265123506,0.7798447300072999
37.975,0.6632498448180943,0.8447264700395462,0.7799071334056525
38.0,0.6633808217599796,0.8444190946542034,0.7799695523656979
38.025000000000006,0.6635118155454988,0.844111700385707,0.780031986911324
38.05,0.6636428261740026,0.8438042872633933,0.7800944370662743
38.075,0.6637738536447116,0.8434968553165506,0.7801569028541481
38.1,0.6639048979567168,0.8431894045744206,0.780219384298401
38.125,0.6640359591089796,0.8428819350661986,0.7802818814223462
38.150000000000006,0.6641670371003331,0.8425744468210344,0.7803443942491548
38.175,0.6642981319294822,0.8422669398680335,0.7804069228018565
38.2,0.6644292435950039,0.8419594142362569,0.7804694671033405
38.225,0.6645603720953482,0.8416518699547226,0.780532027176356
38.25,0.6646915174288386,0.8413443070524063,0.7805946030435126
38.275000000000006,0.6648226795936721,0.8410367255582414,0.7806571947272818
38.3,0.6649538585879204,0.8407291255011207,0.7807198022499969
38.325,0.6650850544095298,0.8404215069098965,0.780782425633854
38.35,0.6652162670563219,0.8401138698133813,0.7808450649009127
38.375,0.6653474965259941,0.839806214240349,0.7809077200730962
38.400000000000006,0.6654787428161203,0.839498540219535,0.7809703911721928
38.425,0.6656100059241508,0.8391908477796372,0.7810330782198561
38.45,0.6657412858474133,0.8388831369493167,0.7810957812376057
38.475,0.6658725825831132,0.8385754077571985,0.7811585002468278
38.5,0.6660038961283341,0.8382676602318722,0.7812212352687756
38.525000000000006,0.666135226480038,0.8379598944018922,0.7812839863245707
38.55,0.6662665736350661,0.8376521102957795,0.781346753435203
38.575,0.6663979375901392,0.8373443079420211,0.7814095366215315
38.6,0.666529318341858,0.8370364873690715,0.781472335904285
38.625,0.6666607158867036,0.8367286486053531,0.7815351513040629
38.650000000000006,0.666792130221038,0.8364207916792569,0.7815979828413355
38.675,0.6669235613411045,0.836112916619143,0.7816608305364446
38.7,0.6670550092430284,0.8358050234533416,0.7817236944096044
38.725,0.6671864739228167,0.8354971122101533,0.781786574480902
38.75,0.6673179553763595,0.83518918291785,0.7818494707702978
38.775000000000006,0.6674494535994296,0.8348812356046755,0.7819123832976261
38.8,0.6675809685876837,0.8345732702988459,0.7819753120825963
38.825,0.667712500336662,0.8342652870285505,0.7820382571447927
38.85,0.6678440488417892,0.8339572858219525,0.7821012185036754
38.875,0.6679756140983747,0.8336492667071893,0.782164196178581
38.900000000000006,0.6681071961016132,0.8333412297123735,0.782227190188723
38.925,0.6682387948465848,0.8330331748655931,0.7822902005531924
38.95,0.6683704103282557,0.8327251021949127,0.7823532272909586
38.975,0.6685020425414785,0.8324170117283735,0.7824162704208693
39.0,0.6686336914809925,0.8321089034939942,0.7824793299616517
39.025000000000006,0.6687653571414244,0.8318007775197719,0.7825424059319128
39.05,0.6688970395172882,0.831492633833682,0.7826054983501399
39.075,0.6690287386029862,0.8311844724636795,0.7826686072347013
39.1,0.6691604543928088,0.8308762934376994,0.7827317326038467
39.125,0.6692921868809354,0.8305680967836568,0.7827948744757077
39.150000000000006,0.6694239360614344,0.8302598825294484,0.7828580328682989
39.175,0.6695557019282637,0.8299516507029521,0.7829212077995176
39.2,0.6696874844752716,0.8296434013320284,0.7829843992871448
39.225,0.669819283696196,0.8293351344445207,0.7830476073488459
39.25,0.669951099584666,0.8290268500682556,0.7831108320021709
39.275000000000006,0.6700829321342016,0.828718548231044,0.783174073264555
39.3,0.670214781338214,0.8284102289606811,0.7832373311533192
39.325,0.6703466471900066,0.8281018922849473,0.7833006056856707
39.35,0.6704785296827747,0.8277935382316092,0.7833638968787038
39.375,0.6706104288096062,0.8274851668284189,0.7834272047493998
39.400000000000006,0.6707423445634818,0.827176778103116,0.7834905293146278
39.425,0.6708742769372755,0.8268683720834271,0.7835538705911457
39.45,0.671006225923755,0.8265599487970672,0.7836172285955998
39.475,0.6711381915155817,0.8262515082717393,0.7836806033445259
39.5,0.6712701737053115,0.8259430505351358,0.7837439948543498
39.525000000000006,0.6714021724853948,0.8256345756149387,0.7838074031413873
39.55,0.6715341878481772,0.82532608353882,0.7838708282218454
39.575,0.6716662197858994,0.8250175743344424,0.7839342701118222
39.6,0.6717982682906978,0.82470904802946,0.7839977288273077
39.625,0.671930333354605,0.8244005046515185,0.7840612043841843
39.650000000000006,0.6720624149695498,0.8240919442282558,0.7841246967982269
39.675,0.6721945131273577,0.8237833667873029,0.7841882060851041
39.7,0.6723266278197512,0.823474772356284,0.7842517322603778
39.725,0.6724587590383501,0.8231661609628169,0.7843152753395044
39.75,0.6725909067746718,0.8228575326345142,0.7843788353378348
39.775000000000006,0.672723071020132,0.8225488873989832,0.7844424122706152
39.8,0.6728552517660443,0.8222402252838266,0.7845060061529873
39.825,0.6729874490036213,0.8219315463166429,0.7845696169999888
39.85,0.6731196627239743,0.8216228505250273,0.7846332448265542
39.875,0.6732518929181138,0.8213141379365716,0.7846968896475147
39.900000000000006,0.6733841395769501,0.8210054085788653,0.7847605514775992
39.925,0.6735164026912932,0.8206966624794957,0.7848242303314341
39.95,0.6736486822518534,0.8203878996660484,0.7848879262235446
39.975,0.6737809782492413,0.8200791201661082,0.7849516391683543
40.0,0.6739132906739685,0.8197703240072591,0.7850153691801862
40.025000000000006,0.6740456195164477,0.8194615112170851,0.785079116273263
40.05,0.6741779647669928,0.8191526818231704,0.7851428804617072
40.075,0.6743103264158194,0.8188438358531002,0.7852066617595421
40.1,0.6744427044530454,0.8185349733344609,0.785270460180692
40.125,0.6745750988686907,0.8182260942948409,0.7853342757389823
40.150000000000006,0.6747075096526778,0.817917198761831,0.7853981084481404
40.175,0.674839936794832,0.8176082867630243,0.7854619583217959
40.2,0.6749723802848818,0.8172993583260175,0.7855258253734809
40.225,0.6751048401124593,0.8169904134784108,0.7855897096166308
40.25,0.6752373162671,0.8166814522478087,0.7856536110645842
40.275000000000006,0.6753698087382436,0.8163724746618203,0.785717529730584
40.3,0.6755023175152339,0.8160634807480596,0.7857814656277768
40.325,0.6756348425873194,0.8157544705341463,0.7858454187692145
40.35,0.6757673839436534,0.8154454440477061,0.7859093891678538
40.375,0.6758999415732941,0.8151364013163712,0.7859733768365568
40.400000000000006,0.6760325154652053,0.8148273423677805,0.7860373817880917
40.425,0.6761651056082562,0.8145182672295803,0.786101404035133
40.45,0.676297711991222,0.8142091759294247,0.7861654435902616
40.475,0.6764303346027842,0.8139000684949759,0.786229500465966
40.5,0.6765629734315305,0.813590944953905,0.7862935746746417
40.525000000000006,0.6766956284659552,0.8132818053338922,0.7863576662285923
40.55,0.6768282996944598,0.8129726496626267,0.7864217751400295
40.575,0.6769609871053528,0.8126634779678084,0.7864859014210739
40.6,0.6770936906868502,0.812354290277147,0.7865500450837547
40.625,0.6772264104270758,0.8120450866183635,0.7866142061400107
40.650000000000006,0.677359146314061,0.8117358670191898,0.7866783846016904
40.675,0.6774918983357459,0.8114266315073695,0.7867425804805525
40.7,0.6776246664799787,0.8111173801106584,0.7868067937882661
40.725,0.6777574507345163,0.8108081128568246,0.7868710245364112
40.75,0.6778902510870247,0.8104988297736495,0.7869352727364791
40.775000000000006,0.678023067525079,0.8101895308889275,0.7869995383998725
40.8,0.6781559000361637,0.8098802162304669,0.787063821537906
40.825,0.6782887486076727,0.8095708858260899,0.7871281221618068
40.85,0.6784216132269104,0.8092615397036337,0.7871924402827145
40.875,0.6785544938810908,0.80895217789095,0.7872567759116819
40.900000000000006,0.6786873905573384,0.8086428004159062,0.7873211290596748
40.925,0.6788203032426884,0.8083334073063853,0.7873854997375731
40.95,0.6789532319240867,0.8080239985902865,0.7874498879561707
40.975,0.6790861765883903,0.8077145742955256,0.7875142937261755
41.0,0.6792191372223675,0.8074051344500353,0.7875787170582107
41.025,0.6793521138126979,0.8070956790817656,0.7876431579628141
41.050000000000004,0.6794851063459731,0.8067862082186843,0.7877076164504393
41.075,0.6796181148086966,0.8064767218887774,0.7877720925314553
41.1,0.6797511391872838,0.8061672201200492,0.7878365862161474
41.125,0.6798841794680628,0.8058577029405231,0.7879010975147172
41.15,0.6800172356372741,0.8055481703782416,0.7879656264372831
41.175000000000004,0.6801503076810711,0.8052386224612669,0.7880301729938805
41.2,0.6802833955855202,0.8049290592176813,0.7880947371944622
41.225,0.680416499336601,0.8046194806755874,0.7881593190488989
41.25,0.6805496189202066,0.8043098868631087,0.788223918566979
41.275,0.6806827543221439,0.8040002778083897,0.7882885357584095
41.300000000000004,0.6808159055281333,0.8036906535395965,0.788353170632816
41.325,0.6809490725238097,0.803381014084917,0.7884178231997429
41.35,0.6810822552947219,0.8030713594725615,0.7884824934686541
41.375,0.6812154538263334,0.8027616897307627,0.788547181448933
41.4,0.6813486681040223,0.8024520048877765,0.7886118871498831
41.425000000000004,0.6814818981130816,0.8021423049718819,0.7886766105807277
41.45,0.6816151438387194,0.8018325900113817,0.788741351750611
41.475,0.681748405266059,0.8015228600346028,0.7888061106685978
41.5,0.6818816823801392,0.8012131150698965,0.7888708873436742
41.525,0.6820149751659146,0.8009033551456386,0.7889356817847475
41.550000000000004,0.6821482836082554,0.8005935802902302,0.7890004940006468
41.575,0.6822816076919481,0.8002837905320979,0.7890653240001231
41.6,0.6824149474016953,0.7999739858996939,0.78913017179185
41.625,0.682548302722116,0.7996641664214968,0.7891950373844233
41.65,0.6826816736377459,0.7993543321260115,0.7892599207863619
41.675000000000004,0.6828150601330374,0.7990444830417694,0.7893248220061078
41.7,0.6829484621923599,0.7987346191973298,0.7893897410520263
41.725,0.6830818798000002,0.7984247406212789,0.7894546779324066
41.75,0.6832153129401621,0.7981148473422308,0.789519632655462
41.775,0.6833487615969671,0.797804939388828,0.7895846052293297
41.800000000000004,0.6834822257544543,0.7974950167897414,0.7896495956620718
41.825,0.6836157053965808,0.7971850795736706,0.7897146039616751
41.85,0.6837492005072218,0.7968751277693444,0.7897796301360515
41.875,0.6838827110701705,0.7965651614055212,0.7898446741930382
41.9,0.6840162370691387,0.7962551805109891,0.7899097361403982
41.925000000000004,0.6841497784877568,0.7959451851145661,0.7899748159858202
41.95,0.6842833353095739,0.7956351752451012,0.7900399137369194
41.975,0.6844169075180578,0.7953251509314736,0.7901050294012371
42.0,0.6845504950965958,0.7950151122025939,0.7901701629862414
42.025,0.6846840980284942,0.7947050590874041,0.7902353144993275
42.050000000000004,0.6848177162969786,0.7943949916148777,0.7903004839478176
42.075,0.6849513498851945,0.7940849098140204,0.7903656713389616
42.1,0.6850849987762069,0.7937748137138702,0.790430876679937
42.125,0.6852186629530008,0.7934647033434976,0.7904960999778491
42.15,0.6853523423984814,0.7931545787320065,0.7905613412397319
42.175000000000004,0.6854860370954738,0.7928444399085334,0.7906266004725474
42.2,0.6856197470267239,0.7925342869022489,0.7906918776831867
42.225,0.6857534721748978,0.7922241197423573,0.7907571728784696
42.25,0.6858872125225826,0.791913938458097,0.7908224860651453
42.275,0.6860209680522859,0.7916037430787409,0.7908878172498923
42.300000000000004,0.6861547387464366,0.7912935336335968,0.7909531664393191
42.325,0.6862885245873848,0.7909833101520073,0.7910185336399639
42.35,0.6864223255574016,0.7906730726633506,0.791083918858295
42.375,0.6865561416386798,0.7903628211970405,0.7911493221007114
42.4,0.6866899728133339,0.7900525557825266,0.7912147433735426
42.425000000000004,0.6868238190633998,0.789742276449295,0.7912801826830489
42.45,0.6869576803708358,0.7894319832268679,0.791345640035422
42.475,0.687091556717522,0.7891216761448049,0.7914111154367846
42.5,0.6872254480852605,0.7888113552327021,0.7914766088931912
42.525,0.6873593544557762,0.7885010205201934,0.7915421204106281
42.550000000000004,0.6874932758107162,0.7881906720369503,0.7916076499950137
42.575,0.6876272121316501,0.787880309812682,0.7916731976521982
42.6,0.6877611634000707,0.7875699338771363,0.791738763387965
42.625,0.6878951295973932,0.787259544260099,0.7918043472080296
42.65,0.6880291107049563,0.7869491409913953,0.7918699491180407
42.675000000000004,0.6881631067040217,0.7866387241008891,0.7919355691235799
42.7,0.6882971175757744,0.7863282936184837,0.7920012072301624
42.725,0.6884311433013228,0.7860178495741218,0.792066863443237
42.75,0.6885651838616992,0.7857073919977864,0.7921325377681859
42.775,0.6886992392378591,0.7853969209195003,0.7921982302103259
42.800000000000004,0.6888333094106824,0.7850864363693268,0.7922639407749072
42.825,0.6889673943609727,0.7847759383773701,0.7923296694671152
42.85,0.6891014940694576,0.7844654269737751,0.7923954162920694
42.875,0.6892356085167894,0.7841549021887279,0.7924611812548243
42.9,0.6893697376835445,0.7838443640524562,0.7925269643603694
42.925000000000004,0.6895038815502236,0.7835338125952295,0.7925927656136293
42.95,0.6896380400972524,0.7832232478473591,0.7926585850194644
42.975,0.6897722133049811,0.7829126698391987,0.7927244225826703
43.0,0.689906401153685,0.7826020786011446,0.7927902783079785
43.025,0.6900406036235642,0.7822914741636356,0.7928561522000569
43.050000000000004,0.6901748206947441,0.7819808565571539,0.7929220442635092
43.075,0.6903090523472754,0.7816702258122246,0.7929879545028756
43.1,0.6904432985611337,0.7813595819594166,0.7930538829226331
43.125,0.6905775593162208,0.7810489250293424,0.7931198295271953
43.15,0.6907118345923636,0.7807382550526588,0.7931857943209129
43.175000000000004,0.6908461243693149,0.7804275720600666,0.7932517773080736
43.2,0.6909804286267534,0.7801168760823114,0.7933177784929027
43.225,0.6911147473442836,0.7798061671501832,0.793383797879563
43.25,0.6912490805014363,0.7794954452945175,0.793449835472155
43.275,0.6913834280776683,0.7791847105461948,0.7935158912747169
43.300000000000004,0.6915177900523628,0.778873962936141,0.7935819652912253
43.325,0.6916521664048294,0.7785632024953281,0.793648057525595
43.35,0.6917865571143043,0.7782524292547737,0.7937141679816793
43.375,0.6919209621599502,0.7779416432455419,0.79378029666327
43.4,0.6920553815208568,0.7776308444987433,0.7938464435740978
43.425000000000004,0.6921898151760403,0.777320033045535,0.7939126087178324
43.45,0.6923242631044442,0.7770092089171211,0.7939787920980828
43.475,0.6924587252849389,0.7766983721447529,0.7940449937183969
43.5,0.6925932016963222,0.7763875227597292,0.7941112135822627
43.525,0.6927276923173189,0.7760766607933963,0.7941774516931074
43.550000000000004,0.6928621971265815,0.7757657862771484,0.7942437080542983
43.575,0.6929967161026896,0.7754548992424279,0.7943099826691428
43.6,0.693131249224151,0.7751439997207255,0.7943762755408882
43.625,0.6932657964694007,0.7748330877435802,0.7944425866727224
43.65,0.6934003578168016,0.7745221633425801,0.7945089160677736
43.675000000000004,0.6935349332446448,0.7742112265493621,0.794575263729111
43.7,0.6936695227311491,0.7739002773956125,0.7946416296597444
43.725,0.6938041262544616,0.7735893159130669,0.7947080138626245
43.75,0.6939387437926576,0.7732783421335107,0.7947744163406434
43.775,0.6940733753237407,0.772967356088779,0.7948408370966344
43.800000000000004,0.6942080208256428,0.7726563578107571,0.7949072761333725
43.825,0.6943426802762245,0.7723453473313808,0.794973733453574
43.85,0.6944773536532748,0.7720343246826362,0.7950402090598971
43.875,0.6946120409345117,0.7717232898965602,0.7951067029549421
43.9,0.6947467420975817,0.7714122430052409,0.7951732151412513
43.925000000000004,0.6948814571200603,0.7711011840408172,0.7952397456213091
43.95,0.695016185979452,0.7707901130354796,0.7953062943975425
43.975,0.6951509286531905,0.7704790300214704,0.795372861472321
44.0,0.6952856851186384,0.7701679350310835,0.7954394468479569
44.025,0.6954204553530878,0.7698568280966647,0.795506050526705
44.050000000000004,0.6955552393337601,0.7695457092506123,0.7955726725107635
44.075,0.695690037037806,0.7692345785253769,0.7956393128022734
44.1,0.6958248484423059,0.7689234359534619,0.7957059714033192
44.125,0.6959596735242698,0.7686122815674234,0.7957726483159289
44.15,0.6960945122606373,0.7683011153998707,0.7958393435420736
44.175000000000004,0.696229364628278,0.7679899374834661,0.7959060570836687
44.2,0.6963642306039911,0.7676787478509257,0.7959727889425731
44.225,0.696499110164506,0.767367546535019,0.7960395391205897
44.25,0.6966340032864822,0.7670563335685695,0.7961063076194655
44.275,0.6967689099465091,0.7667451089844548,0.796173094440892
44.300000000000004,0.6969038301211065,0.7664338728156066,0.7962398995865048
44.325,0.6970387637867244,0.7661226250950112,0.7963067230578841
44.35,0.6971737109197432,0.7658113658557094,0.7963735648565549
44.375,0.697308671496474,0.7655000951307971,0.7964404249839867
44.4,0.6974436454931582,0.765188812953425,0.7965073034415943
44.425000000000004,0.6975786328859679,0.7648775193567993,0.7965742002307372
44.45,0.6977136336510059,0.7645662143741813,0.7966411153527204
44.475,0.6978486477643059,0.764254898038888,0.7967080488087941
44.5,0.6979836752018324,0.7639435703842925,0.7967750006001537
44.525,0.6981187159394808,0.7636322314438236,0.7968419707279405
44.550000000000004,0.6982537699530778,0.7633208812509664,0.7969089591932412
44.575,0.6983888372183807,0.7630095198392624,0.7969759659970885
44.6,0.6985239177110786,0.7626981472423094,0.7970429911404611
44.625,0.6986590114067914,0.7623867634937624,0.7971100346242834
44.65,0.6987941182810706,0.762075368627333,0.7971770964494265
44.675000000000004,0.6989292383093989,0.76176396267679,0.7972441766167073
44.7,0.6990643714671907,0.7614525456759594,0.7973112751268895
44.725,0.6991995177297918,0.7611411176587249,0.797378391980683
44.75,0.6993346770724799,0.7608296786590277,0.7974455271787447
44.775,0.699469849470464,0.7605182287108668,0.797512680721678
44.800000000000004,0.6996050348988851,0.7602067678482994,0.7975798526100334
44.825,0.6997402333328163,0.7598952961054407,0.7976470428443082
44.85,0.6998754447472622,0.7595838135164643,0.797714251424947
44.875,0.7000106691171596,0.7592723201156025,0.7977814783523415
44.9,0.7001459064173774,0.7589608159371461,0.7978487236268307
44.925000000000004,0.7002811566227166,0.7586493010154451,0.7979159872487012
44.95,0.7004164197079105,0.7583377753849083,0.7979832692181871
44.975,0.7005516956476244,0.7580262390800038,0.7980505695354702
45.0,0.7006869844164564,0.7577146921352591,0.7981178882006799
45.025,0.7008222859889365,0.7574031345852615,0.7981852252138937
45.050000000000004,0.7009576003395275,0.7570915664646579,0.798252580575137
45.075,0.7010929274426247,0.756779987808155,0.7983199542843835
45.1,0.701228267272556,0.7564683986505198,0.7983873463415548
45.125,0.701363619803582,0.7561567990265795,0.798454756746521
45.15,0.7014989850098959,0.7558451889712217,0.7985221854991004
45.175000000000004,0.701634362865624,0.7555335685193946,0.79858963259906
45.2,0.7017697533448252,0.7552219377061071,0.7986570980461155
45.225,0.7019051564214914,0.7549102965664293,0.7987245818399312
45.25,0.7020405720695476,0.754598645135492,0.7987920839801201
45.275,0.7021760002628519,0.7542869834484875,0.7988596044662444
45.300000000000004,0.7023114409751953,0.7539753115406695,0.798927143297815
45.325,0.7024468941803023,0.7536636294473533,0.7989947004742921
45.35,0.7025823598518304,0.7533519372039158,0.7990622759950851
45.375,0.7027178379633705,0.7530402348457959,0.7991298698595526
45.4,0.7028533284884468,0.7527285224084943,0.7991974820670027
45.425000000000004,0.7029888314005173,0.7524167999275744,0.799265112616693
45.45,0.703124346672973,0.7521050674386616,0.7993327615078306
45.475,0.7032598742791386,0.7517933249774439,0.7994004287395724
45.5,0.7033954141922727,0.7514815725796721,0.7994681143110249
45.525,0.7035309663855672,0.7511698102811596,0.7995358182212448
45.550000000000004,0.703666530832148,0.7508580381177831,0.7996035404692382
45.575,0.7038021075050748,0.7505462561254821,0.7996712810539618
45.6,0.7039376963773407,0.7502344643402598,0.799739039974322
45.625,0.7040732974218733,0.7499226627981823,0.7998068172291758
45.65,0.7042089106115339,0.7496108515353799,0.7998746128173302
45.675000000000004,0.7043445359191178,0.7492990305880463,0.7999424267375427
45.7,0.7044801733173544,0.748987199992439,0.8000102589885213
45.725,0.7046158227789071,0.7486753597848799,0.8000781095689246
45.75,0.7047514842763738,0.7483635100017548,0.8001459784773617
45.775,0.7048871577822864,0.7480516506795141,0.8002138657123926
45.800000000000004,0.7050228432691111,0.7477397818546724,0.8002817712725281
45.825,0.7051585407092487,0.7474279035638091,0.8003496951562298
45.85,0.705294250075034,0.7471160158435682,0.8004176373619103
45.875,0.7054299713387366,0.7468041187306591,0.8004855978879333
45.9,0.7055657044725605,0.7464922122618557,0.8005535767326136
45.925000000000004,0.7057014494486441,0.7461802964739974,0.8006215738942173
45.95,0.7058372062390607,0.7458683714039889,0.8006895893709616
45.975,0.7059729748158179,0.7455564370888004,0.8007576231610152
46.0,0.7061087551508585,0.7452444935654677,0.8008256752624984
46.025,0.7062445472160597,0.7449325408710925,0.8008937456734827
46.050000000000004,0.7063803509832336,0.7446205790428423,0.8009618343919915
46.075,0.7065161664241273,0.7443086081179506,0.8010299414159998
46.1,0.7066519935104226,0.7439966281337173,0.8010980667434343
46.125,0.7067878322137365,0.7436846391275083,0.8011662103721735
46.15,0.706923682505621,0.7433726411367563,0.8012343723000478
46.175000000000004,0.7070595443575629,0.7430606341989604,0.8013025525248396
46.2,0.7071954177409844,0.7427486183516866,0.8013707510442835
46.225,0.7073313026272428,0.7424365936325675,0.8014389678560659
46.25,0.7074671989876306,0.742124560079303,0.8015072029578257
46.275,0.7076031067933755,0.7418125177296601,0.8015754563471539
46.300000000000004,0.7077390260156406,0.7415004666214727,0.8016437280215937
46.325,0.7078749566255245,0.7411884067926426,0.8017120179786409
46.35,0.7080108985940607,0.7408763382811389,0.8017803262157437
46.375,0.7081468518922188,0.7405642611249982,0.8018486527303028
46.4,0.7082828164909035,0.7402521753623252,0.8019169975196716
46.425000000000004,0.7084187923609552,0.7399400810312925,0.801985360581156
46.45,0.7085547794731497,0.7396279781701405,0.8020537419120147
46.475,0.7086907777981988,0.7393158668171779,0.8021221415094593
46.5,0.7088267873067495,0.7390037470107818,0.8021905593706539
46.525,0.7089628079693849,0.7386916187893976,0.802258995492716
46.550000000000004,0.7090988397566239,0.7383794821915395,0.8023274498727156
46.575,0.7092348826389209,0.73806733725579,0.8023959225076762
46.6,0.7093709365866664,0.7377551840208008,0.8024644133945741
46.625,0.7095070015701868,0.7374430225252921,0.8025329225303388
46.65,0.7096430775597443,0.7371308528080537,0.8026014499118532
46.675000000000004,0.7097791645255374,0.7368186749079441,0.8026699955359534
46.7,0.7099152624377002,0.7365064888638914,0.8027385593994287
46.725,0.7100513712663032,0.736194294714893,0.802807141499022
46.75,0.710187490981353,0.7358820925000157,0.8028757418314295
46.775,0.7103236215527923,0.7355698822583964,0.8029443603933011
46.800000000000004,0.7104597629504998,0.7352576640292413,0.8030129971812401
46.825,0.710595915144291,0.7349454378518268,0.8030816521918035
46.85,0.710732078103917,0.7346332037654992,0.803150325421502
46.875,0.7108682517990659,0.7343209618096751,0.8032190168668002
46.9,0.7110044361993616,0.7340087120238411,0.8032877265241162
46.925000000000004,0.7111406312743649,0.7336964544475544,0.8033564543898222
46.95,0.7112768369935727,0.7333841891204425,0.8034252004602441
46.975,0.7114130533264186,0.7330719160822036,0.803493964731662
47.0,0.7115492802422726,0.7327596353726067,0.8035627472003098
47.025,0.7116855177104413,0.7324473470314916,0.8036315478623757
47.050000000000004,0.7118217657001681,0.7321350510987691,0.8037003667140017
47.075,0.7119580241806328,0.7318227476144208,0.8037692037512842
47.1,0.7120942931209521,0.7315104366184997,0.8038380589702738
47.125,0.7122305724901793,0.7311981181511301,0.8039069323669754
47.15,0.7123668622573045,0.7308857922525076,0.803975823937348
47.175000000000004,0.7125031623912547,0.7305734589628994,0.8040447336773052
47.2,0.7126394728608936,0.7302611183226442,0.8041136615827149
47.225,0.712775793635022,0.7299487703721526,0.8041826076493995
47.25,0.7129121246823774,0.7296364151519068,0.804251571873136
47.275,0.7130484659716345,0.7293240527024613,0.8043205542496559
47.300000000000004,0.7131848174714047,0.7290116830644422,0.8043895547746451
47.325,0.7133211791502369,0.7286993062785482,0.8044585734437445
47.35,0.7134575509766165,0.7283869223855499,0.8045276102525494
47.375,0.7135939329189664,0.7280745314262906,0.80459666519661
47.400000000000006,0.7137303249456468,0.727762133441686,0.8046657382714313
47.425000000000004,0.7138667270249547,0.7274497284727243,0.804734829472473
47.45,0.7140031391251244,0.7271373165604662,0.8048039387951498
47.475,0.7141395612143276,0.7268248977460456,0.8048730662348312
47.5,0.7142759932606735,0.7265124720706693,0.8049422117868419
47.525000000000006,0.7144124352322081,0.7262000395756165,0.8050113754464613
47.550000000000004,0.7145488870969152,0.7258876003022403,0.805080557208924
47.575,0.714685348822716,0.7255751542919664,0.8051497570694197
47.6,0.7148218203774689,0.7252627015862941,0.8052189750230931
47.625,0.7149583017289699,0.7249502422267962,0.8052882110650442
47.650000000000006,0.7150947928449526,0.7246377762551187,0.8053574651903282
47.675000000000004,0.715231293693088,0.7243253037129814,0.8054267373939554
47.7,0.7153678042409849,0.7240128246421779,0.8054960276708916
47.725,0.7155043244561895,0.7237003390845753,0.8055653360160576
47.75,0.7156408543061857,0.723387847082115,0.80563466242433
47.775000000000006,0.7157773937583953,0.7230753486768121,0.8057040068905404
47.800000000000004,0.7159139427801776,0.7227628439107561,0.8057733694094761
47.825,0.7160505013388296,0.7224503328261103,0.8058427499758796
47.85,0.7161870694015864,0.7221378154651125,0.8059121485844492
47.875,0.7163236469356207,0.7218252918700749,0.8059815652298384
47.900000000000006,0.716460233908043,0.7215127620833843,0.8060509999066567
47.925000000000004,0.716596830285902,0.721200226147502,0.806120452609469
47.95,0.716733436036184,0.7208876841049638,0.8061899233327957
47.975,0.7168700511258135,0.7205751359983805,0.8062594120711132
48.0,0.7170066755216529,0.7202625818704376,0.8063289188188533
48.025000000000006,0.7171433091905025,0.7199500217638956,0.8063984435704037
48.050000000000004,0.717279952099101,0.7196374557215901,0.806467986320108
48.075,0.7174166042141249,0.7193248837864319,0.8065375470622653
48.1,0.717553265502189,0.7190123060014068,0.8066071257911308
48.125,0.7176899359298461,0.718699722409576,0.8066767225009156
48.150000000000006,0.7178266154635874,0.7183871330540764,0.8067463371857865
48.175000000000004,0.7179633040698421,0.71807453797812,0.8068159698398664
48.2,0.7181000017149779,0.7177619372249947,0.806885620457234
48.225,0.7182367083653006,0.7174493308380638,0.8069552890319243
48.25,0.7183734239870545,0.7171367188607666,0.8070249755579281
48.275000000000006,0.7185101485464221,0.716824101336618,0.8070946800291922
48.300000000000004,0.7186468820095244,0.7165114783092091,0.8071644024396197
48.325,0.7187836243424208,0.7161988498222069,0.8072341427830697
48.35,0.7189203755111091,0.7158862159193545,0.8073039010533575
48.375,0.7190571354815256,0.7155735766444713,0.8073736772442545
48.400000000000006,0.7191939042195452,0.7152609320414529,0.8074434713494882
48.425000000000004,0.7193306816909812,0.7149482821542713,0.8075132833627426
48.45,0.7194674678615858,0.7146356270269749,0.8075831132776579
48.475,0.7196042626970494,0.7143229667036887,0.8076529610878302
48.5,0.7197410661630012,0.7140103012286142,0.8077228267868124
48.525000000000006,0.7198778782250093,0.7136976306460298,0.8077927103681134
48.550000000000004,0.7200146988485802,0.7133849550002905,0.8078626118251987
48.575,0.7201515279991593,0.7130722743358284,0.80793253115149
48.6,0.7202883656421307,0.7127595886971524,0.8080024683403655
48.625,0.7204252117428175,0.7124468981288483,0.8080724233851597
48.650000000000006,0.7205620662664813,0.7121342026755793,0.8081423962791637
48.675000000000004,0.7206989291783229,0.7118215023820854,0.8082123870156251
48.7,0.7208358004434816,0.7115087972931843,0.808282395587748
48.725,0.7209726800270361,0.7111960874537708,0.8083524219886926
48.75,0.7211095678940036,0.7108833729088172,0.8084224662115763
48.775000000000006,0.7212464640093407,0.7105706537033734,0.8084925282494726
48.800000000000004,0.7213833683379427,0.7102579298825665,0.8085626080954118
48.825,0.7215202808446441,0.7099452014916018,0.8086327057423808
48.85,0.7216572014942186,0.709632468575762,0.808702821183323
48.875,0.7217941302513787,0.7093197311804077,0.8087729544111387
48.900000000000006,0.7219310670807763,0.7090069893509774,0.8088431054186845
48.925000000000004,0.7220680119470022,0.7086942431329875,0.8089132741987741
48.95,0.7222049648145867,0.7083814925720324,0.8089834607441776
48.975,0.7223419256479993,0.708068737713785,0.809053665047622
49.0,0.7224788944116484,0.7077559786039959,0.809123887101791
49.025000000000006,0.7226158710698821,0.7074432152884942,0.809194126899325
49.050000000000004,0.7227528555869878,0.7071304478131872,0.8092643844328213
49.075,0.7228898479271919,0.706817676224061,0.8093346596948341
49.1,0.7230268480546607,0.7065049005671796,0.8094049526778742
49.125,0.7231638559334994,0.706192120888686,0.8094752633744092
49.150000000000006,0.7233008715277529,0.7058793372348017,0.8095455917768639
49.175000000000004,0.7234378948014056,0.7055665496518267,0.8096159378776198
49.2,0.7235749257183814,0.7052537581861402,0.809686301669015
49.225,0.7237119642425436,0.7049409628841999,0.809756683143345
49.25,0.7238490103376951,0.7046281637925425,0.809827082292862
49.275000000000006,0.7239860639675786,0.7043153609577836,0.8098974991097752
49.300000000000004,0.7241231250958761,0.704002554426618,0.8099679335862505
49.325,0.7242601936862094,0.7036897442458194,0.8100383857144111
49.35,0.7243972697021401,0.7033769304622409,0.810108855486337
49.375,0.7245343531071694,0.7030641131228148,0.8101793428940655
49.400000000000006,0.7246714438647381,0.7027512922745527,0.8102498479295903
49.425000000000004,0.7248085419382271,0.7024384679645456,0.8103203705848628
49.45,0.7249456472909568,0.7021256402399637,0.8103909108517912
49.475,0.7250827598861875,0.7018128091480572,0.8104614687222405
49.5,0.7252198796871197,0.7014999747361556,0.8105320441880332
49.525000000000006,0.7253570066568932,0.7011871370516679,0.8106026372409485
49.550000000000004,0.7254941407585881,0.7008742961420831,0.810673247872723
49.575,0.7256312819552244,0.7005614520549699,0.8107438760750503
49.6,0.725768430209762,0.7002486048379767,0.810814521839581
49.625,0.725905585485101,0.699935754538832,0.8108851851579232
49.650000000000006,0.7260427477440813,0.6996229012053441,0.8109558660216416
49.675000000000004,0.7261799169494829,0.6993100448854015,0.8110265644222586
49.7,0.7263170930640261,0.6989971856269726,0.8110972803512534
49.725,0.7264542760503712,0.698684323478106,0.8111680138000625
49.75,0.7265914658711184,0.6983714584869308,0.8112387647600797
49.775000000000006,0.7267286624888087,0.698058590701656,0.8113095332226558
49.800000000000004,0.7268658658659228,0.697745720170571,0.8113803191790988
49.825,0.7270030759648819,0.6974328469420458,0.8114511226206743
49.85,0.7271402927480473,0.6971199710645306,0.8115219435386047
49.875,0.7272775161777206,0.6968070925865564,0.8115927819240699
49.900000000000006,0.727414746216144,0.6964942115567345,0.8116636377682069
49.925000000000004,0.7275519828254998,0.6961813280237571,0.81173451106211
49.95,0.727689225967911,0.6958684420363969,0.8118054017968309
49.975,0.7278264756054406,0.6955555536435073,0.8118763099633783
50.0,0.7279637317000924,0.6952426628940227,0.8119472355527185
50.025000000000006,0.7281009942138106,0.6949297698369582,0.812018178555775
50.050000000000004,0.7282382631084798,0.69461687452141,0.8120891389634284
50.075,0.7283755383459254,0.694303976996555,0.8121601167665168
50.1,0.728512819887913,0.6939910773116514,0.8122311119558355
50.125,0.7286501076961492,0.6936781755160384,0.8123021245221375
50.150000000000006,0.728787401732281,0.6933652716591362,0.8123731544561325
50.175000000000004,0.728924701957896,0.6930523657904465,0.812444201748488
50.2,0.729062008334523,0.6927394579595519,0.8125152663898287
50.225,0.7291993208236307,0.6924265482161166,0.8125863483707368
50.25,0.7293366393866293,0.692113636609886,0.8126574476817516
50.275000000000006,0.7294739639848695,0.6918007231906869,0.8127285643133699
50.300000000000004,0.7296112945796428,0.6914878080084276,0.8127996982560459
50.325,0.7297486311321815,0.6911748911130979,0.8128708495001912
50.35,0.7298859736036589,0.6908619725547693,0.8129420180361745
50.375,0.7300233219551893,0.6905490523835948,0.8130132038543223
50.400000000000006,0.7301606761478275,0.6902361306498089,0.8130844069449182
50.425000000000004,0.7302980361425699,0.6899232074037281,0.8131556272982033
50.45,0.7304354019003535,0.6896102826957506,0.8132268649043761
50.475,0.7305727733820563,0.6892973565763564,0.8132981197535925
50.5,0.7307101505484975,0.6889844290961072,0.8133693918359657
50.525000000000006,0.7308475333604376,0.6886715003056469,0.8134406811415665
50.550000000000004,0.7309849217785778,0.6883585702557012,0.8135119876604231
50.575,0.7311223157635607,0.6880456389970779,0.8135833113825208
50.6,0.73125971527597,0.6877327065806668,0.8136546522978028
50.625,0.7313971202763307,0.6874197730574396,0.8137260103961693
50.650000000000006,0.7315345307251092,0.6871068384784507,0.8137973856674783
50.675000000000004,0.7316719465827127,0.6867939028948361,0.8138687781015449
50.7,0.7318093678094902,0.6864809663578145,0.8139401876881419
50.725,0.7319467943657318,0.6861680289186868,0.8140116144169994
50.75,0.7320842262116691,0.685855090628836,0.814083058277805
50.775000000000006,0.732221663307475,0.6855421515397276,0.8141545192602037
50.800000000000004,0.7323591056132638,0.6852292117029098,0.8142259973537977
50.825,0.7324965530890915,0.684916271170013,0.8142974925481472
50.85,0.7326340056949552,0.6846033299927501,0.8143690048327693
50.875,0.732771463390794,0.6842903882229167,0.8144405341971389
50.900000000000006,0.7329089261364883,0.6839774459123908,0.8145120806306883
50.925000000000004,0.73304639389186,0.6836645031131335,0.814583644122807
50.95,0.7331838666166729,0.6833515598771881,0.8146552246628423
50.975,0.7333213442706323,0.6830386162566808,0.8147268222400987
51.0,0.7334588268133854,0.6827256723038208,0.8147984368438383
51.025000000000006,0.7335963142045206,0.6824127280708997,0.8148700684632806
51.050000000000004,0.7337338064035687,0.6820997836102923,0.8149417170876024
51.075,0.7338713033700017,0.6817868389744562,0.8150133827059383
51.1,0.7340088050632341,0.6814738942159319,0.8150850653073799
51.125,0.7341463114426215,0.6811609493873427,0.8151567648809767
51.150000000000006,0.734283822467462,0.6808480045413954,0.8152284814157352
51.175000000000004,0.7344213380969953,0.6805350597308795,0.8153002149006199
51.2,0.7345588582904031,0.6802221150086676,0.8153719653245524
51.225,0.7346963830068092,0.6799091704277155,0.8154437326764117
51.25,0.7348339122052792,0.6795962260410623,0.8155155169450343
51.275000000000006,0.7349714458448209,0.6792832819018301,0.8155873181192144
51.300000000000004,0.7351089838843843,0.6789703380632243,0.8156591361877032
51.325,0.7352465262828612,0.6786573945785337,0.8157309711392099
51.35,0.7353840729990859,0.6783444515011303,0.8158028229624007
51.375,0.7355216239918347,0.6780315088844696,0.8158746916458993
51.400000000000006,0.7356591792198262,0.6777185667820903,0.815946577178287
51.425000000000004,0.7357967386417209,0.6774056252476146,0.8160184795481025
51.45,0.7359343022161222,0.6770926843347482,0.8160903987438418
51.475,0.7360718699015754,0.6767797440972804,0.8161623347539585
51.5,0.7362094416565681,0.6764668045890838,0.8162342875668636
51.525000000000006,0.7363470174395306,0.6761538658641147,0.8163062571709254
51.550000000000004,0.7364845972088354,0.6758409279764132,0.8163782435544699
51.575,0.7366221809227976,0.6755279909801025,0.81645024670578
51.6,0.7367597685396746,0.6752150549293899,0.8165222666130967
51.625,0.7368973600176665,0.6749021198785664,0.8165943032646179
51.650000000000006,0.7370349553149158,0.6745891858820066,0.8166663566484993
51.675000000000004,0.7371725543895078,0.6742762529941687,0.8167384267528536
51.7,0.7373101571994702,0.6739633212695951,0.8168105135657512
51.725,0.7374477637027735,0.6736503907629118,0.8168826170752199
51.75,0.7375853738573309,0.6733374615288286,0.8169547372692447
51.775000000000006,0.7377229876209983,0.6730245336221391,0.8170268741357682
51.800000000000004,0.7378606049515744,0.6727116070977212,0.8170990276626904
51.825,0.7379982258068006,0.6723986820105363,0.8171711978378685
51.85,0.7381358501443613,0.6720857584156302,0.8172433846491173
51.875,0.7382734779218837,0.6717728363681325,0.8173155880842088
51.900000000000006,0.7384111090969379,0.6714599159232566,0.8173878081308724
51.925000000000004,0.7385487436270368,0.6711469971363004,0.8174600447767951
51.95,0.7386863814696367,0.6708340800626457,0.817532298009621
51.975,0.7388240225821365,0.6705211647577581,0.8176045678169517
52.0,0.7389616669218784,0.670208251277188,0.8176768541863461
52.025000000000006,0.7390993144461474,0.6698953396765693,0.8177491571053205
52.050000000000004,0.7392369651121721,0.6695824300116207,0.8178214765613485
52.075,0.7393746188771237,0.6692695223381446,0.8178938125418612
52.1,0.7395122756981173,0.6689566167120281,0.8179661650342468
52.125,0.7396499355322105,0.6686437131892422,0.8180385340258509
52.150000000000006,0.7397875983364046,0.6683308118258424,0.8181109195039766
52.175000000000004,0.7399252640676443,0.6680179126779684,0.8181833214558842
52.2,0.7400629326828172,0.6677050158018444,0.8182557398687913
52.225,0.7402006041387548,0.6673921212537789,0.8183281747298728
52.25,0.7403382783922317,0.6670792290901648,0.8184006260262611
52.275000000000006,0.7404759553999659,0.6667663393674794,0.8184730937450455
52.300000000000004,0.7406136351186193,0.6664534521422845,0.8185455778732731
52.325,0.7407513175047971,0.6661405674712262,0.8186180783979479
52.35,0.7408890025150479,0.6658276854110352,0.8186905953060313
52.375,0.7410266901058641,0.6655148060185269,0.8187631285844421
52.400000000000006,0.7411643802336819,0.6652019293506007,0.8188356782200562
52.425000000000004,0.7413020728548809,0.6648890554642413,0.8189082441997069
52.45,0.7414397679257847,0.6645761844165172,0.8189808265101846
52.475,0.7415774654026603,0.6642633162645821,0.8190534251382371
52.5,0.741715165241719,0.663950451065674,0.8191260400705694
52.525000000000006,0.7418528673991155,0.6636375888771155,0.8191986712938438
52.550000000000004,0.7419905718309487,0.6633247297563141,0.8192713187946796
52.575,0.7421282784932614,0.6630118737607616,0.8193439825596537
52.6,0.74226598734204,0.6626990209480349,0.8194166625752999
52.625,0.7424036983332153,0.6623861713757954,0.8194893588281092
52.650000000000006,0.7425414114226621,0.6620733251017891,0.8195620713045302
52.675000000000004,0.742679126566199,0.6617604821838469,0.8196347999909682
52.7,0.7428168437195892,0.6614476426798844,0.8197075448737862
52.725,0.7429545628385397,0.6611348066479021,0.8197803059393038
52.75,0.7430922838787017,0.6608219741459853,0.8198530831737983
52.775000000000006,0.743230006795671,0.6605091452323038,0.8199258765635039
52.800000000000004,0.7433677315449871,0.6601963199651124,0.819998686094612
52.825,0.7435054580821345,0.659883498402751,0.8200715117532712
52.85,0.7436431863625417,0.6595706806036439,0.8201443535255872
52.875,0.7437809163415815,0.6592578666263006,0.8202172113976229
52.900000000000006,0.7439186479745714,0.6589450565293153,0.8202900853553984
52.925000000000004,0.7440563812167733,0.6586322503713673,0.8203629753848906
52.95,0.7441941160233936,0.6583194482112206,0.8204358814720338
52.975,0.7443318523495833,0.6580066501077241,0.8205088036027195
53.0,0.7444695901504381,0.6576938561198118,0.820581741762796
53.025000000000006,0.7446073293809984,0.6573810663065026,0.8206546959380688
53.050000000000004,0.744745069996249,0.6570682807269004,0.8207276661143008
53.075,0.7448828119511198,0.656755499440194,0.8208006522772116
53.1,0.7450205552004854,0.6564427225056572,0.8208736544124778
53.125,0.745158299699165,0.6561299499826487,0.8209466725057335
53.150000000000006,0.7452960454019231,0.6558171819306126,0.8210197065425694
53.175000000000004,0.7454337922634686,0.6555044184090774,0.8210927565085335
53.2,0.7455715402384558,0.6551916594776571,0.8211658223891309
53.225,0.7457092892814838,0.6548789051960506,0.8212389041698236
53.25,0.745847039347097,0.6545661556240419,0.8213120018360305
53.275000000000006,0.7459847903897844,0.6542534108214998,0.8213851153731276
53.300000000000004,0.7461225423639806,0.6539406708483785,0.8214582447664482
53.325,0.7462602952240651,0.6536279357647171,0.8215313900012823
53.35,0.7463980489243629,0.6533152056306398,0.8216045510628767
53.375,0.746535803419144,0.653002480506356,0.8216777279364356
53.400000000000006,0.746673558662624,0.65268976045216,0.82175092060712
53.425000000000004,0.7468113146089636,0.6523770455284313,0.8218241290600478
53.45,0.746949071212269,0.6520643357956346,0.8218973532802939
53.475,0.7470868284265918,0.6517516313143196,0.8219705932528901
53.5,0.7472245862059292,0.651438932145121,0.8220438489628253
53.525000000000006,0.747362344504224,0.651126238348759,0.8221171203950453
53.550000000000004,0.7475001032753644,0.6508135499860386,0.8221904075344524
53.575,0.7476378624731844,0.6505008671178499,0.8222637103659064
53.6,0.7477756220514635,0.6501881898051686,0.8223370288742237
53.625,0.7479133819639272,0.649875518109055,0.8224103630441776
53.650000000000006,0.7480511421642465,0.6495628520906548,0.8224837128604983
53.675000000000004,0.7481889026060384,0.6492501918111989,0.8225570783078728
53.7,0.7483266632428657,0.6489375373320033,0.8226304593709454
53.725,0.7484644240282371,0.6486248887144691,0.8227038560343166
53.75,0.7486021849156074,0.6483122460200826,0.8227772682825442
53.775000000000006,0.7487399458583771,0.6479996093104154,0.8228506961001426
53.800000000000004,0.7488777068098932,0.6476869786471241,0.8229241394715833
53.825,0.7490154677234485,0.6473743540919504,0.8229975983812943
53.85,0.7491532285522821,0.6470617357067214,0.8230710728136605
53.875,0.749290989249579,0.6467491235533491,0.823144562753024
53.900000000000006,0.749428749768471,0.646436517693831,0.8232180681836829
53.925000000000004,0.7495665100620356,0.6461239181902495,0.823291589089893
53.95,0.7497042700832971,0.6458113251047722,0.823365125455866
53.975,0.7498420297852261,0.645498738499652,0.8234386772657711
54.0,0.7499797891207395,0.6451861584372268,0.823512244503734
54.025000000000006,0.7501175480427008,0.6448735849799199,0.8235858271538368
54.050000000000004,0.7502553065039201,0.6445610181902395,0.8236594252001188
54.075,0.750393064457154,0.6442484581307791,0.8237330386265759
54.1,0.7505308218551059,0.6439359048642175,0.8238066674171606
54.125,0.7506685786504257,0.6436233584533182,0.8238803115557822
54.150000000000006,0.7508063347957101,0.6433108189609303,0.8239539710263069
54.175000000000004,0.7509440902435027,0.642998286449988,0.8240276458125572
54.2,0.7510818449462939,0.6426857609835104,0.8241013358983125
54.225,0.751219598856521,0.6423732426246019,0.8241750412673089
54.25,0.7513573519265683,0.642060731436452,0.824248761903239
54.275000000000006,0.751495104108767,0.6417482274823355,0.8243224977897524
54.300000000000004,0.7516328553553954,0.641435730825612,0.824396248910455
54.325,0.7517706056186789,0.6411232415297266,0.8244700152489095
54.35,0.7519083548507902,0.6408107596582091,0.8245437967886351
54.375,0.752046103003849,0.6404982852746748,0.8246175935131078
54.400000000000006,0.7521838500299224,0.6401858184428237,0.8246914054057601
54.425000000000004,0.7523215958810249,0.6398733592264414,0.8247652324499811
54.45,0.7524593405091181,0.6395609076893981,0.8248390746291165
54.475,0.7525970838661113,0.6392484638956494,0.8249129319264688
54.5,0.7527348259038612,0.6389360279092359,0.8249868043252966
54.525000000000006,0.7528725665741719,0.6386235997942831,0.8250606918088155
54.550000000000004,0.7530103058287952,0.6383111796150017,0.8251345943601974
54.575,0.7531480436194307,0.6379987674356876,0.8252085119625711
54.6,0.7532857798977253,0.6376863633207214,0.8252824445990213
54.625,0.753423514615274,0.6373739673345689,0.8253563922525899
54.650000000000006,0.7535612477236195,0.6370615795417809,0.825430354906275
54.675000000000004,0.7536989791742523,0.6367492000069933,0.8255043325430311
54.7,0.753836708918611,0.6364368287949268,0.8255783251457695
54.725,0.7539744369080819,0.6361244659703873,0.8256523326973577
54.75,0.7541121630939994,0.6358121115982655,0.8257263551806199
54.775000000000006,0.7542498874276462,0.6354997657435371,0.8258003925783367
54.800000000000004,0.7543876098602529,0.6351874284712627,0.8258744448732451
54.825,0.7545253303429983,0.6348750998465882,0.8259485120480387
54.85,0.7546630488270096,0.6345627799347439,0.8260225940853674
54.875,0.7548007652633623,0.6342504688010452,0.8260966909678376
54.900000000000006,0.75493847960308,0.6339381665108925,0.8261708026780121
54.925000000000004,0.7550761917971351,0.6336258731297711,0.8262449291984103
54.95,0.7552139017964483,0.633313588723251,0.8263190705115077
54.975,0.7553516095518887,0.6330013133569872,0.8263932265997364
55.0,0.7554893150142743,0.6326890470967194,0.8264673974454848
55.025000000000006,0.7556270181343714,0.6323767900082721,0.8265415830310979
55.050000000000004,0.7557647188628953,0.6320645421575548,0.8266157833388769
55.075,0.75590241715051,0.6317523036105617,0.8266899983510793
55.1,0.7560401129478281,0.6314400744333717,0.8267642280499191
55.125,0.7561778062054115,0.6311278546921486,0.8268384724175666
55.150000000000006,0.7563154968737708,0.6308156444531409,0.8269127314361484
55.175000000000004,0.7564531849033654,0.6305034437826816,0.8269870050877476
55.2,0.7565908702446044,0.6301912527471888,0.8270612933544034
55.225,0.7567285528478452,0.6298790714131648,0.8271355962181114
55.25,0.7568662326633951,0.629566899847197,0.8272099136608235
55.275000000000006,0.7570039096415102,0.6292547381159573,0.827284245664448
55.300000000000004,0.7571415837323962,0.6289425862862021,0.8273585922108494
55.325,0.7572792548862077,0.6286304444247727,0.8274329532818484
55.35,0.7574169230530494,0.6283183125985945,0.8275073288592222
55.375,0.757554588182975,0.628006190874678,0.827581718924704
55.400000000000006,0.757692250225988,0.627694079320118,0.8276561234599834
55.425000000000004,0.7578299091320412,0.6273819780020938,0.8277305424467063
55.45,0.7579675648510374,0.6270698869878694,0.8278049758664747
55.475,0.7581052173328291,0.6267578063447928,0.8278794237008471
55.5,0.7582428665272184,0.6264457361402971,0.8279538859313379
55.525000000000006,0.7583805123839574,0.6261336764418994,0.8280283625394178
55.550000000000004,0.7585181548527481,0.6258216273172015,0.8281028535065138
55.575,0.7586557938832424,0.6255095888338892,0.8281773588140091
55.6,0.7587934294250426,0.625197561059733,0.828251878443243
55.625,0.7589310614277006,0.6248855440625878,0.828326412375511
55.650000000000006,0.7590686898407188,0.6245735379103925,0.8284009605920648
55.675000000000004,0.7592063146135499,0.6242615426711705,0.8284755230741124
55.7,0.7593439356955967,0.6239495584130296,0.8285500998028178
55.725,0.7594815530362123,0.6236375852041615,0.8286246907593011
55.75,0.7596191665847006,0.6233256231128423,0.8286992959246388
55.775000000000006,0.7597567762903158,0.6230136722074324,0.8287739152798631
55.800000000000004,0.7598943821022625,0.6227017325563763,0.8288485488059628
55.825,0.7600319839696961,0.6223898042282024,0.8289231964838827
55.85,0.7601695818417228,0.6220778872915237,0.8289978582945234
55.875,0.7603071756673995,0.6217659818150368,0.829072534218742
55.900000000000006,0.7604447653957337,0.6214540878675227,0.8291472242373515
55.925000000000004,0.7605823509756842,0.6211422055178462,0.8292219283311212
55.95,0.7607199323561603,0.6208303348349561,0.8292966464807761
55.975,0.7608575094860227,0.6205184758878854,0.8293713786669975
56.0,0.7609950823140831,0.6202066287457509,0.8294461248704229
56.025000000000006,0.7611326507891043,0.6198947934777533,0.8295208850716457
56.050000000000004,0.7612702148598004,0.6195829701531772,0.8295956592512153
56.075,0.7614077744748368,0.6192711588413911,0.8296704473896372
56.1,0.76154532958283,0.6189593596118471,0.8297452494673733
56.125,0.7616828801323485,0.6186475725340815,0.8298200654648409
56.150000000000006,0.7618204260719119,0.6183357976777141,0.8298948953624138
56.175000000000004,0.7619579673499913,0.6180240351124483,0.8299697391404216
56.2,0.7620955039150098,0.6177122849080714,0.8300445967791501
56.225,0.762233035715342,0.6174005471344544,0.8301194682588409
56.25,0.7623705626993141,0.6170888218615517,0.8301943535596916
56.275000000000006,0.7625080848152046,0.6167771091594014,0.8302692526618561
56.300000000000004,0.7626456020112435,0.6164654090981254,0.830344165545444
56.325,0.7627831142356131,0.6161537217479288,0.830419092190521
56.35,0.7629206214364475,0.6158420471791003,0.8304940325771086
56.375,0.7630581235618331,0.6155303854620121,0.8305689866851846
56.400000000000006,0.7631956205598086,0.6152187366671199,0.8306439544946825
56.425000000000004,0.7633331123783649,0.6149071008649626,0.8307189359854918
56.45,0.763470598965445,0.6145954781261626,0.8307939311374581
56.475,0.7636080802689447,0.6142838685214255,0.8308689399303828
56.5,0.763745556236712,0.6139722721215402,0.8309439623440232
56.525000000000006,0.7638830268165477,0.6136606889973789,0.8310189983580927
56.550000000000004,0.7640204919562052,0.6133491192198971,0.8310940479522604
56.575,0.7641579516033905,0.6130375628601333,0.8311691111061517
56.6,0.7642954057057624,0.6127260199892093,0.8312441877993474
56.625,0.7644328542109324,0.6124144906783298,0.8313192780113847
56.650000000000006,0.7645702970664655,0.6121029749987825,0.8313943817217565
56.675000000000004,0.7647077342198791,0.6117914730219385,0.8314694989099116
56.7,0.764845165618644,0.6114799848192514,0.8315446295552547
56.725,0.764982591210184,0.6111685104622581,0.8316197736371462
56.75,0.7651200109418762,0.6108570500225782,0.8316949311349029
56.775000000000006,0.7652574247610511,0.6105456035719142,0.831770102027797
56.800000000000004,0.7653948326149924,0.6102341711820516,0.8318452862950567
56.825,0.7655322344509375,0.6099227529248583,0.8319204839158661
56.85,0.7656696302160771,0.6096113488722852,0.8319956948693654
56.875,0.7658070198575556,0.6092999590963658,0.8320709191346503
56.900000000000006,0.765944403322471,0.6089885836692163,0.8321461566907723
56.925000000000004,0.7660817805578752,0.6086772226630354,0.8322214075167392
56.95,0.7662191515107739,0.6083658761501045,0.8322966715915143
56.975,0.7663565161281267,0.6080545442027875,0.8323719488940169
57.0,0.7664938743568472,0.6077432268935306,0.832447239403122
57.025000000000006,0.7666312261438031,0.6074319242948625,0.8325225430976607
57.050000000000004,0.766768571435816,0.6071206364793945,0.8325978599564197
57.075,0.7669059101796621,0.60680936351982,0.8326731899581413
57.1,0.7670432423220718,0.6064981054889147,0.8327485330815243
57.125,0.7671805678097297,0.6061868624595368,0.8328238893052227
57.150000000000006,0.767317886589275,0.6058756345046263,0.8328992586078465
57.175000000000004,0.7674551986073016,0.6055644216972058,0.8329746409679617
57.2,0.7675925038103577,0.6052532241103796,0.8330500363640899
57.225,0.7677298021449463,0.6049420418173344,0.8331254447747086
57.25,0.7678670935575255,0.6046308748913385,0.8332008661782511
57.275000000000006,0.7680043779945077,0.6043197234057427,0.8332763005531063
57.300000000000004,0.7681416554022608,0.6040085874339793,0.8333517478776192
57.325,0.7682789257271072,0.6036974670495627,0.8334272081300904
57.35,0.7684161889153249,0.6033863623260891,0.8335026812887765
57.375,0.7685534449131468,0.6030752733372362,0.8335781673318895
57.400000000000006,0.7686906936667611,0.6027642001567638,0.8336536662375976
57.425000000000004,0.7688279351223114,0.6024531428585131,0.8337291779840246
57.45,0.7689651692258967,0.6021421015164072,0.8338047025492499
57.475,0.7691023959235715,0.6018310762044505,0.833880239911309
57.5,0.7692396151613461,0.601520066996729,0.8339557900481931
57.525000000000006,0.769376826885186,0.6012090739674102,0.834031352937849
57.550000000000004,0.769514031041013,0.6008980971907429,0.8341069285581794
57.575,0.7696512275747045,0.6005871367410576,0.8341825168870427
57.6,0.7697884164320937,0.6002761926927656,0.8342581179022531
57.625,0.7699255975589702,0.5999652651203599,0.8343337315815808
57.650000000000006,0.7700627709010792,0.5996543540984145,0.8344093579027512
57.675000000000004,0.7701999364041225,0.5993434597015846,0.834484996843446
57.7,0.770337094013758,0.5990325820046065,0.8345606483813024
57.725,0.7704742436756,0.5987217210822975,0.8346363124939135
57.75,0.7706113853352191,0.598410877009556,0.8347119891588278
57.775000000000006,0.7707485189381426,0.5981000498613611,0.8347876783535502
57.800000000000004,0.7708856444298542,0.597789239712773,0.8348633800555406
57.825,0.7710227617557947,0.5974784466389327,0.8349390942422154
57.85,0.7711598708613612,0.5971676707150618,0.835014820890946
57.875,0.771296971691908,0.5968569120164628,0.8350905599790602
57.900000000000006,0.7714340641927463,0.5965461706185188,0.8351663114838412
57.925000000000004,0.7715711483091442,0.5962354465966933,0.835242075382528
57.95,0.7717082239863271,0.5959247400265305,0.8353178516523155
57.975,0.7718452911694775,0.5956140509836552,0.8353936402703541
58.0,0.7719823498037353,0.5953033795437724,0.8354694412137501
58.025000000000006,0.7721193998341976,0.5949927257826676,0.8355452544595656
58.050000000000004,0.7722564412059194,0.5946820897762065,0.8356210799848183
58.075,0.7723934738639129,0.5943714716003351,0.8356969177664817
58.1,0.772530497753148,0.5940608713310795,0.8357727677814851
58.125,0.7726675128185525,0.5937502890445461,0.8358486300067136
58.150000000000006,0.772804519005012,0.5934397248169211,0.8359245044190079
58.175000000000004,0.77294151625737,0.5931291787244709,0.8360003909951645
58.2,0.7730785045204279,0.5928186508435418,0.8360762897119358
58.225,0.7732154837389457,0.5925081412505598,0.8361522005460298
58.25,0.7733524538576408,0.5921976500220311,0.8362281234741101
58.275000000000006,0.7734894148211897,0.5918871772345411,0.8363040584727964
58.300000000000004,0.7736263665742268,0.5915767229647553,0.836380005518664
58.325,0.7737633090613452,0.5912662872894188,0.8364559645882438
58.35,0.7739002422270963,0.590955870285356,0.8365319356580226
58.375,0.7740371660159906,0.590645472029471,0.8366079187044431
58.400000000000006,0.7741740803724969,0.5903350925987474,0.8366839137039035
58.425000000000004,0.7743109852410432,0.5900247320702479,0.836759920632758
58.45,0.7744478805660163,0.5897143905211145,0.8368359394673163
58.475,0.774584766291762,0.5894040680285688,0.8369119701838441
58.5,0.7747216423625852,0.5890937646699113,0.8369880127585627
58.525000000000006,0.7748585087227502,0.5887834805225215,0.8370640671676494
58.550000000000004,0.7749953653164804,0.5884732156638582,0.837140133387237
58.575,0.7751322120879588,0.588162970171459,0.8372162113934143
58.6,0.7752690489813278,0.5878527441229404,0.8372923011622256
58.625,0.7754058759406894,0.5875425375959977,0.8373684026696714
58.650000000000006,0.7755426929101055,0.5872323506684051,0.8374445158917075
58.675000000000004,0.7756794998335974,0.5869221834180153,0.8375206408042459
58.7,0.7758162966551466,0.5866120359227598,0.8375967773831542
58.725,0.7759530833186945,0.5863019082606485,0.8376729256042558
58.75,0.7760898597681426,0.58599180050977,0.8377490854433298
58.775000000000006,0.7762266259473525,0.585681712748291,0.8378252568761114
58.800000000000004,0.7763633818001461,0.5853716450544567,0.8379014398782914
58.825,0.7765001272703057,0.5850615975065907,0.8379776344255162
58.85,0.7766368623015742,0.5847515701830946,0.8380538404933884
58.875,0.776773586837655,0.5844415631624483,0.8381300580574662
58.900000000000006,0.7769103008222118,0.5841315765232096,0.8382062870932637
58.925000000000004,0.7770470041988696,0.5838216103440143,0.8382825275762509
58.95,0.777183696911214,0.5835116647035761,0.8383587794818533
58.975,0.7773203789027916,0.5832017396806866,0.8384350427854527
59.0,0.77745705011711,0.5828918353542152,0.8385113174623863
59.025000000000006,0.777593710497638,0.5825819518031088,0.8385876034879474
59.050000000000004,0.7777303599878058,0.5822720891063922,0.8386639008373851
59.075,0.7778669985310048,0.5819622473431675,0.8387402094859043
59.1,0.7780036260705879,0.5816524265926143,0.838816529408666
59.125,0.7781402425498696,0.5813426269339896,0.8388928605807867
59.150000000000006,0.7782768479121259,0.5810328484466278,0.8389692029773389
59.175000000000004,0.7784134421005948,0.5807230912099405,0.8390455565733511
59.2,0.7785500250584761,0.5804133553034163,0.8391219213438076
59.225,0.7786865967289315,0.5801036408066211,0.8391982972636485
59.25,0.7788231570550848,0.5797939477991977,0.8392746843077699
59.275000000000006,0.7789597059800218,0.5794842763608657,0.8393510824510237
59.300000000000004,0.7790962434467911,0.5791746265714218,0.839427491668218
59.325,0.7792327693984029,0.5788649985107392,0.8395039119341163
59.35,0.7793692837778307,0.5785553922587681,0.8395803432234386
59.375,0.7795057865280098,0.5782458078955349,0.8396567855108603
59.400000000000006,0.7796422775918389,0.577936245501143,0.8397332387710131
59.425000000000004,0.779778756912179,0.5776267051557719,0.8398097029784846
59.45,0.7799152244318543,0.5773171869396774,0.8398861781078181
59.475,0.7800516800936518,0.5770076909331919,0.8399626641335131
59.5,0.7801881238403217,0.5766982172167239,0.8400391610300249
59.525000000000006,0.7803245556145773,0.5763887658707578,0.8401156687717649
59.550000000000004,0.7804609753590953,0.5760793369758545,0.8401921873331005
59.575,0.7805973830165159,0.5757699306126502,0.840268716688355
59.6,0.7807337785294427,0.5754605468618577,0.8403452568118076
59.625,0.780870161840443,0.5751511858042648,0.8404218076776937
59.650000000000006,0.7810065328920479,0.5748418475207359,0.8404983692602046
59.675000000000004,0.7811428916267522,0.5745325320922102,0.8405749415334878
59.7,0.7812792379870148,0.574223239599703,0.8406515244716465
59.725,0.7814155719152586,0.5739139701243048,0.8407281180487401
59.75,0.7815518933538705,0.5736047237471814,0.8408047222387842
59.775000000000006,0.7816882022452021,0.5732955005495741,0.8408813370157502
59.800000000000004,0.7818244985315689,0.5729863006127992,0.8409579623535657
59.825,0.7819607821552512,0.5726771240182482,0.8410345982261145
59.85,0.782097053058494,0.5723679708473878,0.8411112446072362
59.875,0.7822333111835066,0.5720588411817592,0.8411879014707266
59.900000000000006,0.7823695564724635,0.5717497351029788,0.8412645687903378
59.925000000000004,0.782505788867504,0.5714406526927376,0.8413412465397779
59.95,0.7826420083107324,0.5711315940328013,0.841417934692711
59.975,0.7827782147442183,0.5708225592050103,0.8414946332227573
60.0,0.7829144081099964,0.5705135482912794,0.8415713421034935
